/home/leon-gold/jepa/kinetics-dataset/k400_targz/train/part_52/D3XDpPzpEYo_000190_000200.mp4,259
/home/leon-gold/jepa/kinetics-dataset/k400_targz/train/part_52/D9cfIFXLRGM_000004_000014.mp4,269
/home/leon-gold/jepa/kinetics-dataset/k400_targz/train/part_52/D3J-sYsnHPM_000000_000010.mp4,119
/home/leon-gold/jepa/kinetics-dataset/k400_targz/train/part_52/DGc2gqqP3uc_000064_000074.mp4,200
/home/leon-gold/jepa/kinetics-dataset/k400_targz/train/part_52/D37ffI0AR10_000025_000035.mp4,302
/home/leon-gold/jepa/kinetics-dataset/k400_targz/train/part_52/D9NvWAP8KJI_000030_000040.mp4,198
/home/leon-gold/jepa/kinetics-dataset/k400_targz/train/part_52/D8_ESHZCs3A_000000_000010.mp4,49
/home/leon-gold/jepa/kinetics-dataset/k400_targz/train/part_52/DG2KUPBWRb8_000151_000161.mp4,39
/home/leon-gold/jepa/kinetics-dataset/k400_targz/train/part_52/D7pkRSKWRxs_000004_000014.mp4,307
/home/leon-gold/jepa/kinetics-dataset/k400_targz/train/part_52/D64vciUdx4A_000053_000063.mp4,75
/home/leon-gold/jepa/kinetics-dataset/k400_targz/train/part_52/D53mh3_yC7M_000004_000014.mp4,93
/home/leon-gold/jepa/kinetics-dataset/k400_targz/train/part_52/DGZVhvjB_DA_000233_000243.mp4,214
/home/leon-gold/jepa/kinetics-dataset/k400_targz/train/part_52/DBnjYCfCm3M_000004_000014.mp4,83
/home/leon-gold/jepa/kinetics-dataset/k400_targz/train/part_52/D8yPoGMuRXE_000102_000112.mp4,292
/home/leon-gold/jepa/kinetics-dataset/k400_targz/train/part_52/DCB4VfCFIX4_000014_000024.mp4,75
/home/leon-gold/jepa/kinetics-dataset/k400_targz/train/part_52/DCPGEStQ12o_000080_000090.mp4,142
/home/leon-gold/jepa/kinetics-dataset/k400_targz/train/part_52/DGNGXr9nUH4_000012_000022.mp4,207
/home/leon-gold/jepa/kinetics-dataset/k400_targz/train/part_52/D7CNZ2qOjUs_000049_000059.mp4,124
/home/leon-gold/jepa/kinetics-dataset/k400_targz/train/part_52/D2JXS_hBjgU_000074_000084.mp4,113
/home/leon-gold/jepa/kinetics-dataset/k400_targz/train/part_52/DB3GtER3xYQ_000244_000254.mp4,227
/home/leon-gold/jepa/kinetics-dataset/k400_targz/train/part_52/D9LwbbpzHTU_000004_000014.mp4,325
/home/leon-gold/jepa/kinetics-dataset/k400_targz/train/part_52/D4iOgUFT5LQ_000057_000067.mp4,221
/home/leon-gold/jepa/kinetics-dataset/k400_targz/train/part_52/D4XZLGIHIVk_000005_000015.mp4,233
/home/leon-gold/jepa/kinetics-dataset/k400_targz/train/part_52/D1eIddp5d74_000037_000047.mp4,24
/home/leon-gold/jepa/kinetics-dataset/k400_targz/train/part_52/DABqZfZHKhs_000151_000161.mp4,347
/home/leon-gold/jepa/kinetics-dataset/k400_targz/train/part_52/D5_qapDWZIU_000002_000012.mp4,78
/home/leon-gold/jepa/kinetics-dataset/k400_targz/train/part_52/D6QTCmBPa30_000002_000012.mp4,18
/home/leon-gold/jepa/kinetics-dataset/k400_targz/train/part_52/DAvqkQZVXJA_000010_000020.mp4,5
/home/leon-gold/jepa/kinetics-dataset/k400_targz/train/part_52/D3kAd3bo1CU_000020_000030.mp4,118
/home/leon-gold/jepa/kinetics-dataset/k400_targz/train/part_52/D1JfVssqQ6M_000001_000011.mp4,119
/home/leon-gold/jepa/kinetics-dataset/k400_targz/train/part_52/D1gNnGpbwi0_000003_000013.mp4,164
/home/leon-gold/jepa/kinetics-dataset/k400_targz/train/part_52/D7PZzRH0Sdk_000022_000032.mp4,323
/home/leon-gold/jepa/kinetics-dataset/k400_targz/train/part_52/DFQrcjg5uao_000042_000052.mp4,234
/home/leon-gold/jepa/kinetics-dataset/k400_targz/train/part_52/D94PgXY8Gek_000046_000056.mp4,393
/home/leon-gold/jepa/kinetics-dataset/k400_targz/train/part_52/D9piZtGQi_M_000112_000122.mp4,359
/home/leon-gold/jepa/kinetics-dataset/k400_targz/train/part_52/D4xIEeuoJ5c_000100_000110.mp4,344
/home/leon-gold/jepa/kinetics-dataset/k400_targz/train/part_52/DCMg6hEoMkY_000222_000232.mp4,284
/home/leon-gold/jepa/kinetics-dataset/k400_targz/train/part_52/D5oBeTL89zk_000163_000173.mp4,398
/home/leon-gold/jepa/kinetics-dataset/k400_targz/train/part_52/DAkiWZxRGxU_000009_000019.mp4,228
/home/leon-gold/jepa/kinetics-dataset/k400_targz/train/part_52/D3BpuHUv-bo_000001_000011.mp4,383
/home/leon-gold/jepa/kinetics-dataset/k400_targz/train/part_52/D6s3znwYmWU_000022_000032.mp4,19
/home/leon-gold/jepa/kinetics-dataset/k400_targz/train/part_52/D9G1P15x3bQ_000000_000010.mp4,244
/home/leon-gold/jepa/kinetics-dataset/k400_targz/train/part_52/D0NSDd8fIz4_000002_000012.mp4,275
/home/leon-gold/jepa/kinetics-dataset/k400_targz/train/part_52/D82ZU0Ap3r0_000056_000066.mp4,326
/home/leon-gold/jepa/kinetics-dataset/k400_targz/train/part_52/D2u93tNj3lo_000119_000129.mp4,177
/home/leon-gold/jepa/kinetics-dataset/k400_targz/train/part_52/DB7BML0UXNU_000063_000073.mp4,180
/home/leon-gold/jepa/kinetics-dataset/k400_targz/train/part_52/D2eDLRxHah0_000103_000113.mp4,163
/home/leon-gold/jepa/kinetics-dataset/k400_targz/train/part_52/D4Ai7_aDUn0_000041_000051.mp4,189
/home/leon-gold/jepa/kinetics-dataset/k400_targz/train/part_52/DCve4occ3vY_000001_000011.mp4,105
/home/leon-gold/jepa/kinetics-dataset/k400_targz/train/part_52/D9w7EjZxN1c_000014_000024.mp4,175
/home/leon-gold/jepa/kinetics-dataset/k400_targz/train/part_52/DCRsYdIwE4w_000218_000228.mp4,193
/home/leon-gold/jepa/kinetics-dataset/k400_targz/train/part_52/DBqAZulc9ic_000107_000117.mp4,328
/home/leon-gold/jepa/kinetics-dataset/k400_targz/train/part_52/D6RbWIp-pSw_000020_000030.mp4,146
/home/leon-gold/jepa/kinetics-dataset/k400_targz/train/part_52/D0-Jh_uvloA_000035_000045.mp4,24
/home/leon-gold/jepa/kinetics-dataset/k400_targz/train/part_52/D0YTcllsZnA_000027_000037.mp4,54
/home/leon-gold/jepa/kinetics-dataset/k400_targz/train/part_52/DF41p8w8XSo_000124_000134.mp4,220
/home/leon-gold/jepa/kinetics-dataset/k400_targz/train/part_52/D8yExT0Mu9E_000001_000011.mp4,164
/home/leon-gold/jepa/kinetics-dataset/k400_targz/train/part_52/DAI4Qwc9zIc_000001_000011.mp4,208
/home/leon-gold/jepa/kinetics-dataset/k400_targz/train/part_52/D24lisisZL0_000042_000052.mp4,10
/home/leon-gold/jepa/kinetics-dataset/k400_targz/train/part_52/D9SEJKY-cdU_000150_000160.mp4,297
/home/leon-gold/jepa/kinetics-dataset/k400_targz/train/part_52/D5gi1WQGX6A_000057_000067.mp4,277
/home/leon-gold/jepa/kinetics-dataset/k400_targz/train/part_52/D8ykw4fEypQ_000036_000046.mp4,84
/home/leon-gold/jepa/kinetics-dataset/k400_targz/train/part_52/D2rxJrs4kDw_000010_000020.mp4,280
/home/leon-gold/jepa/kinetics-dataset/k400_targz/train/part_52/DBQx5_cd7L8_000021_000031.mp4,86
/home/leon-gold/jepa/kinetics-dataset/k400_targz/train/part_52/D0P3IzqKQYE_000063_000073.mp4,269
/home/leon-gold/jepa/kinetics-dataset/k400_targz/train/part_52/D3eXaPQzQ-g_000178_000188.mp4,378
/home/leon-gold/jepa/kinetics-dataset/k400_targz/train/part_52/D2IpvG4UoJA_000005_000015.mp4,325
/home/leon-gold/jepa/kinetics-dataset/k400_targz/train/part_52/D01q2l39wkE_000008_000018.mp4,183
/home/leon-gold/jepa/kinetics-dataset/k400_targz/train/part_52/D6g-wgKuqvI_000036_000046.mp4,201
/home/leon-gold/jepa/kinetics-dataset/k400_targz/train/part_52/D9EF5tUNH6E_000318_000328.mp4,393
/home/leon-gold/jepa/kinetics-dataset/k400_targz/train/part_52/DFIr6nG2NKs_000136_000146.mp4,221
/home/leon-gold/jepa/kinetics-dataset/k400_targz/train/part_52/D8QBHV6gKqc_000005_000015.mp4,116
/home/leon-gold/jepa/kinetics-dataset/k400_targz/train/part_52/D78ytOm8eLE_000072_000082.mp4,380
/home/leon-gold/jepa/kinetics-dataset/k400_targz/train/part_52/D3FracABKaY_000067_000077.mp4,346
/home/leon-gold/jepa/kinetics-dataset/k400_targz/train/part_52/DBe2EGl0BMM_000000_000010.mp4,77
/home/leon-gold/jepa/kinetics-dataset/k400_targz/train/part_52/D04suiiU5bM_000013_000023.mp4,240
/home/leon-gold/jepa/kinetics-dataset/k400_targz/train/part_52/D-uSN1I9H7c_000135_000145.mp4,58
/home/leon-gold/jepa/kinetics-dataset/k400_targz/train/part_52/D9xtrMVPvcA_000065_000075.mp4,373
/home/leon-gold/jepa/kinetics-dataset/k400_targz/train/part_52/DEqTy5zxIW4_000006_000016.mp4,125
/home/leon-gold/jepa/kinetics-dataset/k400_targz/train/part_52/DAluo8TICyQ_000012_000022.mp4,294
/home/leon-gold/jepa/kinetics-dataset/k400_targz/train/part_52/D8jCXfsuJKY_000000_000010.mp4,112
/home/leon-gold/jepa/kinetics-dataset/k400_targz/train/part_52/D3gr35giKoA_000028_000038.mp4,27
/home/leon-gold/jepa/kinetics-dataset/k400_targz/train/part_52/D4rTuA7LFN0_000004_000014.mp4,52
/home/leon-gold/jepa/kinetics-dataset/k400_targz/train/part_52/DAKrRBIZm-Y_000005_000015.mp4,122
/home/leon-gold/jepa/kinetics-dataset/k400_targz/train/part_52/DADht88jcSk_000041_000051.mp4,110
/home/leon-gold/jepa/kinetics-dataset/k400_targz/train/part_52/DF78sePOsr0_000040_000050.mp4,147
/home/leon-gold/jepa/kinetics-dataset/k400_targz/train/part_52/DFcFI4PNlVc_000003_000013.mp4,321
/home/leon-gold/jepa/kinetics-dataset/k400_targz/train/part_52/D90ml6OfnGQ_000074_000084.mp4,192
/home/leon-gold/jepa/kinetics-dataset/k400_targz/train/part_52/D9fvBUo3Gok_000028_000038.mp4,197
/home/leon-gold/jepa/kinetics-dataset/k400_targz/train/part_52/DEKvO2gkGFo_000077_000087.mp4,83
/home/leon-gold/jepa/kinetics-dataset/k400_targz/train/part_52/DBGfe-Y6HSs_000037_000047.mp4,10
/home/leon-gold/jepa/kinetics-dataset/k400_targz/train/part_52/D5XPccYUY1E_000015_000025.mp4,365
/home/leon-gold/jepa/kinetics-dataset/k400_targz/train/part_52/D2hVMp-38Jw_000137_000147.mp4,137
/home/leon-gold/jepa/kinetics-dataset/k400_targz/train/part_52/D8rqVtrpZSM_000239_000249.mp4,64
/home/leon-gold/jepa/kinetics-dataset/k400_targz/train/part_52/DFSvkdQz0qo_000012_000022.mp4,334
/home/leon-gold/jepa/kinetics-dataset/k400_targz/train/part_52/DACn-UvfNys_000040_000050.mp4,336
/home/leon-gold/jepa/kinetics-dataset/k400_targz/train/part_52/DEDAQBP4nxs_000026_000036.mp4,145
/home/leon-gold/jepa/kinetics-dataset/k400_targz/train/part_52/DA2JUL4a-HU_000001_000011.mp4,1
/home/leon-gold/jepa/kinetics-dataset/k400_targz/train/part_52/DGSY5XOT-kw_000000_000010.mp4,49
/home/leon-gold/jepa/kinetics-dataset/k400_targz/train/part_52/D3Yx2g88zXo_000054_000064.mp4,2
/home/leon-gold/jepa/kinetics-dataset/k400_targz/train/part_52/DC38EeJQXIA_000001_000011.mp4,288
/home/leon-gold/jepa/kinetics-dataset/k400_targz/train/part_52/DBFHjKW1f2A_000006_000016.mp4,48
/home/leon-gold/jepa/kinetics-dataset/k400_targz/train/part_52/D0HYMnwKdsw_000007_000017.mp4,150
/home/leon-gold/jepa/kinetics-dataset/k400_targz/train/part_52/D2AxHfToWBM_000000_000010.mp4,134
/home/leon-gold/jepa/kinetics-dataset/k400_targz/train/part_52/DCrLOJvwtFk_000112_000122.mp4,117
/home/leon-gold/jepa/kinetics-dataset/k400_targz/train/part_52/D0aaRnS2tRw_000082_000092.mp4,307
/home/leon-gold/jepa/kinetics-dataset/k400_targz/train/part_52/D05xwY7-yQs_000011_000021.mp4,31
/home/leon-gold/jepa/kinetics-dataset/k400_targz/train/part_52/D9gOfpfEsiQ_000073_000083.mp4,18
/home/leon-gold/jepa/kinetics-dataset/k400_targz/train/part_52/DBuBVuiYVAc_000006_000016.mp4,68
/home/leon-gold/jepa/kinetics-dataset/k400_targz/train/part_52/D0yAwPlJccc_000018_000028.mp4,327
/home/leon-gold/jepa/kinetics-dataset/k400_targz/train/part_52/DFHSEyVkKnI_000047_000057.mp4,301
/home/leon-gold/jepa/kinetics-dataset/k400_targz/train/part_52/D6hSevBgiC8_000008_000018.mp4,38
/home/leon-gold/jepa/kinetics-dataset/k400_targz/train/part_52/D0PjUsoV5KA_000092_000102.mp4,280
/home/leon-gold/jepa/kinetics-dataset/k400_targz/train/part_52/D83dhshwtqM_000013_000023.mp4,79
/home/leon-gold/jepa/kinetics-dataset/k400_targz/train/part_52/DFS5QRJxLwQ_000005_000015.mp4,189
/home/leon-gold/jepa/kinetics-dataset/k400_targz/train/part_52/DEiA1sexMdM_000029_000039.mp4,143
/home/leon-gold/jepa/kinetics-dataset/k400_targz/train/part_52/D2Nm671xK4c_000290_000300.mp4,206
/home/leon-gold/jepa/kinetics-dataset/k400_targz/train/part_52/D1r2oS8Ewvw_000191_000201.mp4,393
/home/leon-gold/jepa/kinetics-dataset/k400_targz/train/part_52/DD7TsgeHjng_000004_000014.mp4,164
/home/leon-gold/jepa/kinetics-dataset/k400_targz/train/part_52/DD49zMlLQvE_000054_000064.mp4,234
/home/leon-gold/jepa/kinetics-dataset/k400_targz/train/part_52/D6jCzAmt_ac_000008_000018.mp4,364
/home/leon-gold/jepa/kinetics-dataset/k400_targz/train/part_52/D3cPQqUdeuQ_000000_000010.mp4,264
/home/leon-gold/jepa/kinetics-dataset/k400_targz/train/part_52/D8zAOxle4KA_000710_000720.mp4,84
/home/leon-gold/jepa/kinetics-dataset/k400_targz/train/part_52/DAoL3rsgUU0_000226_000236.mp4,79
/home/leon-gold/jepa/kinetics-dataset/k400_targz/train/part_52/DBd5X_v-TXE_000264_000274.mp4,199
/home/leon-gold/jepa/kinetics-dataset/k400_targz/train/part_52/DEwIVEqohx8_000003_000013.mp4,261
/home/leon-gold/jepa/kinetics-dataset/k400_targz/train/part_52/D057l9SJlPc_000000_000010.mp4,266
/home/leon-gold/jepa/kinetics-dataset/k400_targz/train/part_52/DG1DDqOldrw_001007_001017.mp4,11
/home/leon-gold/jepa/kinetics-dataset/k400_targz/train/part_52/DBmI9AtrWhQ_000062_000072.mp4,174
/home/leon-gold/jepa/kinetics-dataset/k400_targz/train/part_52/DEwu_F4bDCY_000005_000015.mp4,26
/home/leon-gold/jepa/kinetics-dataset/k400_targz/train/part_52/D2hb9HIvlts_000037_000047.mp4,68
/home/leon-gold/jepa/kinetics-dataset/k400_targz/train/part_52/D0545QtHOv0_000006_000016.mp4,142
/home/leon-gold/jepa/kinetics-dataset/k400_targz/train/part_52/DBGkAyq4Yec_000001_000011.mp4,219
/home/leon-gold/jepa/kinetics-dataset/k400_targz/train/part_52/D2G3-J8dU_M_000015_000025.mp4,330
/home/leon-gold/jepa/kinetics-dataset/k400_targz/train/part_52/DE8Kk6XApaU_000039_000049.mp4,182
/home/leon-gold/jepa/kinetics-dataset/k400_targz/train/part_52/DF_7gRarC3k_000058_000068.mp4,224
/home/leon-gold/jepa/kinetics-dataset/k400_targz/train/part_52/D5kg0DvnTpw_000004_000014.mp4,125
/home/leon-gold/jepa/kinetics-dataset/k400_targz/train/part_52/DBlOBkFVGro_000002_000012.mp4,268
/home/leon-gold/jepa/kinetics-dataset/k400_targz/train/part_52/D137y7aDQ7Q_000006_000016.mp4,388
/home/leon-gold/jepa/kinetics-dataset/k400_targz/train/part_52/D4NGViBPTvM_000030_000040.mp4,376
/home/leon-gold/jepa/kinetics-dataset/k400_targz/train/part_52/D96qp5AAO8k_000120_000130.mp4,339
/home/leon-gold/jepa/kinetics-dataset/k400_targz/train/part_52/D8ArDV1tVwM_000108_000118.mp4,369
/home/leon-gold/jepa/kinetics-dataset/k400_targz/train/part_52/D2_yGA4fXT4_000003_000013.mp4,45
/home/leon-gold/jepa/kinetics-dataset/k400_targz/train/part_52/DFuq80YKrNY_000008_000018.mp4,144
/home/leon-gold/jepa/kinetics-dataset/k400_targz/train/part_52/D8heEox4SRk_000142_000152.mp4,236
/home/leon-gold/jepa/kinetics-dataset/k400_targz/train/part_52/D7zdnk5C464_000056_000066.mp4,93
/home/leon-gold/jepa/kinetics-dataset/k400_targz/train/part_52/D4BGTnOFP4E_000513_000523.mp4,308
/home/leon-gold/jepa/kinetics-dataset/k400_targz/train/part_52/DEqCw2RsNow_000006_000016.mp4,73
/home/leon-gold/jepa/kinetics-dataset/k400_targz/train/part_52/D5nsWdncCNU_000415_000425.mp4,226
/home/leon-gold/jepa/kinetics-dataset/k400_targz/train/part_52/DANuHHdd_no_000031_000041.mp4,79
/home/leon-gold/jepa/kinetics-dataset/k400_targz/train/part_52/D5ceR7AhfYM_000030_000040.mp4,370
/home/leon-gold/jepa/kinetics-dataset/k400_targz/train/part_52/D8TO8Tl3zKY_000118_000128.mp4,69
/home/leon-gold/jepa/kinetics-dataset/k400_targz/train/part_52/DG0FtpbwKls_000149_000159.mp4,68
/home/leon-gold/jepa/kinetics-dataset/k400_targz/train/part_52/D50T9Iun_HQ_000027_000037.mp4,223
/home/leon-gold/jepa/kinetics-dataset/k400_targz/train/part_52/DBLkKysjc6E_000241_000251.mp4,259
/home/leon-gold/jepa/kinetics-dataset/k400_targz/train/part_52/DFtB7ib-WUo_000225_000235.mp4,11
/home/leon-gold/jepa/kinetics-dataset/k400_targz/train/part_52/D5Ndpgjgys0_001172_001182.mp4,238
/home/leon-gold/jepa/kinetics-dataset/k400_targz/train/part_52/DAVlYaEClX8_000156_000166.mp4,295
/home/leon-gold/jepa/kinetics-dataset/k400_targz/train/part_52/DAeLsJBXaAA_000004_000014.mp4,122
/home/leon-gold/jepa/kinetics-dataset/k400_targz/train/part_52/DDY3Pjs2WCE_000138_000148.mp4,277
/home/leon-gold/jepa/kinetics-dataset/k400_targz/train/part_52/D4X1KEXA_G8_000005_000015.mp4,100
/home/leon-gold/jepa/kinetics-dataset/k400_targz/train/part_52/DAv5XjFjKyw_000055_000065.mp4,124
/home/leon-gold/jepa/kinetics-dataset/k400_targz/train/part_52/D5qeQon3Kpk_000000_000010.mp4,148
/home/leon-gold/jepa/kinetics-dataset/k400_targz/train/part_52/DD5FqjSso4E_000157_000167.mp4,180
/home/leon-gold/jepa/kinetics-dataset/k400_targz/train/part_52/D563_gMZubs_000092_000102.mp4,236
/home/leon-gold/jepa/kinetics-dataset/k400_targz/train/part_52/DGZiTyWNJI8_000010_000020.mp4,360
/home/leon-gold/jepa/kinetics-dataset/k400_targz/train/part_52/DF6VdsgaAEA_000001_000011.mp4,3
/home/leon-gold/jepa/kinetics-dataset/k400_targz/train/part_52/D5kilg_fiBU_000003_000013.mp4,330
/home/leon-gold/jepa/kinetics-dataset/k400_targz/train/part_52/DD74Ew4Ro5U_000033_000043.mp4,100
/home/leon-gold/jepa/kinetics-dataset/k400_targz/train/part_52/DGJKnGU5uo8_000062_000072.mp4,142
/home/leon-gold/jepa/kinetics-dataset/k400_targz/train/part_52/D2ozmSciDk8_000006_000016.mp4,118
/home/leon-gold/jepa/kinetics-dataset/k400_targz/train/part_52/DAks2Q7Uf-4_000095_000105.mp4,283
/home/leon-gold/jepa/kinetics-dataset/k400_targz/train/part_52/D0K71FjLhgw_000002_000012.mp4,175
/home/leon-gold/jepa/kinetics-dataset/k400_targz/train/part_52/D2iFg_uWVrI_000011_000021.mp4,19
/home/leon-gold/jepa/kinetics-dataset/k400_targz/train/part_52/D7WkniW2Obw_000055_000065.mp4,51
/home/leon-gold/jepa/kinetics-dataset/k400_targz/train/part_52/DCklibyDCw8_000001_000011.mp4,153
/home/leon-gold/jepa/kinetics-dataset/k400_targz/train/part_52/D4Pqm5Zhstw_000012_000022.mp4,5
/home/leon-gold/jepa/kinetics-dataset/k400_targz/train/part_52/DCPzYH1M_UI_000000_000010.mp4,59
/home/leon-gold/jepa/kinetics-dataset/k400_targz/train/part_52/D1nbb3d4Vr0_000025_000035.mp4,260
/home/leon-gold/jepa/kinetics-dataset/k400_targz/train/part_52/D7rFxjp4kFs_000043_000053.mp4,380
/home/leon-gold/jepa/kinetics-dataset/k400_targz/train/part_52/D9-Lre3wMsU_000027_000037.mp4,351
/home/leon-gold/jepa/kinetics-dataset/k400_targz/train/part_52/D5ynu6-KJTc_000070_000080.mp4,264
/home/leon-gold/jepa/kinetics-dataset/k400_targz/train/part_52/DFS0KO1Cmo4_000024_000034.mp4,366
/home/leon-gold/jepa/kinetics-dataset/k400_targz/train/part_52/DBz9BWw94-M_000000_000010.mp4,30
/home/leon-gold/jepa/kinetics-dataset/k400_targz/train/part_52/D2fbTxHEY-g_000047_000057.mp4,217
/home/leon-gold/jepa/kinetics-dataset/k400_targz/train/part_52/D3FyOTaDjXY_000001_000011.mp4,199
/home/leon-gold/jepa/kinetics-dataset/k400_targz/train/part_52/D8xoHO2AstQ_000008_000018.mp4,325
/home/leon-gold/jepa/kinetics-dataset/k400_targz/train/part_52/D5WfEuOqMPw_000036_000046.mp4,275
/home/leon-gold/jepa/kinetics-dataset/k400_targz/train/part_52/DEffj6HMwpY_000017_000027.mp4,210
/home/leon-gold/jepa/kinetics-dataset/k400_targz/train/part_52/D2TiH84x3cQ_000110_000120.mp4,213
/home/leon-gold/jepa/kinetics-dataset/k400_targz/train/part_52/D4jh0IZG4U0_000000_000010.mp4,86
/home/leon-gold/jepa/kinetics-dataset/k400_targz/train/part_52/D8yqm_9uRS4_000012_000022.mp4,292
/home/leon-gold/jepa/kinetics-dataset/k400_targz/train/part_52/DDDR5RLTLOs_000101_000111.mp4,103
/home/leon-gold/jepa/kinetics-dataset/k400_targz/train/part_52/D2r4Z3n_rXs_000029_000039.mp4,205
/home/leon-gold/jepa/kinetics-dataset/k400_targz/train/part_52/D7QaHo9qNvg_000014_000024.mp4,247
/home/leon-gold/jepa/kinetics-dataset/k400_targz/train/part_52/DFlpWanihpA_000603_000613.mp4,7
/home/leon-gold/jepa/kinetics-dataset/k400_targz/train/part_52/D0GvYy1leTA_000003_000013.mp4,123
/home/leon-gold/jepa/kinetics-dataset/k400_targz/train/part_52/DFY7WGobroQ_000000_000010.mp4,358
/home/leon-gold/jepa/kinetics-dataset/k400_targz/train/part_52/D8yrwtarRuQ_000004_000014.mp4,301
/home/leon-gold/jepa/kinetics-dataset/k400_targz/train/part_52/D3z9MKfikfI_000025_000035.mp4,244
/home/leon-gold/jepa/kinetics-dataset/k400_targz/train/part_52/DACBfr98gCw_000026_000036.mp4,153
/home/leon-gold/jepa/kinetics-dataset/k400_targz/train/part_52/D9zf8fhML4I_000191_000201.mp4,18
/home/leon-gold/jepa/kinetics-dataset/k400_targz/train/part_52/D3lCLZd7wUw_000036_000046.mp4,387
/home/leon-gold/jepa/kinetics-dataset/k400_targz/train/part_52/DGFjfxeYG84_000015_000025.mp4,358
/home/leon-gold/jepa/kinetics-dataset/k400_targz/train/part_52/D2W7JX5D1Qs_000035_000045.mp4,6
/home/leon-gold/jepa/kinetics-dataset/k400_targz/train/part_52/D47FBlY_r0g_000029_000039.mp4,304
/home/leon-gold/jepa/kinetics-dataset/k400_targz/train/part_52/D1_2t3fW9Mc_000095_000105.mp4,384
/home/leon-gold/jepa/kinetics-dataset/k400_targz/train/part_52/D1TLX2Qfyro_000008_000018.mp4,253
/home/leon-gold/jepa/kinetics-dataset/k400_targz/train/part_52/DANnISBKYuw_000033_000043.mp4,43
/home/leon-gold/jepa/kinetics-dataset/k400_targz/train/part_52/D8Wc1zEIEJc_000007_000017.mp4,379
/home/leon-gold/jepa/kinetics-dataset/k400_targz/train/part_52/D5-0i_ZPLC4_000013_000023.mp4,340
/home/leon-gold/jepa/kinetics-dataset/k400_targz/train/part_52/DDjk1RN3QD4_000019_000029.mp4,393
/home/leon-gold/jepa/kinetics-dataset/k400_targz/train/part_52/D8RIlFvjUNQ_000277_000287.mp4,0
/home/leon-gold/jepa/kinetics-dataset/k400_targz/train/part_52/D5B9DA1zTDY_000001_000011.mp4,209
/home/leon-gold/jepa/kinetics-dataset/k400_targz/train/part_52/D68psDDoiRs_000031_000041.mp4,115
/home/leon-gold/jepa/kinetics-dataset/k400_targz/train/part_52/D2Z0wzo-XSQ_000055_000065.mp4,37
/home/leon-gold/jepa/kinetics-dataset/k400_targz/train/part_52/D3j09yICPJ4_000026_000036.mp4,173
/home/leon-gold/jepa/kinetics-dataset/k400_targz/train/part_52/D1fltVaV-Ik_000061_000071.mp4,169
/home/leon-gold/jepa/kinetics-dataset/k400_targz/train/part_52/D5213U_kmzw_000241_000251.mp4,250
/home/leon-gold/jepa/kinetics-dataset/k400_targz/train/part_52/D9vuSrwc--g_000172_000182.mp4,130
/home/leon-gold/jepa/kinetics-dataset/k400_targz/train/part_52/D6u8_tEu-D8_000012_000022.mp4,184
/home/leon-gold/jepa/kinetics-dataset/k400_targz/train/part_52/D08vk4tUFiM_000074_000084.mp4,75
/home/leon-gold/jepa/kinetics-dataset/k400_targz/train/part_52/DBfUKsCja9s_000018_000028.mp4,27
/home/leon-gold/jepa/kinetics-dataset/k400_targz/train/part_52/D4KKLCF6Rgk_000037_000047.mp4,319
/home/leon-gold/jepa/kinetics-dataset/k400_targz/train/part_52/DCR2VdkDO-I_000046_000056.mp4,308
/home/leon-gold/jepa/kinetics-dataset/k400_targz/train/part_52/D7vC6NmyXps_000117_000127.mp4,334
/home/leon-gold/jepa/kinetics-dataset/k400_targz/train/part_52/DAGB72lFb-g_000012_000022.mp4,125
/home/leon-gold/jepa/kinetics-dataset/k400_targz/train/part_52/DAvlFU61pek_000005_000015.mp4,239
/home/leon-gold/jepa/kinetics-dataset/k400_targz/train/part_52/D3j--Q3d4KI_000017_000027.mp4,177
/home/leon-gold/jepa/kinetics-dataset/k400_targz/train/part_52/DBg7djx0sZA_000008_000018.mp4,28
/home/leon-gold/jepa/kinetics-dataset/k400_targz/train/part_52/D8tVfhHCT5E_000063_000073.mp4,42
/home/leon-gold/jepa/kinetics-dataset/k400_targz/train/part_52/D7C85qKg_Gk_000018_000028.mp4,134
/home/leon-gold/jepa/kinetics-dataset/k400_targz/train/part_52/D6QnNBXyKgw_000046_000056.mp4,391
/home/leon-gold/jepa/kinetics-dataset/k400_targz/train/part_52/D7OUHxA04JM_000047_000057.mp4,132
/home/leon-gold/jepa/kinetics-dataset/k400_targz/train/part_52/DAaR4auO1rg_000000_000010.mp4,319
/home/leon-gold/jepa/kinetics-dataset/k400_targz/train/part_52/D9IfO731dOc_000154_000164.mp4,254
/home/leon-gold/jepa/kinetics-dataset/k400_targz/train/part_52/DBlQtsplazw_000295_000305.mp4,133
/home/leon-gold/jepa/kinetics-dataset/k400_targz/train/part_52/DDtIewsVPiQ_000269_000279.mp4,349
/home/leon-gold/jepa/kinetics-dataset/k400_targz/train/part_52/D3-1cGu8zLY_000491_000501.mp4,109
/home/leon-gold/jepa/kinetics-dataset/k400_targz/train/part_52/DBTfEkqn7Zo_000000_000010.mp4,66
/home/leon-gold/jepa/kinetics-dataset/k400_targz/train/part_52/DGFNowb26wk_000173_000183.mp4,251
/home/leon-gold/jepa/kinetics-dataset/k400_targz/train/part_52/DEvwRWrUNoU_000205_000215.mp4,303
/home/leon-gold/jepa/kinetics-dataset/k400_targz/train/part_52/D1I_hENFywI_000002_000012.mp4,197
/home/leon-gold/jepa/kinetics-dataset/k400_targz/train/part_52/D8EA0RPVSuM_000006_000016.mp4,64
/home/leon-gold/jepa/kinetics-dataset/k400_targz/train/part_52/D1wYTXogc1M_000148_000158.mp4,68
/home/leon-gold/jepa/kinetics-dataset/k400_targz/train/part_52/DGT-cP0gEPY_000014_000024.mp4,171
/home/leon-gold/jepa/kinetics-dataset/k400_targz/train/part_52/D8N6hD9GeFk_000004_000014.mp4,81
/home/leon-gold/jepa/kinetics-dataset/k400_targz/train/part_52/D9HXm8q4E_k_000049_000059.mp4,149
/home/leon-gold/jepa/kinetics-dataset/k400_targz/train/part_52/DCR1XHpJbts_000047_000057.mp4,369
/home/leon-gold/jepa/kinetics-dataset/k400_targz/train/part_52/DEI1IvAAR4g_000001_000011.mp4,296
/home/leon-gold/jepa/kinetics-dataset/k400_targz/train/part_52/DBQUMNBdPHc_000368_000378.mp4,366
/home/leon-gold/jepa/kinetics-dataset/k400_targz/train/part_52/D1kSMCkLA9I_000050_000060.mp4,6
/home/leon-gold/jepa/kinetics-dataset/k400_targz/train/part_52/D7URTg7KuMw_000008_000018.mp4,99
/home/leon-gold/jepa/kinetics-dataset/k400_targz/train/part_52/D2xDXRUtP3g_000145_000155.mp4,304
/home/leon-gold/jepa/kinetics-dataset/k400_targz/train/part_52/D2mxX15-uos_000079_000089.mp4,217
/home/leon-gold/jepa/kinetics-dataset/k400_targz/train/part_52/DD3IkB0imB4_000001_000011.mp4,172
/home/leon-gold/jepa/kinetics-dataset/k400_targz/train/part_52/D7zr_rHIPg0_000002_000012.mp4,341
/home/leon-gold/jepa/kinetics-dataset/k400_targz/train/part_52/D1a6-2O7T_8_000012_000022.mp4,102
/home/leon-gold/jepa/kinetics-dataset/k400_targz/train/part_52/D9VPEeLi-e4_000005_000015.mp4,4
/home/leon-gold/jepa/kinetics-dataset/k400_targz/train/part_52/D3uEevBnRQs_000003_000013.mp4,184
/home/leon-gold/jepa/kinetics-dataset/k400_targz/train/part_52/D7b1peEBtGA_000087_000097.mp4,22
/home/leon-gold/jepa/kinetics-dataset/k400_targz/train/part_52/D70KfZOBkok_000216_000226.mp4,306
/home/leon-gold/jepa/kinetics-dataset/k400_targz/train/part_52/DBejGH1-UCI_000000_000010.mp4,241
/home/leon-gold/jepa/kinetics-dataset/k400_targz/train/part_52/DCy5HGKqF4M_000150_000160.mp4,15
/home/leon-gold/jepa/kinetics-dataset/k400_targz/train/part_52/DFlhH2eyakw_000002_000012.mp4,220
/home/leon-gold/jepa/kinetics-dataset/k400_targz/train/part_52/D0Ga0aaYkRo_000009_000019.mp4,164
/home/leon-gold/jepa/kinetics-dataset/k400_targz/train/part_52/DCMpgdR23BY_000004_000014.mp4,133
/home/leon-gold/jepa/kinetics-dataset/k400_targz/train/part_52/DAzrCg3NI7g_000072_000082.mp4,113
/home/leon-gold/jepa/kinetics-dataset/k400_targz/train/part_52/D6DzfHBXULQ_000099_000109.mp4,1
/home/leon-gold/jepa/kinetics-dataset/k400_targz/train/part_52/D78yrRWEGH8_000194_000204.mp4,36
/home/leon-gold/jepa/kinetics-dataset/k400_targz/train/part_52/DBC4uznSVWc_000003_000013.mp4,64
/home/leon-gold/jepa/kinetics-dataset/k400_targz/train/part_52/DE0-D51wQiU_000064_000074.mp4,140
/home/leon-gold/jepa/kinetics-dataset/k400_targz/train/part_52/D9ZcGTQ_CUM_000011_000021.mp4,91
/home/leon-gold/jepa/kinetics-dataset/k400_targz/train/part_52/DAdafxTciw8_000029_000039.mp4,78
/home/leon-gold/jepa/kinetics-dataset/k400_targz/train/part_52/D4G1ZFjW20Q_000018_000028.mp4,350
/home/leon-gold/jepa/kinetics-dataset/k400_targz/train/part_52/DCKBjQBAZEA_000276_000286.mp4,89
/home/leon-gold/jepa/kinetics-dataset/k400_targz/train/part_52/D2tp3O2LYmU_000008_000018.mp4,172
/home/leon-gold/jepa/kinetics-dataset/k400_targz/train/part_52/D9X3PFaRoyA_000269_000279.mp4,327
/home/leon-gold/jepa/kinetics-dataset/k400_targz/train/part_52/D23gxcqJfyU_000217_000227.mp4,82
/home/leon-gold/jepa/kinetics-dataset/k400_targz/train/part_52/DEtILopz2CM_000012_000022.mp4,336
/home/leon-gold/jepa/kinetics-dataset/k400_targz/train/part_52/DAZ9O17dhtM_000008_000018.mp4,251
/home/leon-gold/jepa/kinetics-dataset/k400_targz/train/part_52/D571YiaOYgg_000020_000030.mp4,261
/home/leon-gold/jepa/kinetics-dataset/k400_targz/train/part_52/D4kEDfB4EHY_000003_000013.mp4,204
/home/leon-gold/jepa/kinetics-dataset/k400_targz/train/part_52/DAIPSqW9EiQ_000160_000170.mp4,51
/home/leon-gold/jepa/kinetics-dataset/k400_targz/train/part_52/DFzoV5BDIAA_000001_000011.mp4,368
/home/leon-gold/jepa/kinetics-dataset/k400_targz/train/part_52/D7e5ggoAyNc_000008_000018.mp4,243
/home/leon-gold/jepa/kinetics-dataset/k400_targz/train/part_52/DGJGpFZng3g_000004_000014.mp4,378
/home/leon-gold/jepa/kinetics-dataset/k400_targz/train/part_52/D2G7NHSy4m0_000009_000019.mp4,308
/home/leon-gold/jepa/kinetics-dataset/k400_targz/train/part_52/D6CLZ0X_xK4_000002_000012.mp4,97
/home/leon-gold/jepa/kinetics-dataset/k400_targz/train/part_52/DDJNaa0cfFI_000012_000022.mp4,134
/home/leon-gold/jepa/kinetics-dataset/k400_targz/train/part_52/D5_-CH3Gayk_000020_000030.mp4,277
/home/leon-gold/jepa/kinetics-dataset/k400_targz/train/part_52/DEinhxAhKas_000020_000030.mp4,231
/home/leon-gold/jepa/kinetics-dataset/k400_targz/train/part_52/D1kGO_zHVEM_000142_000152.mp4,293
/home/leon-gold/jepa/kinetics-dataset/k400_targz/train/part_52/DD9iH0shGaA_000013_000023.mp4,133
/home/leon-gold/jepa/kinetics-dataset/k400_targz/train/part_52/D4s5aHrsBgs_000103_000113.mp4,392
/home/leon-gold/jepa/kinetics-dataset/k400_targz/train/part_52/DFUgfuW9mQo_000119_000129.mp4,328
/home/leon-gold/jepa/kinetics-dataset/k400_targz/train/part_52/DErgu154s88_000198_000208.mp4,351
/home/leon-gold/jepa/kinetics-dataset/k400_targz/train/part_52/D1JHXdWJ8cg_000117_000127.mp4,234
/home/leon-gold/jepa/kinetics-dataset/k400_targz/train/part_52/D5RkuEMo3s4_000284_000294.mp4,91
/home/leon-gold/jepa/kinetics-dataset/k400_targz/train/part_52/D958VpU681U_000187_000197.mp4,97
/home/leon-gold/jepa/kinetics-dataset/k400_targz/train/part_52/D3cOs3uffHo_000357_000367.mp4,165
/home/leon-gold/jepa/kinetics-dataset/k400_targz/train/part_52/D65y-M9ayGc_000028_000038.mp4,107
/home/leon-gold/jepa/kinetics-dataset/k400_targz/train/part_52/DFuXbWCnLvs_000080_000090.mp4,254
/home/leon-gold/jepa/kinetics-dataset/k400_targz/train/part_52/DFzTh81PEiw_000020_000030.mp4,229
/home/leon-gold/jepa/kinetics-dataset/k400_targz/train/part_52/D-oEzOLGpLw_000014_000024.mp4,104
/home/leon-gold/jepa/kinetics-dataset/k400_targz/train/part_52/DBKnnrGmUqo_000078_000088.mp4,268
/home/leon-gold/jepa/kinetics-dataset/k400_targz/train/part_52/D4UVrYxOGRM_000059_000069.mp4,104
/home/leon-gold/jepa/kinetics-dataset/k400_targz/train/part_52/DF2thKxXqvc_000095_000105.mp4,0
/home/leon-gold/jepa/kinetics-dataset/k400_targz/train/part_52/D2YJHQA6UCM_000024_000034.mp4,205
/home/leon-gold/jepa/kinetics-dataset/k400_targz/train/part_52/DGeFyg87UcY_000023_000033.mp4,234
/home/leon-gold/jepa/kinetics-dataset/k400_targz/train/part_52/DGJMOYAqQkA_000000_000010.mp4,0
/home/leon-gold/jepa/kinetics-dataset/k400_targz/train/part_52/DGMypVK01_U_000070_000080.mp4,199
/home/leon-gold/jepa/kinetics-dataset/k400_targz/train/part_52/DABLY-ThUQk_000001_000011.mp4,318
/home/leon-gold/jepa/kinetics-dataset/k400_targz/train/part_52/D64EyF5TvGc_000069_000079.mp4,396
/home/leon-gold/jepa/kinetics-dataset/k400_targz/train/part_52/DBROmIba3yU_000010_000020.mp4,318
/home/leon-gold/jepa/kinetics-dataset/k400_targz/train/part_52/D0cPvwQ0lwc_000008_000018.mp4,238
/home/leon-gold/jepa/kinetics-dataset/k400_targz/train/part_52/D5xc3fTUTcs_000080_000090.mp4,202
/home/leon-gold/jepa/kinetics-dataset/k400_targz/train/part_52/D8vLQ1dWQR0_000008_000018.mp4,19
/home/leon-gold/jepa/kinetics-dataset/k400_targz/train/part_52/D24ceP7hHHA_000000_000010.mp4,101
/home/leon-gold/jepa/kinetics-dataset/k400_targz/train/part_52/DEAu1SQZg6c_000238_000248.mp4,70
/home/leon-gold/jepa/kinetics-dataset/k400_targz/train/part_52/D0P3LNV9kRw_000002_000012.mp4,20
/home/leon-gold/jepa/kinetics-dataset/k400_targz/train/part_52/D47aK34__lA_000008_000018.mp4,21
/home/leon-gold/jepa/kinetics-dataset/k400_targz/train/part_52/D3F7dI4aJoA_000162_000172.mp4,292
/home/leon-gold/jepa/kinetics-dataset/k400_targz/train/part_52/DAnkCziCIng_000007_000017.mp4,247
/home/leon-gold/jepa/kinetics-dataset/k400_targz/train/part_52/D9HsRigxwXg_000004_000014.mp4,12
/home/leon-gold/jepa/kinetics-dataset/k400_targz/train/part_52/D6c338PSTsg_000233_000243.mp4,108
/home/leon-gold/jepa/kinetics-dataset/k400_targz/train/part_52/D3GFgl8ENAo_000000_000010.mp4,183
/home/leon-gold/jepa/kinetics-dataset/k400_targz/train/part_52/D04f14WckT0_000003_000013.mp4,50
/home/leon-gold/jepa/kinetics-dataset/k400_targz/train/part_52/D0jvmIgyKPU_000114_000124.mp4,89
/home/leon-gold/jepa/kinetics-dataset/k400_targz/train/part_52/DD9pqbbTAaY_000036_000046.mp4,289
/home/leon-gold/jepa/kinetics-dataset/k400_targz/train/part_52/D9PjuL6aQf0_000156_000166.mp4,327
/home/leon-gold/jepa/kinetics-dataset/k400_targz/train/part_52/D1X_KX2mqrY_000003_000013.mp4,367
/home/leon-gold/jepa/kinetics-dataset/k400_targz/train/part_52/DAC2Z-54HDY_000003_000013.mp4,241
/home/leon-gold/jepa/kinetics-dataset/k400_targz/train/part_52/DFjTJS11CJ8_000028_000038.mp4,221
/home/leon-gold/jepa/kinetics-dataset/k400_targz/train/part_52/D4-DV0vlVJQ_000001_000011.mp4,49
/home/leon-gold/jepa/kinetics-dataset/k400_targz/train/part_52/DBTkqVbToYA_000060_000070.mp4,227
/home/leon-gold/jepa/kinetics-dataset/k400_targz/train/part_52/D2VucdmVv9w_000078_000088.mp4,296
/home/leon-gold/jepa/kinetics-dataset/k400_targz/train/part_52/D9IzTxq-pU4_000025_000035.mp4,68
/home/leon-gold/jepa/kinetics-dataset/k400_targz/train/part_52/D8P9q-k34yw_000208_000218.mp4,78
/home/leon-gold/jepa/kinetics-dataset/k400_targz/train/part_52/D8Q5kF1Qg6g_000004_000014.mp4,147
/home/leon-gold/jepa/kinetics-dataset/k400_targz/train/part_52/D7N2WpmgLbE_000001_000011.mp4,99
/home/leon-gold/jepa/kinetics-dataset/k400_targz/train/part_52/DFcDhzpdxL0_000034_000044.mp4,0
/home/leon-gold/jepa/kinetics-dataset/k400_targz/train/part_52/D0Oas9YdufU_000159_000169.mp4,306
/home/leon-gold/jepa/kinetics-dataset/k400_targz/train/part_52/D6Q1NaSo_h4_000000_000010.mp4,376
/home/leon-gold/jepa/kinetics-dataset/k400_targz/train/part_52/D5EOfLzWjhQ_000013_000023.mp4,83
/home/leon-gold/jepa/kinetics-dataset/k400_targz/train/part_52/D9gt8p0G7MQ_000139_000149.mp4,269
/home/leon-gold/jepa/kinetics-dataset/k400_targz/train/part_52/D2hki1HYFcY_000001_000011.mp4,367
/home/leon-gold/jepa/kinetics-dataset/k400_targz/train/part_52/DB6ZuPAdGnw_000111_000121.mp4,371
/home/leon-gold/jepa/kinetics-dataset/k400_targz/train/part_52/DDZeUWFXoiI_000036_000046.mp4,172
/home/leon-gold/jepa/kinetics-dataset/k400_targz/train/part_52/D7B4BBju23s_000002_000012.mp4,57
/home/leon-gold/jepa/kinetics-dataset/k400_targz/train/part_52/D2q09MdkJuY_000000_000010.mp4,331
/home/leon-gold/jepa/kinetics-dataset/k400_targz/train/part_52/D-p5MJyjiQk_000285_000295.mp4,251
/home/leon-gold/jepa/kinetics-dataset/k400_targz/train/part_52/DETRuZseUns_000025_000035.mp4,114
/home/leon-gold/jepa/kinetics-dataset/k400_targz/train/part_52/DAfc_WuPPA0_000005_000015.mp4,166
/home/leon-gold/jepa/kinetics-dataset/k400_targz/train/part_52/D1cA5D6dm2M_000147_000157.mp4,86
/home/leon-gold/jepa/kinetics-dataset/k400_targz/train/part_52/DEYqmpGk9TE_000072_000082.mp4,86
/home/leon-gold/jepa/kinetics-dataset/k400_targz/train/part_52/D0jVIeXxHWw_000061_000071.mp4,251
/home/leon-gold/jepa/kinetics-dataset/k400_targz/train/part_52/DETtkesT7w0_000005_000015.mp4,308
/home/leon-gold/jepa/kinetics-dataset/k400_targz/train/part_52/DDpKCLdSpFc_000001_000011.mp4,209
/home/leon-gold/jepa/kinetics-dataset/k400_targz/train/part_52/DBwQrQkfSW4_000002_000012.mp4,208
/home/leon-gold/jepa/kinetics-dataset/k400_targz/train/part_52/D9ebTB7o_5I_000003_000013.mp4,254
/home/leon-gold/jepa/kinetics-dataset/k400_targz/train/part_52/DBeZOQX9miA_000019_000029.mp4,31
/home/leon-gold/jepa/kinetics-dataset/k400_targz/train/part_52/D3zEXysdAZg_000004_000014.mp4,339
/home/leon-gold/jepa/kinetics-dataset/k400_targz/train/part_52/D7DtC917HdQ_000002_000012.mp4,379
/home/leon-gold/jepa/kinetics-dataset/k400_targz/train/part_52/DFSG8KfIvBY_000221_000231.mp4,316
/home/leon-gold/jepa/kinetics-dataset/k400_targz/train/part_52/DBLs7tMdVTQ_000295_000305.mp4,67
/home/leon-gold/jepa/kinetics-dataset/k400_targz/train/part_52/D3oaPHzfBD0_000374_000384.mp4,275
/home/leon-gold/jepa/kinetics-dataset/k400_targz/train/part_52/D4AYUKGuI0o_000002_000012.mp4,5
/home/leon-gold/jepa/kinetics-dataset/k400_targz/train/part_52/DBQT6b9Xc8k_000034_000044.mp4,191
/home/leon-gold/jepa/kinetics-dataset/k400_targz/train/part_52/DCgetCJ7mXY_000022_000032.mp4,291
/home/leon-gold/jepa/kinetics-dataset/k400_targz/train/part_52/DDyGHcXXc8M_000025_000035.mp4,204
/home/leon-gold/jepa/kinetics-dataset/k400_targz/train/part_52/D4bmtzD7epw_000004_000014.mp4,112
/home/leon-gold/jepa/kinetics-dataset/k400_targz/train/part_52/D7Z76rxT1nE_000033_000043.mp4,343
/home/leon-gold/jepa/kinetics-dataset/k400_targz/train/part_52/D6UgtbBTIFE_000004_000014.mp4,339
/home/leon-gold/jepa/kinetics-dataset/k400_targz/train/part_52/D49QwJAqlKw_000023_000033.mp4,51
/home/leon-gold/jepa/kinetics-dataset/k400_targz/train/part_52/DBePq3sLJxs_000003_000013.mp4,284
/home/leon-gold/jepa/kinetics-dataset/k400_targz/train/part_52/D3F2JFv1IwA_000071_000081.mp4,147
/home/leon-gold/jepa/kinetics-dataset/k400_targz/train/part_52/D5qFaYVIQBI_000005_000015.mp4,182
/home/leon-gold/jepa/kinetics-dataset/k400_targz/train/part_52/DD3gbj8mj68_000767_000777.mp4,24
/home/leon-gold/jepa/kinetics-dataset/k400_targz/train/part_52/DBfKOCrnoms_000055_000065.mp4,192
/home/leon-gold/jepa/kinetics-dataset/k400_targz/train/part_52/D3eWQhuQZXI_000042_000052.mp4,250
/home/leon-gold/jepa/kinetics-dataset/k400_targz/train/part_52/D1qOApE4UYo_000000_000010.mp4,50
/home/leon-gold/jepa/kinetics-dataset/k400_targz/train/part_52/D5b1GIFkl_8_000001_000011.mp4,197
/home/leon-gold/jepa/kinetics-dataset/k400_targz/train/part_52/D92m0HsHjcQ_000008_000018.mp4,66
/home/leon-gold/jepa/kinetics-dataset/k400_targz/train/part_52/DAdTfPYgBIc_000111_000121.mp4,359
/home/leon-gold/jepa/kinetics-dataset/k400_targz/train/part_52/D1o1bHcFRhY_000028_000038.mp4,219
/home/leon-gold/jepa/kinetics-dataset/k400_targz/train/part_52/D7KHlyIfVFQ_000054_000064.mp4,79
/home/leon-gold/jepa/kinetics-dataset/k400_targz/train/part_52/DBQajDpxSC0_000007_000017.mp4,148
/home/leon-gold/jepa/kinetics-dataset/k400_targz/train/part_52/DG8eBVMmLOA_000002_000012.mp4,143
/home/leon-gold/jepa/kinetics-dataset/k400_targz/train/part_52/D8X9kWCzayw_000061_000071.mp4,11
/home/leon-gold/jepa/kinetics-dataset/k400_targz/train/part_52/DBbmOymKng0_000019_000029.mp4,24
/home/leon-gold/jepa/kinetics-dataset/k400_targz/train/part_52/D9tQXsaWLnc_000057_000067.mp4,244
/home/leon-gold/jepa/kinetics-dataset/k400_targz/train/part_52/D7RC_DTte5U_000024_000034.mp4,87
/home/leon-gold/jepa/kinetics-dataset/k400_targz/train/part_52/D8tF2bPz3xM_000138_000148.mp4,202
/home/leon-gold/jepa/kinetics-dataset/k400_targz/train/part_52/DCHzbftqeYs_000088_000098.mp4,273
/home/leon-gold/jepa/kinetics-dataset/k400_targz/train/part_52/DAuJWHLMRIM_000003_000013.mp4,49
/home/leon-gold/jepa/kinetics-dataset/k400_targz/train/part_52/D1BYSut6OlE_000001_000011.mp4,172
/home/leon-gold/jepa/kinetics-dataset/k400_targz/train/part_52/D9erYx2qnOM_000081_000091.mp4,236
/home/leon-gold/jepa/kinetics-dataset/k400_targz/train/part_52/DB77yAiI8-U_000002_000012.mp4,300
/home/leon-gold/jepa/kinetics-dataset/k400_targz/train/part_52/D3FiRT1U78o_000003_000013.mp4,179
/home/leon-gold/jepa/kinetics-dataset/k400_targz/train/part_52/D3r-4LtHSLU_000012_000022.mp4,43
/home/leon-gold/jepa/kinetics-dataset/k400_targz/train/part_52/DDMaWz5g0YE_000052_000062.mp4,81
/home/leon-gold/jepa/kinetics-dataset/k400_targz/train/part_52/D4QkhxFXdMI_000053_000063.mp4,208
/home/leon-gold/jepa/kinetics-dataset/k400_targz/train/part_52/D04sy4FtSTw_000000_000010.mp4,77
/home/leon-gold/jepa/kinetics-dataset/k400_targz/train/part_52/DG-HPC1BB6w_000027_000037.mp4,234
/home/leon-gold/jepa/kinetics-dataset/k400_targz/train/part_52/DESzyuxLxKM_000006_000016.mp4,195
/home/leon-gold/jepa/kinetics-dataset/k400_targz/train/part_52/DEskXbHhtKA_000006_000016.mp4,388
/home/leon-gold/jepa/kinetics-dataset/k400_targz/train/part_52/D8T1jsFLG10_000053_000063.mp4,24
/home/leon-gold/jepa/kinetics-dataset/k400_targz/train/part_52/D9qRQm52NeI_000253_000263.mp4,108
/home/leon-gold/jepa/kinetics-dataset/k400_targz/train/part_52/D0F4J7rpbpE_000253_000263.mp4,278
/home/leon-gold/jepa/kinetics-dataset/k400_targz/train/part_52/DE6TBt1xCBM_000106_000116.mp4,285
/home/leon-gold/jepa/kinetics-dataset/k400_targz/train/part_52/D4alGOUp0lM_000009_000019.mp4,104
/home/leon-gold/jepa/kinetics-dataset/k400_targz/train/part_52/DDFprX6OlTA_000088_000098.mp4,389
/home/leon-gold/jepa/kinetics-dataset/k400_targz/train/part_52/D6qnKnBTfEc_000018_000028.mp4,333
/home/leon-gold/jepa/kinetics-dataset/k400_targz/train/part_52/DErpid6zOug_000011_000021.mp4,128
/home/leon-gold/jepa/kinetics-dataset/k400_targz/train/part_52/DEKgRwJSHiY_000011_000021.mp4,322
/home/leon-gold/jepa/kinetics-dataset/k400_targz/train/part_52/D9oU8zFENRY_000135_000145.mp4,393
/home/leon-gold/jepa/kinetics-dataset/k400_targz/train/part_52/DDEfbVUAg-4_000031_000041.mp4,123
/home/leon-gold/jepa/kinetics-dataset/k400_targz/train/part_52/D212Ux4e1Kw_000004_000014.mp4,112
/home/leon-gold/jepa/kinetics-dataset/k400_targz/train/part_52/D9EFSNr7Z2I_000033_000043.mp4,116
/home/leon-gold/jepa/kinetics-dataset/k400_targz/train/part_52/D3x5H6sx3pQ_000032_000042.mp4,3
/home/leon-gold/jepa/kinetics-dataset/k400_targz/train/part_52/DD3aIre5Hhg_000185_000195.mp4,139
/home/leon-gold/jepa/kinetics-dataset/k400_targz/train/part_52/DEx3Ks5u96M_000086_000096.mp4,297
/home/leon-gold/jepa/kinetics-dataset/k400_targz/train/part_52/D09BRjerFA4_000096_000106.mp4,169
/home/leon-gold/jepa/kinetics-dataset/k400_targz/train/part_52/DC5aIZeFmC0_000058_000068.mp4,42
/home/leon-gold/jepa/kinetics-dataset/k400_targz/train/part_52/DAChLMS2Q6o_000080_000090.mp4,42
/home/leon-gold/jepa/kinetics-dataset/k400_targz/train/part_52/D3eN6jn_sC4_000117_000127.mp4,350
/home/leon-gold/jepa/kinetics-dataset/k400_targz/train/part_52/D1OjDtaZgqc_000014_000024.mp4,258
/home/leon-gold/jepa/kinetics-dataset/k400_targz/train/part_52/D6ob6vXpUkc_000015_000025.mp4,84
/home/leon-gold/jepa/kinetics-dataset/k400_targz/train/part_52/D8iuPz4jZmM_000022_000032.mp4,1
/home/leon-gold/jepa/kinetics-dataset/k400_targz/train/part_52/D3AGUJJ70XQ_000013_000023.mp4,172
/home/leon-gold/jepa/kinetics-dataset/k400_targz/train/part_52/D3FtbHviCXM_000016_000026.mp4,192
/home/leon-gold/jepa/kinetics-dataset/k400_targz/train/part_52/D3QW--DqHkY_000006_000016.mp4,324
/home/leon-gold/jepa/kinetics-dataset/k400_targz/train/part_52/DFiQ7aCHQec_000007_000017.mp4,134
/home/leon-gold/jepa/kinetics-dataset/k400_targz/train/part_52/DExMaRaGyhc_000134_000144.mp4,96
/home/leon-gold/jepa/kinetics-dataset/k400_targz/train/part_52/DFsbYsynvQw_000022_000032.mp4,337
/home/leon-gold/jepa/kinetics-dataset/k400_targz/train/part_52/D0NRucXj208_000001_000011.mp4,197
/home/leon-gold/jepa/kinetics-dataset/k400_targz/train/part_52/D3y5rAJArBI_000032_000042.mp4,398
/home/leon-gold/jepa/kinetics-dataset/k400_targz/train/part_52/DEEiZMXHwtY_000003_000013.mp4,127
/home/leon-gold/jepa/kinetics-dataset/k400_targz/train/part_52/DFMsBpVekqg_000024_000034.mp4,373
/home/leon-gold/jepa/kinetics-dataset/k400_targz/train/part_52/D3fvTBtUn5E_000092_000102.mp4,77
/home/leon-gold/jepa/kinetics-dataset/k400_targz/train/part_52/DD6nNm0zIpM_000028_000038.mp4,18
/home/leon-gold/jepa/kinetics-dataset/k400_targz/train/part_52/DB2I5Yi45W4_000136_000146.mp4,315
/home/leon-gold/jepa/kinetics-dataset/k400_targz/train/part_52/DB7vPzUrHcU_000000_000010.mp4,315
/home/leon-gold/jepa/kinetics-dataset/k400_targz/train/part_52/DDQ6QJAXnUs_000002_000012.mp4,247
/home/leon-gold/jepa/kinetics-dataset/k400_targz/train/part_52/DESTPru0h4k_000015_000025.mp4,71
/home/leon-gold/jepa/kinetics-dataset/k400_targz/train/part_52/D578UdLeBEY_000584_000594.mp4,70
/home/leon-gold/jepa/kinetics-dataset/k400_targz/train/part_52/D1fyKUsNufI_000087_000097.mp4,220
/home/leon-gold/jepa/kinetics-dataset/k400_targz/train/part_52/D01PXpj7zZI_000000_000010.mp4,306
/home/leon-gold/jepa/kinetics-dataset/k400_targz/train/part_52/D7PyvleQ3ok_000050_000060.mp4,352
/home/leon-gold/jepa/kinetics-dataset/k400_targz/train/part_52/DAjuU9wjcMU_000001_000011.mp4,113
/home/leon-gold/jepa/kinetics-dataset/k400_targz/train/part_52/D2bBKxPxohA_000002_000012.mp4,93
/home/leon-gold/jepa/kinetics-dataset/k400_targz/train/part_52/D4VJJa1b24Q_000072_000082.mp4,284
/home/leon-gold/jepa/kinetics-dataset/k400_targz/train/part_52/DCuma71jMHk_000012_000022.mp4,25
/home/leon-gold/jepa/kinetics-dataset/k400_targz/train/part_52/D81bPB9uNE4_000005_000015.mp4,305
/home/leon-gold/jepa/kinetics-dataset/k400_targz/train/part_52/DCOfQS5GAgU_000138_000148.mp4,166
/home/leon-gold/jepa/kinetics-dataset/k400_targz/train/part_52/D65uOUQ7yT8_000021_000031.mp4,278
/home/leon-gold/jepa/kinetics-dataset/k400_targz/train/part_52/DFcu8ie-77A_000097_000107.mp4,346
/home/leon-gold/jepa/kinetics-dataset/k400_targz/train/part_52/DEdcUaUyg28_000245_000255.mp4,294
/home/leon-gold/jepa/kinetics-dataset/k400_targz/train/part_52/D5EvSwCKEE8_000063_000073.mp4,4
/home/leon-gold/jepa/kinetics-dataset/k400_targz/train/part_52/DEpoyXOYaTQ_000029_000039.mp4,227
/home/leon-gold/jepa/kinetics-dataset/k400_targz/train/part_52/D2vKxZ0VmLQ_000002_000012.mp4,56
/home/leon-gold/jepa/kinetics-dataset/k400_targz/train/part_52/DBicFSLfz_I_000020_000030.mp4,233
/home/leon-gold/jepa/kinetics-dataset/k400_targz/train/part_52/DEcjDHuPs3w_000056_000066.mp4,389
/home/leon-gold/jepa/kinetics-dataset/k400_targz/train/part_52/D23FvzZzDVs_000025_000035.mp4,10
/home/leon-gold/jepa/kinetics-dataset/k400_targz/train/part_52/DCuKZZxgZ9g_000020_000030.mp4,116
/home/leon-gold/jepa/kinetics-dataset/k400_targz/train/part_52/D06JYMRaSgU_000003_000013.mp4,147
/home/leon-gold/jepa/kinetics-dataset/k400_targz/train/part_52/DA6PAY_ZmsE_000649_000659.mp4,352
/home/leon-gold/jepa/kinetics-dataset/k400_targz/train/part_52/DCu-B1qDOPY_000003_000013.mp4,12
/home/leon-gold/jepa/kinetics-dataset/k400_targz/train/part_52/DAZAGgw0Db0_000004_000014.mp4,126
/home/leon-gold/jepa/kinetics-dataset/k400_targz/train/part_52/D8biA7eoNoU_000006_000016.mp4,1
/home/leon-gold/jepa/kinetics-dataset/k400_targz/train/part_52/D36JqfwhGgQ_000108_000118.mp4,353
/home/leon-gold/jepa/kinetics-dataset/k400_targz/train/part_52/D5dNloooZxQ_000029_000039.mp4,339
/home/leon-gold/jepa/kinetics-dataset/k400_targz/train/part_52/DCnK9FqtSkU_000008_000018.mp4,116
/home/leon-gold/jepa/kinetics-dataset/k400_targz/train/part_52/D-gpvS1_iRo_000002_000012.mp4,66
/home/leon-gold/jepa/kinetics-dataset/k400_targz/train/part_52/D8-hVIzSeSI_000001_000011.mp4,102
/home/leon-gold/jepa/kinetics-dataset/k400_targz/train/part_52/D57BKU5pfzQ_000001_000011.mp4,59
/home/leon-gold/jepa/kinetics-dataset/k400_targz/train/part_52/D3EAzy3AHuc_000064_000074.mp4,64
/home/leon-gold/jepa/kinetics-dataset/k400_targz/train/part_52/D04wALPDKt8_000003_000013.mp4,314
/home/leon-gold/jepa/kinetics-dataset/k400_targz/train/part_52/D78IKp0SaT0_000160_000170.mp4,10
/home/leon-gold/jepa/kinetics-dataset/k400_targz/train/part_52/D6E-tQE1p2M_000000_000010.mp4,358
/home/leon-gold/jepa/kinetics-dataset/k400_targz/train/part_52/D3PttW2sVFk_000494_000504.mp4,99
/home/leon-gold/jepa/kinetics-dataset/k400_targz/train/part_52/D2KWjQ5v3Y4_000052_000062.mp4,118
/home/leon-gold/jepa/kinetics-dataset/k400_targz/train/part_52/D7JvEfh23Gs_000002_000012.mp4,1
/home/leon-gold/jepa/kinetics-dataset/k400_targz/train/part_52/D0hiEJPXeGs_000181_000191.mp4,326
/home/leon-gold/jepa/kinetics-dataset/k400_targz/train/part_52/D1kfcNCg0xA_000501_000511.mp4,162
/home/leon-gold/jepa/kinetics-dataset/k400_targz/train/part_52/DASiDJ_2IN8_000128_000138.mp4,12
/home/leon-gold/jepa/kinetics-dataset/k400_targz/train/part_52/D6sz67x-wxM_000026_000036.mp4,330
/home/leon-gold/jepa/kinetics-dataset/k400_targz/train/part_52/D4O_4rH6v1o_000009_000019.mp4,246
/home/leon-gold/jepa/kinetics-dataset/k400_targz/train/part_52/DFx7gGxM-so_000000_000010.mp4,299
/home/leon-gold/jepa/kinetics-dataset/k400_targz/train/part_52/D4jdyQlmEjg_000039_000049.mp4,236
/home/leon-gold/jepa/kinetics-dataset/k400_targz/train/part_52/D9cL3AMiF_k_000265_000275.mp4,258
/home/leon-gold/jepa/kinetics-dataset/k400_targz/train/part_52/D01y14qPY0c_000001_000011.mp4,318
/home/leon-gold/jepa/kinetics-dataset/k400_targz/train/part_52/DFuLC8B3Wtw_000154_000164.mp4,254
/home/leon-gold/jepa/kinetics-dataset/k400_targz/train/part_52/D8m0Z6ZHh14_000126_000136.mp4,258
/home/leon-gold/jepa/kinetics-dataset/k400_targz/train/part_52/D80NBKy0tG0_000030_000040.mp4,283
/home/leon-gold/jepa/kinetics-dataset/k400_targz/train/part_52/DCeYBfVT3NE_000064_000074.mp4,71
/home/leon-gold/jepa/kinetics-dataset/k400_targz/train/part_52/DFX28NEFY38_000157_000167.mp4,71
/home/leon-gold/jepa/kinetics-dataset/k400_targz/train/part_52/D04BM1lFH-w_000023_000033.mp4,236
/home/leon-gold/jepa/kinetics-dataset/k400_targz/train/part_52/DGaH1A7CJVQ_000001_000011.mp4,127
/home/leon-gold/jepa/kinetics-dataset/k400_targz/train/part_52/D4HFgeeVIdM_000004_000014.mp4,305
/home/leon-gold/jepa/kinetics-dataset/k400_targz/train/part_52/D8Yp15ZzEos_000161_000171.mp4,193
/home/leon-gold/jepa/kinetics-dataset/k400_targz/train/part_52/D1JD93DcCi0_000065_000075.mp4,394
/home/leon-gold/jepa/kinetics-dataset/k400_targz/train/part_52/D2cObDWmsfU_000001_000011.mp4,331
/home/leon-gold/jepa/kinetics-dataset/k400_targz/train/part_52/D9Ws2etsDbk_000523_000533.mp4,292
/home/leon-gold/jepa/kinetics-dataset/k400_targz/train/part_52/D2lO1B61l9w_000003_000013.mp4,329
/home/leon-gold/jepa/kinetics-dataset/k400_targz/train/part_52/D9-sgFDmlyo_000019_000029.mp4,57
/home/leon-gold/jepa/kinetics-dataset/k400_targz/train/part_52/DCWq7pf4QVI_000042_000052.mp4,286
/home/leon-gold/jepa/kinetics-dataset/k400_targz/train/part_52/DFdyDEzK2bE_000172_000182.mp4,312
/home/leon-gold/jepa/kinetics-dataset/k400_targz/train/part_52/DBBJlGFUWv0_000313_000323.mp4,374
/home/leon-gold/jepa/kinetics-dataset/k400_targz/train/part_52/D8sgnDKlXHU_000001_000011.mp4,333
/home/leon-gold/jepa/kinetics-dataset/k400_targz/train/part_52/D5aoQgXniEQ_000004_000014.mp4,234
/home/leon-gold/jepa/kinetics-dataset/k400_targz/train/part_52/DDd-oYYwUbU_000004_000014.mp4,296
/home/leon-gold/jepa/kinetics-dataset/k400_targz/train/part_52/D3QCz5HRsDU_000077_000087.mp4,175
/home/leon-gold/jepa/kinetics-dataset/k400_targz/train/part_52/DB0hVm0wvqA_000012_000022.mp4,47
/home/leon-gold/jepa/kinetics-dataset/k400_targz/train/part_52/D5yzrfD6oz8_000188_000198.mp4,283
/home/leon-gold/jepa/kinetics-dataset/k400_targz/train/part_52/D0LVkytHVTs_000021_000031.mp4,83
/home/leon-gold/jepa/kinetics-dataset/k400_targz/train/part_52/D8J7klagfgw_000108_000118.mp4,393
/home/leon-gold/jepa/kinetics-dataset/k400_targz/train/part_52/D8wdDwEsWkE_000127_000137.mp4,267
/home/leon-gold/jepa/kinetics-dataset/k400_targz/train/part_52/DEqM06IQvEM_000055_000065.mp4,72
/home/leon-gold/jepa/kinetics-dataset/k400_targz/train/part_52/D51_d5BQ6X4_000012_000022.mp4,123
/home/leon-gold/jepa/kinetics-dataset/k400_targz/train/part_52/D53cLHNeXVw_000001_000011.mp4,210
/home/leon-gold/jepa/kinetics-dataset/k400_targz/train/part_52/D5bVs0_PjHg_000007_000017.mp4,219
/home/leon-gold/jepa/kinetics-dataset/k400_targz/train/part_52/D7m7RXszkg8_000004_000014.mp4,210
/home/leon-gold/jepa/kinetics-dataset/k400_targz/train/part_52/D9ScHBv2a3Y_000109_000119.mp4,217
/home/leon-gold/jepa/kinetics-dataset/k400_targz/train/part_52/D88UwRpsSj0_000015_000025.mp4,63
/home/leon-gold/jepa/kinetics-dataset/k400_targz/train/part_52/D9M2vXd7W4w_000282_000292.mp4,138
/home/leon-gold/jepa/kinetics-dataset/k400_targz/train/part_52/D82e7SIDEUY_000052_000062.mp4,82
/home/leon-gold/jepa/kinetics-dataset/k400_targz/train/part_52/D3CuI_mXm2E_000006_000016.mp4,122
/home/leon-gold/jepa/kinetics-dataset/k400_targz/train/part_52/D-syEczolJA_000031_000041.mp4,109
/home/leon-gold/jepa/kinetics-dataset/k400_targz/train/part_52/D4u1xZkq4M8_000067_000077.mp4,377
/home/leon-gold/jepa/kinetics-dataset/k400_targz/train/part_52/DBichLGhQgk_000000_000010.mp4,262
/home/leon-gold/jepa/kinetics-dataset/k400_targz/train/part_52/D2uCwMtLpLY_000050_000060.mp4,315
/home/leon-gold/jepa/kinetics-dataset/k400_targz/train/part_52/D2P_h8lNiq4_000044_000054.mp4,189
/home/leon-gold/jepa/kinetics-dataset/k400_targz/train/part_52/D64-TaduPAo_000163_000173.mp4,18
/home/leon-gold/jepa/kinetics-dataset/k400_targz/train/part_52/D0kCwFlN8fs_000065_000075.mp4,143
/home/leon-gold/jepa/kinetics-dataset/k400_targz/train/part_52/DCryufRGk9Q_000117_000127.mp4,356
/home/leon-gold/jepa/kinetics-dataset/k400_targz/train/part_52/DEdmJkrrDeg_000222_000232.mp4,337
/home/leon-gold/jepa/kinetics-dataset/k400_targz/train/part_52/D77cmZM0dGs_000009_000019.mp4,120
/home/leon-gold/jepa/kinetics-dataset/k400_targz/train/part_52/DD9zbV_z77c_000015_000025.mp4,180
/home/leon-gold/jepa/kinetics-dataset/k400_targz/train/part_52/D5y2yudo6SU_000059_000069.mp4,295
/home/leon-gold/jepa/kinetics-dataset/k400_targz/train/part_52/D94fPaNGeo0_000010_000020.mp4,315
/home/leon-gold/jepa/kinetics-dataset/k400_targz/train/part_52/DFXdd9acQp8_000064_000074.mp4,381
/home/leon-gold/jepa/kinetics-dataset/k400_targz/train/part_52/D2tNgi4baaw_001101_001111.mp4,24
/home/leon-gold/jepa/kinetics-dataset/k400_targz/train/part_52/D6lEh9408LI_000061_000071.mp4,30
/home/leon-gold/jepa/kinetics-dataset/k400_targz/train/part_52/D3gQVAhLTBA_000133_000143.mp4,19
/home/leon-gold/jepa/kinetics-dataset/k400_targz/train/part_52/DG01SdKq8Js_000102_000112.mp4,195
/home/leon-gold/jepa/kinetics-dataset/k400_targz/train/part_52/D5zD4XJmFUs_000064_000074.mp4,216
/home/leon-gold/jepa/kinetics-dataset/k400_targz/train/part_52/D0FPuccTlyE_000003_000013.mp4,305
/home/leon-gold/jepa/kinetics-dataset/k400_targz/train/part_52/DFcNEothcOA_000003_000013.mp4,252
/home/leon-gold/jepa/kinetics-dataset/k400_targz/train/part_52/D2sAh54TrVM_000022_000032.mp4,339
/home/leon-gold/jepa/kinetics-dataset/k400_targz/train/part_52/DG5qWigX0ZM_000103_000113.mp4,249
/home/leon-gold/jepa/kinetics-dataset/k400_targz/train/part_52/D9N_u4BdICE_000000_000010.mp4,397
/home/leon-gold/jepa/kinetics-dataset/k400_targz/train/part_52/DBQQZQGm_Mg_000011_000021.mp4,37
/home/leon-gold/jepa/kinetics-dataset/k400_targz/train/part_52/D5Q9YK6o5ME_000057_000067.mp4,171
/home/leon-gold/jepa/kinetics-dataset/k400_targz/train/part_52/DC8gNFjmfvo_000026_000036.mp4,175
/home/leon-gold/jepa/kinetics-dataset/k400_targz/train/part_52/D9YFYmpTCAw_000063_000073.mp4,70
/home/leon-gold/jepa/kinetics-dataset/k400_targz/train/part_52/D6WJW7G9sxQ_000000_000010.mp4,154
/home/leon-gold/jepa/kinetics-dataset/k400_targz/train/part_52/D2IRK1JLjHg_000190_000200.mp4,339
/home/leon-gold/jepa/kinetics-dataset/k400_targz/train/part_52/D8BbrXBG558_000117_000127.mp4,325
/home/leon-gold/jepa/kinetics-dataset/k400_targz/train/part_52/DC5t2H4s3DE_000007_000017.mp4,158
/home/leon-gold/jepa/kinetics-dataset/k400_targz/train/part_52/D1vmlKtyiZg_000277_000287.mp4,133
/home/leon-gold/jepa/kinetics-dataset/k400_targz/train/part_52/D85C4dGd3PQ_000024_000034.mp4,384
/home/leon-gold/jepa/kinetics-dataset/k400_targz/train/part_52/DDrijfHkczQ_000069_000079.mp4,86
/home/leon-gold/jepa/kinetics-dataset/k400_targz/train/part_52/D6UAqhrXf88_000015_000025.mp4,166
/home/leon-gold/jepa/kinetics-dataset/k400_targz/train/part_52/DDXgouaxXMU_000117_000127.mp4,358
/home/leon-gold/jepa/kinetics-dataset/k400_targz/train/part_52/D3vAjuyZH8s_000098_000108.mp4,396
/home/leon-gold/jepa/kinetics-dataset/k400_targz/train/part_52/DA_-jEoeWvQ_000010_000020.mp4,339
/home/leon-gold/jepa/kinetics-dataset/k400_targz/train/part_52/DBJqXHrqlCE_000180_000190.mp4,12
/home/leon-gold/jepa/kinetics-dataset/k400_targz/train/part_52/DEDZSQiCdn4_000058_000068.mp4,165
/home/leon-gold/jepa/kinetics-dataset/k400_targz/train/part_52/DDUAmnu-I7c_000073_000083.mp4,109
/home/leon-gold/jepa/kinetics-dataset/k400_targz/train/part_52/DCl_2Wv-Cxo_000083_000093.mp4,321
/home/leon-gold/jepa/kinetics-dataset/k400_targz/train/part_52/D9ER5Zzy5rk_000034_000044.mp4,104
/home/leon-gold/jepa/kinetics-dataset/k400_targz/train/part_52/D79fcHO5kzY_000117_000127.mp4,193
/home/leon-gold/jepa/kinetics-dataset/k400_targz/train/part_52/DFtOS3oUHuQ_000009_000019.mp4,358
/home/leon-gold/jepa/kinetics-dataset/k400_targz/train/part_52/DC1BX-WYB7E_000003_000013.mp4,203
/home/leon-gold/jepa/kinetics-dataset/k400_targz/train/part_52/D0xtgXE8HkE_000005_000015.mp4,148
/home/leon-gold/jepa/kinetics-dataset/k400_targz/train/part_52/DFtXcPeEXHQ_000000_000010.mp4,109
/home/leon-gold/jepa/kinetics-dataset/k400_targz/train/part_52/DD9IZw6dKSc_000052_000062.mp4,36
/home/leon-gold/jepa/kinetics-dataset/k400_targz/train/part_52/DFvL4QuSAJE_000011_000021.mp4,289
/home/leon-gold/jepa/kinetics-dataset/k400_targz/train/part_52/DB2kDHjOhZM_000085_000095.mp4,254
/home/leon-gold/jepa/kinetics-dataset/k400_targz/train/part_52/DCkg4_1O9YQ_000040_000050.mp4,84
/home/leon-gold/jepa/kinetics-dataset/k400_targz/train/part_52/DB3K-v8xxFU_000017_000027.mp4,48
/home/leon-gold/jepa/kinetics-dataset/k400_targz/train/part_52/DFOoFr2H-24_000038_000048.mp4,244
/home/leon-gold/jepa/kinetics-dataset/k400_targz/train/part_52/D-paY4te89k_000664_000674.mp4,344
/home/leon-gold/jepa/kinetics-dataset/k400_targz/train/part_52/DDMbffKHy3Q_000018_000028.mp4,276
/home/leon-gold/jepa/kinetics-dataset/k400_targz/train/part_52/D1IrFpMqLyQ_000000_000010.mp4,164
/home/leon-gold/jepa/kinetics-dataset/k400_targz/train/part_52/D2EHO_R4uJk_000139_000149.mp4,205
/home/leon-gold/jepa/kinetics-dataset/k400_targz/train/part_52/D22TE0pjcb4_000058_000068.mp4,371
/home/leon-gold/jepa/kinetics-dataset/k400_targz/train/part_52/D9PFhf5jsYU_000001_000011.mp4,77
/home/leon-gold/jepa/kinetics-dataset/k400_targz/train/part_52/DDW3PdQo2JU_000000_000010.mp4,156
/home/leon-gold/jepa/kinetics-dataset/k400_targz/train/part_52/D24DoYabbjg_000035_000045.mp4,177
/home/leon-gold/jepa/kinetics-dataset/k400_targz/train/part_52/DE5_sLXrFJE_000083_000093.mp4,176
/home/leon-gold/jepa/kinetics-dataset/k400_targz/train/part_52/D4JDmzMvEy8_000036_000046.mp4,79
/home/leon-gold/jepa/kinetics-dataset/k400_targz/train/part_52/D7jz-u6GArs_000003_000013.mp4,131
/home/leon-gold/jepa/kinetics-dataset/k400_targz/train/part_52/DGTGEu6VA8I_000036_000046.mp4,61
/home/leon-gold/jepa/kinetics-dataset/k400_targz/train/part_52/D011PXq86ck_000098_000108.mp4,398
/home/leon-gold/jepa/kinetics-dataset/k400_targz/train/part_52/D8U6N8QOehM_000018_000028.mp4,320
/home/leon-gold/jepa/kinetics-dataset/k400_targz/train/part_52/D3sfgXuLc_4_000099_000109.mp4,343
/home/leon-gold/jepa/kinetics-dataset/k400_targz/train/part_52/DE3J4hadkiM_000000_000010.mp4,343
/home/leon-gold/jepa/kinetics-dataset/k400_targz/train/part_52/DET-2SKCw-Y_000003_000013.mp4,274
/home/leon-gold/jepa/kinetics-dataset/k400_targz/train/part_52/D25B4YWF-b0_000001_000011.mp4,307
/home/leon-gold/jepa/kinetics-dataset/k400_targz/train/part_52/D47ctcKYwjA_000000_000010.mp4,156
/home/leon-gold/jepa/kinetics-dataset/k400_targz/train/part_52/D8350gTYdNk_000147_000157.mp4,29
/home/leon-gold/jepa/kinetics-dataset/k400_targz/train/part_52/DAqYla7Rfz0_000100_000110.mp4,331
/home/leon-gold/jepa/kinetics-dataset/k400_targz/train/part_52/D-iZe8UZQwQ_000017_000027.mp4,56
/home/leon-gold/jepa/kinetics-dataset/k400_targz/train/part_52/D10iLKqhhGA_000008_000018.mp4,103
/home/leon-gold/jepa/kinetics-dataset/k400_targz/train/part_52/D5hsvl_k7hU_000003_000013.mp4,307
/home/leon-gold/jepa/kinetics-dataset/k400_targz/train/part_52/DACTrrwVSGg_000007_000017.mp4,376
/home/leon-gold/jepa/kinetics-dataset/k400_targz/train/part_52/D26U0GxLMbk_000017_000027.mp4,313
/home/leon-gold/jepa/kinetics-dataset/k400_targz/train/part_52/DBcfHD0hLJU_000072_000082.mp4,351
/home/leon-gold/jepa/kinetics-dataset/k400_targz/train/part_52/DAHiRMsykmg_000002_000012.mp4,260
/home/leon-gold/jepa/kinetics-dataset/k400_targz/train/part_52/DFlnO8AaRHg_000072_000082.mp4,240
/home/leon-gold/jepa/kinetics-dataset/k400_targz/train/part_52/D2YhAADxGjQ_000003_000013.mp4,208
/home/leon-gold/jepa/kinetics-dataset/k400_targz/train/part_52/D20CF4VTs-w_000016_000026.mp4,296
/home/leon-gold/jepa/kinetics-dataset/k400_targz/train/part_52/DBRO2PlHxJs_000000_000010.mp4,77
/home/leon-gold/jepa/kinetics-dataset/k400_targz/train/part_52/D76hGnPZwhk_000002_000012.mp4,323
/home/leon-gold/jepa/kinetics-dataset/k400_targz/train/part_52/DBIUDDnLgBs_000036_000046.mp4,382
/home/leon-gold/jepa/kinetics-dataset/k400_targz/train/part_52/D2Rsnv3RxWY_000000_000010.mp4,6
/home/leon-gold/jepa/kinetics-dataset/k400_targz/train/part_52/DD5QyulRgF8_000039_000049.mp4,124
/home/leon-gold/jepa/kinetics-dataset/k400_targz/train/part_52/D1GDpEGuR4A_000102_000112.mp4,147
/home/leon-gold/jepa/kinetics-dataset/k400_targz/train/part_52/DBqY44RY-_A_000097_000107.mp4,54
/home/leon-gold/jepa/kinetics-dataset/k400_targz/train/part_52/DBeGFVBHh0s_000274_000284.mp4,240
/home/leon-gold/jepa/kinetics-dataset/k400_targz/train/part_52/D6VNiGYv1Fo_000039_000049.mp4,376
/home/leon-gold/jepa/kinetics-dataset/k400_targz/train/part_52/D1SmSgAPTWM_000001_000011.mp4,59
/home/leon-gold/jepa/kinetics-dataset/k400_targz/train/part_52/D7sdeFJxc5I_000002_000012.mp4,130
/home/leon-gold/jepa/kinetics-dataset/k400_targz/train/part_52/D22TLtNi33I_000070_000080.mp4,205
/home/leon-gold/jepa/kinetics-dataset/k400_targz/train/part_52/D363KRYGVu8_000007_000017.mp4,153
/home/leon-gold/jepa/kinetics-dataset/k400_targz/train/part_52/D8vY_hhQDpg_000021_000031.mp4,334
/home/leon-gold/jepa/kinetics-dataset/k400_targz/train/part_52/DESTQzN6Vqc_000422_000432.mp4,29
/home/leon-gold/jepa/kinetics-dataset/k400_targz/train/part_52/DBb-j-tIom8_000070_000080.mp4,257
/home/leon-gold/jepa/kinetics-dataset/k400_targz/train/part_52/D8w0wxO7jeg_000299_000309.mp4,197
/home/leon-gold/jepa/kinetics-dataset/k400_targz/train/part_52/DC9XDI_Ql6Y_000007_000017.mp4,339
/home/leon-gold/jepa/kinetics-dataset/k400_targz/train/part_52/D21VZksqjx4_000056_000066.mp4,206
/home/leon-gold/jepa/kinetics-dataset/k400_targz/train/part_52/D7TBMUohezI_000010_000020.mp4,27
/home/leon-gold/jepa/kinetics-dataset/k400_targz/train/part_52/DAAefBhuJmQ_000009_000019.mp4,348
/home/leon-gold/jepa/kinetics-dataset/k400_targz/train/part_52/DD_oqJvtu0g_000016_000026.mp4,385
/home/leon-gold/jepa/kinetics-dataset/k400_targz/train/part_52/DFR07wROizQ_000002_000012.mp4,142
/home/leon-gold/jepa/kinetics-dataset/k400_targz/train/part_52/D5dV82Vh9AI_000011_000021.mp4,49
/home/leon-gold/jepa/kinetics-dataset/k400_targz/train/part_52/DCSn9EWNlnM_000066_000076.mp4,389
/home/leon-gold/jepa/kinetics-dataset/k400_targz/train/part_52/DBk5SAehPWU_000081_000091.mp4,80
/home/leon-gold/jepa/kinetics-dataset/k400_targz/train/part_52/D7Qagb-B41s_000228_000238.mp4,56
/home/leon-gold/jepa/kinetics-dataset/k400_targz/train/part_52/DGUnvqo3gt0_000067_000077.mp4,50
/home/leon-gold/jepa/kinetics-dataset/k400_targz/train/part_52/D1x7dDtMBRk_000031_000041.mp4,259
/home/leon-gold/jepa/kinetics-dataset/k400_targz/train/part_52/D9WDOQ766eA_000039_000049.mp4,318
/home/leon-gold/jepa/kinetics-dataset/k400_targz/train/part_52/DB_5cwyg3MI_000000_000010.mp4,245
/home/leon-gold/jepa/kinetics-dataset/k400_targz/train/part_52/D18b2IZpxk0_000012_000022.mp4,268
/home/leon-gold/jepa/kinetics-dataset/k400_targz/train/part_52/D56nj4umRDk_000039_000049.mp4,274
/home/leon-gold/jepa/kinetics-dataset/k400_targz/train/part_52/D0ijO0AOO8k_000001_000011.mp4,155
/home/leon-gold/jepa/kinetics-dataset/k400_targz/train/part_52/D2k6hFI010Y_000222_000232.mp4,324
/home/leon-gold/jepa/kinetics-dataset/k400_targz/train/part_52/D1qeY0tqiKQ_000123_000133.mp4,219
/home/leon-gold/jepa/kinetics-dataset/k400_targz/train/part_52/D0PH2V42gzQ_000141_000151.mp4,126
/home/leon-gold/jepa/kinetics-dataset/k400_targz/train/part_52/DBplbqLje8A_000628_000638.mp4,52
/home/leon-gold/jepa/kinetics-dataset/k400_targz/train/part_52/D7A0ZQbJuAs_000159_000169.mp4,158
/home/leon-gold/jepa/kinetics-dataset/k400_targz/train/part_52/DBGOz0siAqg_000017_000027.mp4,167
/home/leon-gold/jepa/kinetics-dataset/k400_targz/train/part_52/D5YSGFJ6g30_000001_000011.mp4,156
/home/leon-gold/jepa/kinetics-dataset/k400_targz/train/part_52/D3GLIFZZNT0_000003_000013.mp4,43
/home/leon-gold/jepa/kinetics-dataset/k400_targz/train/part_52/DAkS6JNRriY_000005_000015.mp4,325
/home/leon-gold/jepa/kinetics-dataset/k400_targz/train/part_52/DANpSOYfehc_000000_000010.mp4,330
/home/leon-gold/jepa/kinetics-dataset/k400_targz/train/part_52/D1CFxaUjqzE_000149_000159.mp4,35
/home/leon-gold/jepa/kinetics-dataset/k400_targz/train/part_52/DE8EJbnyVNc_000157_000167.mp4,251
/home/leon-gold/jepa/kinetics-dataset/k400_targz/train/part_52/D1VlsF5G0do_000024_000034.mp4,190
/home/leon-gold/jepa/kinetics-dataset/k400_targz/train/part_52/DDjZmpQyBuU_000001_000011.mp4,151
/home/leon-gold/jepa/kinetics-dataset/k400_targz/train/part_52/D7OGgor0Pmw_000013_000023.mp4,50
/home/leon-gold/jepa/kinetics-dataset/k400_targz/train/part_52/D9joSK-bcy0_000000_000010.mp4,172
/home/leon-gold/jepa/kinetics-dataset/k400_targz/train/part_52/D29lgKDl3oY_000012_000022.mp4,302
/home/leon-gold/jepa/kinetics-dataset/k400_targz/train/part_52/DFMCgEIkRuM_000002_000012.mp4,394
/home/leon-gold/jepa/kinetics-dataset/k400_targz/train/part_52/DBMZXCdkhkY_000087_000097.mp4,276
/home/leon-gold/jepa/kinetics-dataset/k400_targz/train/part_52/D5IDdxdjEzI_001409_001419.mp4,396
/home/leon-gold/jepa/kinetics-dataset/k400_targz/train/part_52/DA_iLj7q6RQ_000044_000054.mp4,237
/home/leon-gold/jepa/kinetics-dataset/k400_targz/train/part_52/D9Wk_eFb8gs_000052_000062.mp4,47
/home/leon-gold/jepa/kinetics-dataset/k400_targz/train/part_52/D01dmHYACz4_000241_000251.mp4,11
/home/leon-gold/jepa/kinetics-dataset/k400_targz/train/part_52/DA22yfGROQs_000081_000091.mp4,163
/home/leon-gold/jepa/kinetics-dataset/k400_targz/train/part_52/D2Dd4MkndYE_000120_000130.mp4,43
/home/leon-gold/jepa/kinetics-dataset/k400_targz/train/part_52/D8bVk7ZhYcc_000008_000018.mp4,92
/home/leon-gold/jepa/kinetics-dataset/k400_targz/train/part_52/D2JvqkKa-qM_000003_000013.mp4,329
/home/leon-gold/jepa/kinetics-dataset/k400_targz/train/part_52/DAZ0VBM3wKU_000001_000011.mp4,65
/home/leon-gold/jepa/kinetics-dataset/k400_targz/train/part_52/D0S3PGpfIis_000034_000044.mp4,365
/home/leon-gold/jepa/kinetics-dataset/k400_targz/train/part_52/D1UCgln5Imk_000048_000058.mp4,108
/home/leon-gold/jepa/kinetics-dataset/k400_targz/train/part_52/D6qcXWIpqLI_000002_000012.mp4,208
/home/leon-gold/jepa/kinetics-dataset/k400_targz/train/part_52/D712zVBcjJs_000020_000030.mp4,294
/home/leon-gold/jepa/kinetics-dataset/k400_targz/train/part_52/D002o7A39mI_000016_000026.mp4,339
/home/leon-gold/jepa/kinetics-dataset/k400_targz/train/part_52/DFvHEqQ9ABk_000332_000342.mp4,398
/home/leon-gold/jepa/kinetics-dataset/k400_targz/train/part_52/D3YGE3nJDQc_000078_000088.mp4,221
/home/leon-gold/jepa/kinetics-dataset/k400_targz/train/part_52/DE-nZuX-2FU_000096_000106.mp4,339
/home/leon-gold/jepa/kinetics-dataset/k400_targz/train/part_52/DCVYQSve1_8_000042_000052.mp4,282
/home/leon-gold/jepa/kinetics-dataset/k400_targz/train/part_52/DAWQVqUAs-w_000006_000016.mp4,259
/home/leon-gold/jepa/kinetics-dataset/k400_targz/train/part_52/DFmYoxtr5gk_000925_000935.mp4,286
/home/leon-gold/jepa/kinetics-dataset/k400_targz/train/part_52/DFqi073Xgb4_000139_000149.mp4,170
/home/leon-gold/jepa/kinetics-dataset/k400_targz/train/part_52/D7z1SuLDheg_000001_000011.mp4,208
/home/leon-gold/jepa/kinetics-dataset/k400_targz/train/part_52/D7rxBbO4EcE_000069_000079.mp4,36
/home/leon-gold/jepa/kinetics-dataset/k400_targz/train/part_52/DB-qejfZXIo_000007_000017.mp4,335
/home/leon-gold/jepa/kinetics-dataset/k400_targz/train/part_52/D9TofZUd-Vo_000053_000063.mp4,196
/home/leon-gold/jepa/kinetics-dataset/k400_targz/train/part_52/D0YWTfVuJ0w_000003_000013.mp4,159
/home/leon-gold/jepa/kinetics-dataset/k400_targz/train/part_52/DFm5tbsKno8_000080_000090.mp4,217
/home/leon-gold/jepa/kinetics-dataset/k400_targz/train/part_52/D4rDmAgWFJs_000004_000014.mp4,258
/home/leon-gold/jepa/kinetics-dataset/k400_targz/train/part_52/D1pMYBTG0Q8_000383_000393.mp4,306
/home/leon-gold/jepa/kinetics-dataset/k400_targz/train/part_52/D4Wl1KvBH7s_000014_000024.mp4,390
/home/leon-gold/jepa/kinetics-dataset/k400_targz/train/part_52/D7lm7hLSM0I_000034_000044.mp4,264
/home/leon-gold/jepa/kinetics-dataset/k400_targz/train/part_52/D3CegX7j_n4_000155_000165.mp4,14
/home/leon-gold/jepa/kinetics-dataset/k400_targz/train/part_52/D6Ke3UNgSKc_000029_000039.mp4,30
/home/leon-gold/jepa/kinetics-dataset/k400_targz/train/part_52/D-joROQeX9s_000193_000203.mp4,304
/home/leon-gold/jepa/kinetics-dataset/k400_targz/train/part_52/D8WnhOs60kI_000173_000183.mp4,322
/home/leon-gold/jepa/kinetics-dataset/k400_targz/train/part_52/DFxA4U5HXIE_000029_000039.mp4,280
/home/leon-gold/jepa/kinetics-dataset/k400_targz/train/part_52/DGSeJxF0d4U_000006_000016.mp4,301
/home/leon-gold/jepa/kinetics-dataset/k400_targz/train/part_52/DE5GSb30tiU_000087_000097.mp4,28
/home/leon-gold/jepa/kinetics-dataset/k400_targz/train/part_52/DDbY29aUeWw_000010_000020.mp4,276
/home/leon-gold/jepa/kinetics-dataset/k400_targz/train/part_52/D2hYIz443Wc_000178_000188.mp4,337
/home/leon-gold/jepa/kinetics-dataset/k400_targz/train/part_52/D3Gx0_muoJk_000002_000012.mp4,172
/home/leon-gold/jepa/kinetics-dataset/k400_targz/train/part_52/D0Tc42DgDqQ_000025_000035.mp4,366
/home/leon-gold/jepa/kinetics-dataset/k400_targz/train/part_52/D6xUdp2VHDk_000004_000014.mp4,254
/home/leon-gold/jepa/kinetics-dataset/k400_targz/train/part_52/D1aEbEdLE2w_000005_000015.mp4,206
/home/leon-gold/jepa/kinetics-dataset/k400_targz/train/part_52/D2ZdQ1762YY_000542_000552.mp4,163
/home/leon-gold/jepa/kinetics-dataset/k400_targz/train/part_52/D8NQ1f-pOwo_000024_000034.mp4,147
/home/leon-gold/jepa/kinetics-dataset/k400_targz/train/part_52/D4bJGKG3AUg_000019_000029.mp4,36
/home/leon-gold/jepa/kinetics-dataset/k400_targz/train/part_52/D37Ix9Ng0to_000114_000124.mp4,373
/home/leon-gold/jepa/kinetics-dataset/k400_targz/train/part_52/DC_9Dk5Jfts_000061_000071.mp4,71
/home/leon-gold/jepa/kinetics-dataset/k400_targz/train/part_52/D2oY2Q18W6o_000019_000029.mp4,341
/home/leon-gold/jepa/kinetics-dataset/k400_targz/train/part_52/DF5ZZC6vT24_000024_000034.mp4,245
/home/leon-gold/jepa/kinetics-dataset/k400_targz/train/part_52/DBRPvUh__xk_000003_000013.mp4,174
/home/leon-gold/jepa/kinetics-dataset/k400_targz/train/part_52/D6mwJqGdMr4_001016_001026.mp4,11
/home/leon-gold/jepa/kinetics-dataset/k400_targz/train/part_52/D2Zrs233FTE_000001_000011.mp4,77
/home/leon-gold/jepa/kinetics-dataset/k400_targz/train/part_52/DAaw45mhkTM_000480_000490.mp4,355
/home/leon-gold/jepa/kinetics-dataset/k400_targz/train/part_52/DADZczC5RRg_000254_000264.mp4,15
/home/leon-gold/jepa/kinetics-dataset/k400_targz/train/part_52/D2aYOZYsdsw_000062_000072.mp4,146
/home/leon-gold/jepa/kinetics-dataset/k400_targz/train/part_52/D2FdDLj6HPc_000002_000012.mp4,249
/home/leon-gold/jepa/kinetics-dataset/k400_targz/train/part_52/D270sXN6AZc_000030_000040.mp4,85
/home/leon-gold/jepa/kinetics-dataset/k400_targz/train/part_52/DBbnOAMqtMs_000127_000137.mp4,78
/home/leon-gold/jepa/kinetics-dataset/k400_targz/train/part_52/DB3FMswrIzA_000068_000078.mp4,207
/home/leon-gold/jepa/kinetics-dataset/k400_targz/train/part_52/DCOXYvmtLSc_000058_000068.mp4,42
/home/leon-gold/jepa/kinetics-dataset/k400_targz/train/part_52/D0N2EQwf2nY_000027_000037.mp4,152
/home/leon-gold/jepa/kinetics-dataset/k400_targz/train/part_52/D1ffftA04sM_000015_000025.mp4,373
/home/leon-gold/jepa/kinetics-dataset/k400_targz/train/part_52/D51VGAWLKe0_000032_000042.mp4,214
/home/leon-gold/jepa/kinetics-dataset/k400_targz/train/part_52/D0iyyqD-9Lc_000001_000011.mp4,307
/home/leon-gold/jepa/kinetics-dataset/k400_targz/train/part_52/D7WgVl0kSD0_000188_000198.mp4,380
/home/leon-gold/jepa/kinetics-dataset/k400_targz/train/part_52/DCVe1HG8kJ0_000005_000015.mp4,55
/home/leon-gold/jepa/kinetics-dataset/k400_targz/train/part_52/D7unwh0YJps_000144_000154.mp4,371
/home/leon-gold/jepa/kinetics-dataset/k400_targz/train/part_52/D992UGd9cTY_000011_000021.mp4,149
/home/leon-gold/jepa/kinetics-dataset/k400_targz/train/part_52/DFgFQYTbPzM_000068_000078.mp4,263
/home/leon-gold/jepa/kinetics-dataset/k400_targz/train/part_52/DDcr2LcsOKI_000062_000072.mp4,307
/home/leon-gold/jepa/kinetics-dataset/k400_targz/train/part_52/D5YS8NJ9d9I_000022_000032.mp4,319
/home/leon-gold/jepa/kinetics-dataset/k400_targz/train/part_52/D8977glGfmE_000000_000010.mp4,356
/home/leon-gold/jepa/kinetics-dataset/k400_targz/train/part_52/DCSPU2-MmYY_000291_000301.mp4,250
/home/leon-gold/jepa/kinetics-dataset/k400_targz/train/part_52/D1GAi2_fcSs_000081_000091.mp4,275
/home/leon-gold/jepa/kinetics-dataset/k400_targz/train/part_52/D5F_FDtT6po_000000_000010.mp4,112
/home/leon-gold/jepa/kinetics-dataset/k400_targz/train/part_52/D0ar1RZ26PM_000060_000070.mp4,236
/home/leon-gold/jepa/kinetics-dataset/k400_targz/train/part_52/DC3vuybFDRA_000563_000573.mp4,242
/home/leon-gold/jepa/kinetics-dataset/k400_targz/train/part_52/D2NrOKj5F-0_000219_000229.mp4,167
/home/leon-gold/jepa/kinetics-dataset/k400_targz/train/part_52/DBIkgV6ClyM_000000_000010.mp4,116
/home/leon-gold/jepa/kinetics-dataset/k400_targz/train/part_52/D3H9bg_-9yU_000009_000019.mp4,20
/home/leon-gold/jepa/kinetics-dataset/k400_targz/train/part_52/DEpNdIv1a8I_000012_000022.mp4,69
/home/leon-gold/jepa/kinetics-dataset/k400_targz/train/part_52/D0EXDvRzqyE_000130_000140.mp4,223
/home/leon-gold/jepa/kinetics-dataset/k400_targz/train/part_52/D6uJ_j6qc5w_000018_000028.mp4,227
/home/leon-gold/jepa/kinetics-dataset/k400_targz/train/part_52/DD_lEojh4zc_000001_000011.mp4,92
/home/leon-gold/jepa/kinetics-dataset/k400_targz/train/part_52/DBwVn3FKej4_000041_000051.mp4,106
/home/leon-gold/jepa/kinetics-dataset/k400_targz/train/part_52/D4PXWLO_Ajc_000024_000034.mp4,292
/home/leon-gold/jepa/kinetics-dataset/k400_targz/train/part_52/D9zhlumropg_000416_000426.mp4,255
/home/leon-gold/jepa/kinetics-dataset/k400_targz/train/part_52/D2Q1xLn9W14_000156_000166.mp4,2
/home/leon-gold/jepa/kinetics-dataset/k400_targz/train/part_52/DABLQ81E8fk_000043_000053.mp4,355
/home/leon-gold/jepa/kinetics-dataset/k400_targz/train/part_52/D9Bf4iVpKgc_000358_000368.mp4,202
/home/leon-gold/jepa/kinetics-dataset/k400_targz/train/part_52/D7nHTmlIpH0_000104_000114.mp4,87
/home/leon-gold/jepa/kinetics-dataset/k400_targz/train/part_52/D1hf3G7MmkY_000028_000038.mp4,357
/home/leon-gold/jepa/kinetics-dataset/k400_targz/train/part_52/DBeB0TsspVY_000310_000320.mp4,393
/home/leon-gold/jepa/kinetics-dataset/k400_targz/train/part_52/DE3NDhl5K_k_000011_000021.mp4,43
/home/leon-gold/jepa/kinetics-dataset/k400_targz/train/part_52/D3c7vCnKjyY_000002_000012.mp4,123
/home/leon-gold/jepa/kinetics-dataset/k400_targz/train/part_52/D01Ct0QGVa0_000002_000012.mp4,321
/home/leon-gold/jepa/kinetics-dataset/k400_targz/train/part_52/D1GGjBZWrgE_000003_000013.mp4,212
/home/leon-gold/jepa/kinetics-dataset/k400_targz/train/part_52/D46vT8guElw_000062_000072.mp4,32
/home/leon-gold/jepa/kinetics-dataset/k400_targz/train/part_52/D2-puU3_4VE_000109_000119.mp4,118
/home/leon-gold/jepa/kinetics-dataset/k400_targz/train/part_52/D7sRTNSUW88_000012_000022.mp4,23
/home/leon-gold/jepa/kinetics-dataset/k400_targz/train/part_52/D92s0TVLUG0_000123_000133.mp4,86
/home/leon-gold/jepa/kinetics-dataset/k400_targz/train/part_52/DDH_DTCb0_8_000086_000096.mp4,349
/home/leon-gold/jepa/kinetics-dataset/k400_targz/train/part_52/D8mhkrIQNaM_000030_000040.mp4,349
/home/leon-gold/jepa/kinetics-dataset/k400_targz/train/part_52/DGQnvJfkdhA_000001_000011.mp4,50
/home/leon-gold/jepa/kinetics-dataset/k400_targz/train/part_52/DG00FfJ-a0E_000276_000286.mp4,28
/home/leon-gold/jepa/kinetics-dataset/k400_targz/train/part_52/DEdVsXBut4I_000041_000051.mp4,242
/home/leon-gold/jepa/kinetics-dataset/k400_targz/train/part_52/DBfL3qRUZcU_000006_000016.mp4,240
/home/leon-gold/jepa/kinetics-dataset/k400_targz/train/part_52/DDsakDXj4t8_000016_000026.mp4,338
/home/leon-gold/jepa/kinetics-dataset/k400_targz/train/part_52/DBuFuhfWWbQ_000022_000032.mp4,180
/home/leon-gold/jepa/kinetics-dataset/k400_targz/train/part_52/DAFyYUqTOIc_000373_000383.mp4,7
/home/leon-gold/jepa/kinetics-dataset/k400_targz/train/part_52/DFKoRT1pK8A_000006_000016.mp4,81
/home/leon-gold/jepa/kinetics-dataset/k400_targz/train/part_52/D71kKdCcABM_000000_000010.mp4,127
/home/leon-gold/jepa/kinetics-dataset/k400_targz/train/part_52/D0YAdl_JAYk_000003_000013.mp4,142
/home/leon-gold/jepa/kinetics-dataset/k400_targz/train/part_52/D3dIBsYzzj4_000099_000109.mp4,280
/home/leon-gold/jepa/kinetics-dataset/k400_targz/train/part_52/D1kgKtm23_8_000203_000213.mp4,55
/home/leon-gold/jepa/kinetics-dataset/k400_targz/train/part_52/DCOwPi1hO38_000068_000078.mp4,113
/home/leon-gold/jepa/kinetics-dataset/k400_targz/train/part_52/D6lrQbxUnZ4_000000_000010.mp4,360
/home/leon-gold/jepa/kinetics-dataset/k400_targz/train/part_52/D1PMVFAcMko_000128_000138.mp4,394
/home/leon-gold/jepa/kinetics-dataset/k400_targz/train/part_52/D45NX2C84IA_000012_000022.mp4,264
/home/leon-gold/jepa/kinetics-dataset/k400_targz/train/part_52/D4wkvt3kR_k_000002_000012.mp4,124
/home/leon-gold/jepa/kinetics-dataset/k400_targz/train/part_52/DCLCMdyCK4M_000017_000027.mp4,121
/home/leon-gold/jepa/kinetics-dataset/k400_targz/train/part_52/DBujSKojYmU_000024_000034.mp4,80
/home/leon-gold/jepa/kinetics-dataset/k400_targz/train/part_52/DBpRLJtfCLA_000093_000103.mp4,321
/home/leon-gold/jepa/kinetics-dataset/k400_targz/train/part_52/DFxfyuTUyJs_000099_000109.mp4,104
/home/leon-gold/jepa/kinetics-dataset/k400_targz/train/part_52/DCnXqJKSrXU_000084_000094.mp4,390
/home/leon-gold/jepa/kinetics-dataset/k400_targz/train/part_52/DC6_9WegLq0_000021_000031.mp4,106
/home/leon-gold/jepa/kinetics-dataset/k400_targz/train/part_52/D4T6dUOCeqQ_000010_000020.mp4,235
/home/leon-gold/jepa/kinetics-dataset/k400_targz/train/part_52/D10mzqC6wZs_000275_000285.mp4,103
/home/leon-gold/jepa/kinetics-dataset/k400_targz/train/part_52/D98jLD1UWxA_000004_000014.mp4,315
/home/leon-gold/jepa/kinetics-dataset/k400_targz/train/part_52/DCDQO0GrBN4_000010_000020.mp4,369
/home/leon-gold/jepa/kinetics-dataset/k400_targz/train/part_52/DCvOeLiMFuI_000014_000024.mp4,83
/home/leon-gold/jepa/kinetics-dataset/k400_targz/train/part_52/D9z3PRAwqEA_000153_000163.mp4,41
/home/leon-gold/jepa/kinetics-dataset/k400_targz/train/part_52/DAxBgyhuhyU_000024_000034.mp4,268
/home/leon-gold/jepa/kinetics-dataset/k400_targz/train/part_52/D1roCRgR1k8_000330_000340.mp4,52
/home/leon-gold/jepa/kinetics-dataset/k400_targz/train/part_52/DFVivnEzyd4_000055_000065.mp4,198
/home/leon-gold/jepa/kinetics-dataset/k400_targz/train/part_52/D7R0V_ORR8w_000155_000165.mp4,36
/home/leon-gold/jepa/kinetics-dataset/k400_targz/train/part_52/D3GdyjMp2sI_000021_000031.mp4,192
/home/leon-gold/jepa/kinetics-dataset/k400_targz/train/part_52/DEj247p-0-Q_000004_000014.mp4,137
/home/leon-gold/jepa/kinetics-dataset/k400_targz/train/part_52/DCIFPJYe-P0_000081_000091.mp4,189
/home/leon-gold/jepa/kinetics-dataset/k400_targz/train/part_52/D1SjWOtn3vw_000018_000028.mp4,306
/home/leon-gold/jepa/kinetics-dataset/k400_targz/train/part_52/DD7VtZfe2I0_000042_000052.mp4,43
/home/leon-gold/jepa/kinetics-dataset/k400_targz/train/part_52/D8y_lA3ZGpY_000073_000083.mp4,348
/home/leon-gold/jepa/kinetics-dataset/k400_targz/train/part_52/DBT-HbsO_58_000044_000054.mp4,379
/home/leon-gold/jepa/kinetics-dataset/k400_targz/train/part_52/DABmnOncwY8_000001_000011.mp4,282
/home/leon-gold/jepa/kinetics-dataset/k400_targz/train/part_52/DBx3fuDIUC8_000000_000010.mp4,258
/home/leon-gold/jepa/kinetics-dataset/k400_targz/train/part_52/D9yRh6UAI7c_000078_000088.mp4,370
/home/leon-gold/jepa/kinetics-dataset/k400_targz/train/part_52/D5iXYko0vdg_000227_000237.mp4,123
/home/leon-gold/jepa/kinetics-dataset/k400_targz/train/part_52/D9oIhrnuev0_000145_000155.mp4,368
/home/leon-gold/jepa/kinetics-dataset/k400_targz/train/part_52/D1kU1cokwUU_000018_000028.mp4,149
/home/leon-gold/jepa/kinetics-dataset/k400_targz/train/part_52/D0FWXmHHMwg_000012_000022.mp4,328
/home/leon-gold/jepa/kinetics-dataset/k400_targz/train/part_52/D8dxEaz_c2w_000055_000065.mp4,287
/home/leon-gold/jepa/kinetics-dataset/k400_targz/train/part_52/D0MapjszrZQ_000156_000166.mp4,308
/home/leon-gold/jepa/kinetics-dataset/k400_targz/train/part_52/D5_xKlXBKyw_000022_000032.mp4,236
/home/leon-gold/jepa/kinetics-dataset/k400_targz/train/part_52/D52sLZc0G6k_000014_000024.mp4,316
/home/leon-gold/jepa/kinetics-dataset/k400_targz/train/part_52/DFv4DxTvTBg_000058_000068.mp4,339
/home/leon-gold/jepa/kinetics-dataset/k400_targz/train/part_52/D9LvOk7HmzQ_000319_000329.mp4,135
/home/leon-gold/jepa/kinetics-dataset/k400_targz/train/part_52/D6M-1uemZTU_000152_000162.mp4,287
/home/leon-gold/jepa/kinetics-dataset/k400_targz/train/part_52/D9iwtEHx8M0_000063_000073.mp4,63
/home/leon-gold/jepa/kinetics-dataset/k400_targz/train/part_52/D9yiPcRPbyo_000003_000013.mp4,341
/home/leon-gold/jepa/kinetics-dataset/k400_targz/train/part_52/D3dqpWseEb8_000019_000029.mp4,290
/home/leon-gold/jepa/kinetics-dataset/k400_targz/train/part_52/D7jeS_7oYsg_000003_000013.mp4,67
/home/leon-gold/jepa/kinetics-dataset/k400_targz/train/part_52/D5FmIos8x4s_000004_000014.mp4,151
/home/leon-gold/jepa/kinetics-dataset/k400_targz/train/part_52/D9fhUeAQDC0_000012_000022.mp4,94
/home/leon-gold/jepa/kinetics-dataset/k400_targz/train/part_52/D8Bk1DkXqos_000115_000125.mp4,0
/home/leon-gold/jepa/kinetics-dataset/k400_targz/train/part_52/DApWYyYDOnI_000008_000018.mp4,270
/home/leon-gold/jepa/kinetics-dataset/k400_targz/train/part_52/D7-jxE98wCA_000047_000057.mp4,132
/home/leon-gold/jepa/kinetics-dataset/k400_targz/train/part_52/D9Q3SwPzXjU_000045_000055.mp4,180
/home/leon-gold/jepa/kinetics-dataset/k400_targz/train/part_52/DDVj2oEKnuY_000206_000216.mp4,308
/home/leon-gold/jepa/kinetics-dataset/k400_targz/train/part_52/D6xk9W7177U_000132_000142.mp4,12
/home/leon-gold/jepa/kinetics-dataset/k400_targz/train/part_52/DDYvjOqKg7o_000115_000125.mp4,278
/home/leon-gold/jepa/kinetics-dataset/k400_targz/train/part_52/D0yCpxvLsVM_000156_000166.mp4,130
/home/leon-gold/jepa/kinetics-dataset/k400_targz/train/part_52/DEOgV27Ezak_000005_000015.mp4,201
/home/leon-gold/jepa/kinetics-dataset/k400_targz/train/part_52/D2gY-B53s18_000028_000038.mp4,157
/home/leon-gold/jepa/kinetics-dataset/k400_targz/train/part_52/DAUzHW7-bcQ_000051_000061.mp4,176
/home/leon-gold/jepa/kinetics-dataset/k400_targz/train/part_52/DBAgTm3mv_I_000004_000014.mp4,385
/home/leon-gold/jepa/kinetics-dataset/k400_targz/train/part_52/D1lW2q2KEdI_000045_000055.mp4,25
/home/leon-gold/jepa/kinetics-dataset/k400_targz/train/part_52/D9cdUXuejkk_000009_000019.mp4,373
/home/leon-gold/jepa/kinetics-dataset/k400_targz/train/part_52/D0AHg6vkwaE_000000_000010.mp4,182
/home/leon-gold/jepa/kinetics-dataset/k400_targz/train/part_52/DAdl9GfPUYw_000201_000211.mp4,213
/home/leon-gold/jepa/kinetics-dataset/k400_targz/train/part_52/D6VFlOM7aP8_000026_000036.mp4,62
/home/leon-gold/jepa/kinetics-dataset/k400_targz/train/part_52/D1CzDC-IwWc_000460_000470.mp4,224
/home/leon-gold/jepa/kinetics-dataset/k400_targz/train/part_52/DD-k6-AuziU_000005_000015.mp4,77
/home/leon-gold/jepa/kinetics-dataset/k400_targz/train/part_52/DET1zr5bK6s_000003_000013.mp4,298
/home/leon-gold/jepa/kinetics-dataset/k400_targz/train/part_52/D9XwWCyBSOo_000102_000112.mp4,145
/home/leon-gold/jepa/kinetics-dataset/k400_targz/train/part_52/DAAjrRZTGGQ_000004_000014.mp4,243
/home/leon-gold/jepa/kinetics-dataset/k400_targz/train/part_52/DBigZ9-l75w_000231_000241.mp4,11
/home/leon-gold/jepa/kinetics-dataset/k400_targz/train/part_52/DBQt_czDmGo_000002_000012.mp4,376
/home/leon-gold/jepa/kinetics-dataset/k400_targz/train/part_52/D0qypv8qmt0_000001_000011.mp4,372
/home/leon-gold/jepa/kinetics-dataset/k400_targz/train/part_52/DFfT2bvQ7oc_000334_000344.mp4,329
/home/leon-gold/jepa/kinetics-dataset/k400_targz/train/part_52/DAEf2gLAgVo_000127_000137.mp4,161
/home/leon-gold/jepa/kinetics-dataset/k400_targz/train/part_52/D75XnWuLvqE_000212_000222.mp4,293
/home/leon-gold/jepa/kinetics-dataset/k400_targz/train/part_52/D10FDpBXCC8_000024_000034.mp4,145
/home/leon-gold/jepa/kinetics-dataset/k400_targz/train/part_52/D-nX85Ji3Rs_000003_000013.mp4,341
/home/leon-gold/jepa/kinetics-dataset/k400_targz/train/part_52/D9gBpfn2uNU_000225_000235.mp4,264
/home/leon-gold/jepa/kinetics-dataset/k400_targz/train/part_52/DERePOT3Lbk_000002_000012.mp4,272
/home/leon-gold/jepa/kinetics-dataset/k400_targz/train/part_52/D6-buPTyCbo_000140_000150.mp4,371
/home/leon-gold/jepa/kinetics-dataset/k400_targz/train/part_52/D4R5XhbLt1U_000209_000219.mp4,327
/home/leon-gold/jepa/kinetics-dataset/k400_targz/train/part_52/D1k53pg69lM_000075_000085.mp4,380
/home/leon-gold/jepa/kinetics-dataset/k400_targz/train/part_52/D0xkInWmuR8_000018_000028.mp4,259
/home/leon-gold/jepa/kinetics-dataset/k400_targz/train/part_52/D04mMsbNmfY_000004_000014.mp4,318
/home/leon-gold/jepa/kinetics-dataset/k400_targz/train/part_52/D4MgX6FI2VE_000015_000025.mp4,99
/home/leon-gold/jepa/kinetics-dataset/k400_targz/train/part_52/DDkQ5rkCI_I_000063_000073.mp4,240
/home/leon-gold/jepa/kinetics-dataset/k400_targz/train/part_52/D3iyJKbejZM_000061_000071.mp4,22
/home/leon-gold/jepa/kinetics-dataset/k400_targz/train/part_52/D1dYRBE4JHo_000003_000013.mp4,253
/home/leon-gold/jepa/kinetics-dataset/k400_targz/train/part_52/DFOWXj9mwtE_000129_000139.mp4,108
/home/leon-gold/jepa/kinetics-dataset/k400_targz/train/part_52/DEQ9ZJZoUIQ_000002_000012.mp4,298
/home/leon-gold/jepa/kinetics-dataset/k400_targz/train/part_52/DF9CGVGiKXY_000066_000076.mp4,311
/home/leon-gold/jepa/kinetics-dataset/k400_targz/train/part_52/D99ffl7huUU_000090_000100.mp4,393
/home/leon-gold/jepa/kinetics-dataset/k400_targz/train/part_52/D7RX_UIuRLU_000046_000056.mp4,68
/home/leon-gold/jepa/kinetics-dataset/k400_targz/train/part_52/D1LMSDEJuNs_000056_000066.mp4,308
/home/leon-gold/jepa/kinetics-dataset/k400_targz/train/part_52/DAOtHMMVbFw_000003_000013.mp4,127
/home/leon-gold/jepa/kinetics-dataset/k400_targz/train/part_52/D8xkIj7vLEY_001080_001090.mp4,282
/home/leon-gold/jepa/kinetics-dataset/k400_targz/train/part_52/D1SDDVNVbPA_000078_000088.mp4,283
/home/leon-gold/jepa/kinetics-dataset/k400_targz/train/part_52/DCO0i1MkU0g_000003_000013.mp4,262
/home/leon-gold/jepa/kinetics-dataset/k400_targz/train/part_52/DFWwfkI8fvM_000022_000032.mp4,125
/home/leon-gold/jepa/kinetics-dataset/k400_targz/train/part_52/D4-8--Kp3Co_000002_000012.mp4,360
/home/leon-gold/jepa/kinetics-dataset/k400_targz/train/part_52/D3Q4O5Fwey0_000012_000022.mp4,317
/home/leon-gold/jepa/kinetics-dataset/k400_targz/train/part_52/DBTfTQoSZIE_000120_000130.mp4,278
/home/leon-gold/jepa/kinetics-dataset/k400_targz/train/part_52/D598eDBMwQM_000096_000106.mp4,176
/home/leon-gold/jepa/kinetics-dataset/k400_targz/train/part_52/D1r9wwEaqYQ_000005_000015.mp4,40
/home/leon-gold/jepa/kinetics-dataset/k400_targz/train/part_52/DGEk7fVCod8_000032_000042.mp4,398
/home/leon-gold/jepa/kinetics-dataset/k400_targz/train/part_52/DB7td49zHVU_000030_000040.mp4,211
/home/leon-gold/jepa/kinetics-dataset/k400_targz/train/part_52/DBvAXXlahuk_000003_000013.mp4,319
/home/leon-gold/jepa/kinetics-dataset/k400_targz/train/part_52/D21udKQW2Fw_000024_000034.mp4,280
/home/leon-gold/jepa/kinetics-dataset/k400_targz/train/part_52/D6CxC_8-xTQ_000197_000207.mp4,382
/home/leon-gold/jepa/kinetics-dataset/k400_targz/train/part_52/DC4-D1XbXE4_000007_000017.mp4,45
/home/leon-gold/jepa/kinetics-dataset/k400_targz/train/part_52/D0Y5sqEWn5Q_000016_000026.mp4,269
/home/leon-gold/jepa/kinetics-dataset/k400_targz/train/part_52/D53rANqFaio_000069_000079.mp4,325
/home/leon-gold/jepa/kinetics-dataset/k400_targz/train/part_52/DBvHdCUx7Q0_000011_000021.mp4,254
/home/leon-gold/jepa/kinetics-dataset/k400_targz/train/part_52/D1k2YmVaUaE_000019_000029.mp4,123
/home/leon-gold/jepa/kinetics-dataset/k400_targz/train/part_52/D41ZBPP8TaE_000036_000046.mp4,62
/home/leon-gold/jepa/kinetics-dataset/k400_targz/train/part_52/DFvSc8MYd0Y_000023_000033.mp4,193
/home/leon-gold/jepa/kinetics-dataset/k400_targz/train/part_52/DG1DTJ3-VaU_000013_000023.mp4,260
/home/leon-gold/jepa/kinetics-dataset/k400_targz/train/part_52/DFuS8h_6mDg_000017_000027.mp4,68
/home/leon-gold/jepa/kinetics-dataset/k400_targz/train/part_52/D1st0rNHNNU_000000_000010.mp4,249
/home/leon-gold/jepa/kinetics-dataset/k400_targz/train/part_52/D8y-Za-xpdk_000004_000014.mp4,192
/home/leon-gold/jepa/kinetics-dataset/k400_targz/train/part_52/D5o1yWLquBQ_000064_000074.mp4,23
/home/leon-gold/jepa/kinetics-dataset/k400_targz/train/part_52/D-ki46qoxK0_000000_000010.mp4,168
/home/leon-gold/jepa/kinetics-dataset/k400_targz/train/part_52/DANaztErVkU_000083_000093.mp4,286
/home/leon-gold/jepa/kinetics-dataset/k400_targz/train/part_52/D32_1gwq35E_000127_000137.mp4,66
/home/leon-gold/jepa/kinetics-dataset/k400_targz/train/part_52/DC_xTU3qaP8_000346_000356.mp4,14
/home/leon-gold/jepa/kinetics-dataset/k400_targz/train/part_52/DFOHvXCYsCI_000004_000014.mp4,76
/home/leon-gold/jepa/kinetics-dataset/k400_targz/train/part_52/DEemuNJfSUU_000003_000013.mp4,60
/home/leon-gold/jepa/kinetics-dataset/k400_targz/train/part_52/D4LRJW11k6U_000002_000012.mp4,367
/home/leon-gold/jepa/kinetics-dataset/k400_targz/train/part_52/D2XJHjUrheA_000002_000012.mp4,2
/home/leon-gold/jepa/kinetics-dataset/k400_targz/train/part_52/D7THpKswXU4_000003_000013.mp4,19
/home/leon-gold/jepa/kinetics-dataset/k400_targz/train/part_52/DAxObFHHQBs_000108_000118.mp4,70
/home/leon-gold/jepa/kinetics-dataset/k400_targz/train/part_52/DD6tBz5_EWA_000123_000133.mp4,151
/home/leon-gold/jepa/kinetics-dataset/k400_targz/train/part_52/D2UK5OOxp7o_000147_000157.mp4,205
/home/leon-gold/jepa/kinetics-dataset/k400_targz/train/part_52/D5lObHb4wr0_000097_000107.mp4,43
/home/leon-gold/jepa/kinetics-dataset/k400_targz/train/part_52/DEy8evYOLQg_000013_000023.mp4,59
/home/leon-gold/jepa/kinetics-dataset/k400_targz/train/part_52/DCgUSPjsO6g_000000_000010.mp4,148
/home/leon-gold/jepa/kinetics-dataset/k400_targz/train/part_52/DCkAtZkncy8_000201_000211.mp4,17
/home/leon-gold/jepa/kinetics-dataset/k400_targz/train/part_52/DFTSC2h2itM_000000_000010.mp4,60
/home/leon-gold/jepa/kinetics-dataset/k400_targz/train/part_52/DEPeJhUrJzo_000034_000044.mp4,300
/home/leon-gold/jepa/kinetics-dataset/k400_targz/train/part_52/D3Cw95zhQGg_000018_000028.mp4,157
/home/leon-gold/jepa/kinetics-dataset/k400_targz/train/part_52/DF19OZdC7y8_000000_000010.mp4,156
/home/leon-gold/jepa/kinetics-dataset/k400_targz/train/part_52/DEBqt_LTviA_000062_000072.mp4,173
/home/leon-gold/jepa/kinetics-dataset/k400_targz/train/part_52/D90T52pfkB4_000103_000113.mp4,264
/home/leon-gold/jepa/kinetics-dataset/k400_targz/train/part_52/D4BUv0nlHiI_000017_000027.mp4,254
/home/leon-gold/jepa/kinetics-dataset/k400_targz/train/part_52/D1gmhhahZnc_000002_000012.mp4,5
/home/leon-gold/jepa/kinetics-dataset/k400_targz/train/part_52/D4zFWG_AdZM_000095_000105.mp4,162
/home/leon-gold/jepa/kinetics-dataset/k400_targz/train/part_52/D4ibmvkRitk_000529_000539.mp4,161
/home/leon-gold/jepa/kinetics-dataset/k400_targz/train/part_52/DDabGjqc1AM_000050_000060.mp4,128
/home/leon-gold/jepa/kinetics-dataset/k400_targz/train/part_52/D9e0d0FF51w_000006_000016.mp4,197
/home/leon-gold/jepa/kinetics-dataset/k400_targz/train/part_52/DDLKGqjwGqk_000000_000010.mp4,385
/home/leon-gold/jepa/kinetics-dataset/k400_targz/train/part_52/D2uOHiRs5kQ_000004_000014.mp4,248
/home/leon-gold/jepa/kinetics-dataset/k400_targz/train/part_52/D1ZzX3B0tGk_000014_000024.mp4,173
/home/leon-gold/jepa/kinetics-dataset/k400_targz/train/part_52/D-qAC2BX8EI_000038_000048.mp4,132
/home/leon-gold/jepa/kinetics-dataset/k400_targz/train/part_52/DBt8sfmLoOU_000005_000015.mp4,302
/home/leon-gold/jepa/kinetics-dataset/k400_targz/train/part_52/D9zZ4ep76xM_000000_000010.mp4,43
/home/leon-gold/jepa/kinetics-dataset/k400_targz/train/part_52/D15Pc0ighGM_000002_000012.mp4,22
/home/leon-gold/jepa/kinetics-dataset/k400_targz/train/part_52/D0mleCwCndg_000003_000013.mp4,169
/home/leon-gold/jepa/kinetics-dataset/k400_targz/train/part_52/DEq2KBdbmwc_000177_000187.mp4,326
/home/leon-gold/jepa/kinetics-dataset/k400_targz/train/part_52/D2jQJMMycdk_000122_000132.mp4,207
/home/leon-gold/jepa/kinetics-dataset/k400_targz/train/part_52/D9eYdY8ERlU_000010_000020.mp4,93
/home/leon-gold/jepa/kinetics-dataset/k400_targz/train/part_52/DGNY4zrMBjo_000338_000348.mp4,29
/home/leon-gold/jepa/kinetics-dataset/k400_targz/train/part_52/DD7SHZXLtXw_000017_000027.mp4,0
/home/leon-gold/jepa/kinetics-dataset/k400_targz/train/part_52/D4UROfPaTU8_000004_000014.mp4,143
/home/leon-gold/jepa/kinetics-dataset/k400_targz/train/part_52/D2-IlraGG_w_000006_000016.mp4,205
/home/leon-gold/jepa/kinetics-dataset/k400_targz/train/part_52/DDZKxj7O4ZA_000073_000083.mp4,218
/home/leon-gold/jepa/kinetics-dataset/k400_targz/train/part_52/DBR86CSPP_o_000022_000032.mp4,153
/home/leon-gold/jepa/kinetics-dataset/k400_targz/train/part_52/DBZyRBNb3no_000074_000084.mp4,225
/home/leon-gold/jepa/kinetics-dataset/k400_targz/train/part_52/DBoZI9w-uCM_000459_000469.mp4,226
/home/leon-gold/jepa/kinetics-dataset/k400_targz/train/part_52/D7e57nT2PF4_000005_000015.mp4,160
/home/leon-gold/jepa/kinetics-dataset/k400_targz/train/part_52/D9z7coAXsEU_000147_000157.mp4,55
/home/leon-gold/jepa/kinetics-dataset/k400_targz/train/part_52/D3rKY1gZocs_000328_000338.mp4,70
/home/leon-gold/jepa/kinetics-dataset/k400_targz/train/part_52/D918oJgKX_w_000039_000049.mp4,369
/home/leon-gold/jepa/kinetics-dataset/k400_targz/train/part_52/DCW-HcmjQMs_000082_000092.mp4,94
/home/leon-gold/jepa/kinetics-dataset/k400_targz/train/part_52/DFq6ltYMGic_000074_000084.mp4,164
/home/leon-gold/jepa/kinetics-dataset/k400_targz/train/part_52/D66wW0at8JM_000005_000015.mp4,306
/home/leon-gold/jepa/kinetics-dataset/k400_targz/train/part_52/D7PQwSZmCLQ_000003_000013.mp4,166
/home/leon-gold/jepa/kinetics-dataset/k400_targz/train/part_52/DFmXV0FzLmk_000374_000384.mp4,94
/home/leon-gold/jepa/kinetics-dataset/k400_targz/train/part_52/D1iMSvjNZ7Y_000322_000332.mp4,6
/home/leon-gold/jepa/kinetics-dataset/k400_targz/train/part_52/D-lr-hNM60k_000066_000076.mp4,339
/home/leon-gold/jepa/kinetics-dataset/k400_targz/train/part_52/D7uSpHVTH2E_000003_000013.mp4,186
/home/leon-gold/jepa/kinetics-dataset/k400_targz/train/part_52/DB1EgAdUEaY_000095_000105.mp4,193
/home/leon-gold/jepa/kinetics-dataset/k400_targz/train/part_52/D49cnqXeCY4_000042_000052.mp4,22
/home/leon-gold/jepa/kinetics-dataset/k400_targz/train/part_52/D2t_bu1sURI_000050_000060.mp4,247
/home/leon-gold/jepa/kinetics-dataset/k400_targz/train/part_52/D3GlSS5ZIlU_000129_000139.mp4,35
/home/leon-gold/jepa/kinetics-dataset/k400_targz/train/part_52/DE8eaiyrap8_000674_000684.mp4,132
/home/leon-gold/jepa/kinetics-dataset/k400_targz/train/part_52/DFks_YNpekA_000028_000038.mp4,227
/home/leon-gold/jepa/kinetics-dataset/k400_targz/train/part_52/DEBinoiqR8Q_000002_000012.mp4,49
/home/leon-gold/jepa/kinetics-dataset/k400_targz/train/part_52/D447iFS_dEg_000767_000777.mp4,274
/home/leon-gold/jepa/kinetics-dataset/k400_targz/train/part_52/D7l2N7Y4PB8_000025_000035.mp4,325
/home/leon-gold/jepa/kinetics-dataset/k400_targz/train/part_52/DDT7OSsRttQ_000095_000105.mp4,328
/home/leon-gold/jepa/kinetics-dataset/k400_targz/train/part_52/D8aN64X6jCM_000003_000013.mp4,92
/home/leon-gold/jepa/kinetics-dataset/k400_targz/train/part_52/D05G5BWaj-M_000009_000019.mp4,182
/home/leon-gold/jepa/kinetics-dataset/k400_targz/train/part_52/D5yoPHBzhFs_000595_000605.mp4,35
/home/leon-gold/jepa/kinetics-dataset/k400_targz/train/part_52/DECjihd5DcQ_000118_000128.mp4,271
/home/leon-gold/jepa/kinetics-dataset/k400_targz/train/part_52/D9j8sk1LQ3g_000008_000018.mp4,59
/home/leon-gold/jepa/kinetics-dataset/k400_targz/train/part_52/D2gVBt8CxZ4_000137_000147.mp4,349
/home/leon-gold/jepa/kinetics-dataset/k400_targz/train/part_52/DFxkuSCt5No_000037_000047.mp4,115
/home/leon-gold/jepa/kinetics-dataset/k400_targz/train/part_52/D3sYQyDGR_8_000020_000030.mp4,220
/home/leon-gold/jepa/kinetics-dataset/k400_targz/train/part_52/D0Fp_jIANzg_000136_000146.mp4,388
/home/leon-gold/jepa/kinetics-dataset/k400_targz/train/part_52/DACu7NwUh5E_000184_000194.mp4,94
/home/leon-gold/jepa/kinetics-dataset/k400_targz/train/part_52/D4Z_n_9i0Es_000051_000061.mp4,262
/home/leon-gold/jepa/kinetics-dataset/k400_targz/train/part_52/D5qUCvK6Pew_000096_000106.mp4,108
/home/leon-gold/jepa/kinetics-dataset/k400_targz/train/part_52/DFlx_iAr5Pk_000033_000043.mp4,240
/home/leon-gold/jepa/kinetics-dataset/k400_targz/train/part_52/D2u-csh0AcM_000000_000010.mp4,364
/home/leon-gold/jepa/kinetics-dataset/k400_targz/train/part_52/D6O50Y4wt6I_000084_000094.mp4,294
/home/leon-gold/jepa/kinetics-dataset/k400_targz/train/part_52/D06IxagihFM_000017_000027.mp4,240
/home/leon-gold/jepa/kinetics-dataset/k400_targz/train/part_52/DD42_LcPKjw_000011_000021.mp4,229
/home/leon-gold/jepa/kinetics-dataset/k400_targz/train/part_52/D5FNqkfI7nQ_000020_000030.mp4,269
/home/leon-gold/jepa/kinetics-dataset/k400_targz/train/part_52/DDocEoCdH-4_000069_000079.mp4,223
/home/leon-gold/jepa/kinetics-dataset/k400_targz/train/part_52/DGSM_hXw9Sg_000085_000095.mp4,141
/home/leon-gold/jepa/kinetics-dataset/k400_targz/train/part_52/D8YGkzZBWoI_000087_000097.mp4,249
/home/leon-gold/jepa/kinetics-dataset/k400_targz/train/part_52/DFaP6BW2mKA_000000_000010.mp4,260
/home/leon-gold/jepa/kinetics-dataset/k400_targz/train/part_52/D053z9btS7I_000297_000307.mp4,193
/home/leon-gold/jepa/kinetics-dataset/k400_targz/train/part_52/D9kanCHmKxw_000083_000093.mp4,285
