path,class
/home/leon-gold/jepa/kinetics-dataset/k400_targz/train/part_5/0cAyBAWc8lI_000002_000012.mp4,330
/home/leon-gold/jepa/kinetics-dataset/k400_targz/train/part_5/0hhdwUcurPY_000123_000133.mp4,304
/home/leon-gold/jepa/kinetics-dataset/k400_targz/train/part_5/0jOrRzjfbAI_000019_000029.mp4,193
/home/leon-gold/jepa/kinetics-dataset/k400_targz/train/part_5/0heRujNYUAw_000012_000022.mp4,2
/home/leon-gold/jepa/kinetics-dataset/k400_targz/train/part_5/0ZGhc42rU7k_000037_000047.mp4,254
/home/leon-gold/jepa/kinetics-dataset/k400_targz/train/part_5/0fn83FViHAM_000000_000010.mp4,318
/home/leon-gold/jepa/kinetics-dataset/k400_targz/train/part_5/0gJW4OWwfBE_000019_000029.mp4,307
/home/leon-gold/jepa/kinetics-dataset/k400_targz/train/part_5/0hoO_olqi28_000014_000024.mp4,258
/home/leon-gold/jepa/kinetics-dataset/k400_targz/train/part_5/0VZAgBAgdP8_000011_000021.mp4,125
/home/leon-gold/jepa/kinetics-dataset/k400_targz/train/part_5/0YeQn3xV3Hc_000004_000014.mp4,80
/home/leon-gold/jepa/kinetics-dataset/k400_targz/train/part_5/0VjTDISCbUw_000001_000011.mp4,151
/home/leon-gold/jepa/kinetics-dataset/k400_targz/train/part_5/0_-j-oQgeNk_000247_000257.mp4,97
/home/leon-gold/jepa/kinetics-dataset/k400_targz/train/part_5/0gQZ8L9ZXsc_000000_000010.mp4,172
/home/leon-gold/jepa/kinetics-dataset/k400_targz/train/part_5/0frqxwJ4kPQ_000052_000062.mp4,243
/home/leon-gold/jepa/kinetics-dataset/k400_targz/train/part_5/0VUklVS4Qf8_000140_000150.mp4,54
/home/leon-gold/jepa/kinetics-dataset/k400_targz/train/part_5/0drToY_Emus_000013_000023.mp4,337
/home/leon-gold/jepa/kinetics-dataset/k400_targz/train/part_5/0beBznsfzsk_000001_000011.mp4,229
/home/leon-gold/jepa/kinetics-dataset/k400_targz/train/part_5/0hhfOGkn8AU_000047_000057.mp4,204
/home/leon-gold/jepa/kinetics-dataset/k400_targz/train/part_5/0eOfjAfor9U_000143_000153.mp4,206
/home/leon-gold/jepa/kinetics-dataset/k400_targz/train/part_5/0duJnIG59fQ_000100_000110.mp4,371
/home/leon-gold/jepa/kinetics-dataset/k400_targz/train/part_5/0VFxVR1WAA4_000039_000049.mp4,192
/home/leon-gold/jepa/kinetics-dataset/k400_targz/train/part_5/0fdlHxqKBOU_000053_000063.mp4,330
/home/leon-gold/jepa/kinetics-dataset/k400_targz/train/part_5/0hSgEonuekA_000006_000016.mp4,378
/home/leon-gold/jepa/kinetics-dataset/k400_targz/train/part_5/0Zq4aCYOiZk_000046_000056.mp4,357
/home/leon-gold/jepa/kinetics-dataset/k400_targz/train/part_5/0b9i1B_tqAo_000102_000112.mp4,246
/home/leon-gold/jepa/kinetics-dataset/k400_targz/train/part_5/0eFkAXhFBZg_000021_000031.mp4,46
/home/leon-gold/jepa/kinetics-dataset/k400_targz/train/part_5/0ZBMjp4Ye0A_000020_000030.mp4,67
/home/leon-gold/jepa/kinetics-dataset/k400_targz/train/part_5/0VKc8TbBloE_000024_000034.mp4,103
/home/leon-gold/jepa/kinetics-dataset/k400_targz/train/part_5/0U5eS-mrCLo_000014_000024.mp4,208
/home/leon-gold/jepa/kinetics-dataset/k400_targz/train/part_5/0_EeIVIi5vU_000012_000022.mp4,134
/home/leon-gold/jepa/kinetics-dataset/k400_targz/train/part_5/0WcEDHLc53I_000071_000081.mp4,217
/home/leon-gold/jepa/kinetics-dataset/k400_targz/train/part_5/0W-Xv2JGGes_000349_000359.mp4,108
/home/leon-gold/jepa/kinetics-dataset/k400_targz/train/part_5/0V_3U4RPBJE_000016_000026.mp4,375
/home/leon-gold/jepa/kinetics-dataset/k400_targz/train/part_5/0aG0-C_Z2_I_000046_000056.mp4,243
/home/leon-gold/jepa/kinetics-dataset/k400_targz/train/part_5/0_DuJrfSw7I_000097_000107.mp4,23
/home/leon-gold/jepa/kinetics-dataset/k400_targz/train/part_5/0V5JqGDecGQ_000014_000024.mp4,69
/home/leon-gold/jepa/kinetics-dataset/k400_targz/train/part_5/0jiWHEDJb5Q_000091_000101.mp4,252
/home/leon-gold/jepa/kinetics-dataset/k400_targz/train/part_5/0afCBwMHdHI_000003_000013.mp4,252
/home/leon-gold/jepa/kinetics-dataset/k400_targz/train/part_5/0V066qnmi1A_000454_000464.mp4,54
/home/leon-gold/jepa/kinetics-dataset/k400_targz/train/part_5/0UZGx6yt37o_000045_000055.mp4,192
/home/leon-gold/jepa/kinetics-dataset/k400_targz/train/part_5/0WsW2GY4jqw_000023_000033.mp4,83
/home/leon-gold/jepa/kinetics-dataset/k400_targz/train/part_5/0c3PhelPxZA_000001_000011.mp4,334
/home/leon-gold/jepa/kinetics-dataset/k400_targz/train/part_5/0WNprz_EwiQ_000015_000025.mp4,47
/home/leon-gold/jepa/kinetics-dataset/k400_targz/train/part_5/0hggXp7zXwI_000000_000010.mp4,363
/home/leon-gold/jepa/kinetics-dataset/k400_targz/train/part_5/0eqjfo5G8B4_000121_000131.mp4,89
/home/leon-gold/jepa/kinetics-dataset/k400_targz/train/part_5/0hJeAZrxfKA_000025_000035.mp4,214
/home/leon-gold/jepa/kinetics-dataset/k400_targz/train/part_5/0fEu7G0Bsiw_000043_000053.mp4,37
/home/leon-gold/jepa/kinetics-dataset/k400_targz/train/part_5/0Xzs2MyIR5A_000004_000014.mp4,296
/home/leon-gold/jepa/kinetics-dataset/k400_targz/train/part_5/0dadaBna6Gw_000017_000027.mp4,21
/home/leon-gold/jepa/kinetics-dataset/k400_targz/train/part_5/0gkS4EsnIFs_000072_000082.mp4,337
/home/leon-gold/jepa/kinetics-dataset/k400_targz/train/part_5/0aNBmnq0Dk4_000052_000062.mp4,230
/home/leon-gold/jepa/kinetics-dataset/k400_targz/train/part_5/0fXB4HjzHyk_000006_000016.mp4,125
/home/leon-gold/jepa/kinetics-dataset/k400_targz/train/part_5/0aMtg1-pra8_000000_000010.mp4,296
/home/leon-gold/jepa/kinetics-dataset/k400_targz/train/part_5/0UgyqJtni6g_000035_000045.mp4,269
/home/leon-gold/jepa/kinetics-dataset/k400_targz/train/part_5/0_sKj7i6EFk_000011_000021.mp4,27
/home/leon-gold/jepa/kinetics-dataset/k400_targz/train/part_5/0aL9MYTwE-s_000013_000023.mp4,44
/home/leon-gold/jepa/kinetics-dataset/k400_targz/train/part_5/0c2smafL5nk_000000_000010.mp4,99
/home/leon-gold/jepa/kinetics-dataset/k400_targz/train/part_5/0fd4OB1fkew_000056_000066.mp4,152
/home/leon-gold/jepa/kinetics-dataset/k400_targz/train/part_5/0eAqJ4-oKTM_000056_000066.mp4,334
/home/leon-gold/jepa/kinetics-dataset/k400_targz/train/part_5/0WzFqH4CPzI_000001_000011.mp4,255
/home/leon-gold/jepa/kinetics-dataset/k400_targz/train/part_5/0TszFqYxFc4_000062_000072.mp4,99
/home/leon-gold/jepa/kinetics-dataset/k400_targz/train/part_5/0W18Y8MMyLo_000085_000095.mp4,56
/home/leon-gold/jepa/kinetics-dataset/k400_targz/train/part_5/0ic3bUgbEa0_000208_000218.mp4,176
/home/leon-gold/jepa/kinetics-dataset/k400_targz/train/part_5/0UEMkpXlAj8_000023_000033.mp4,20
/home/leon-gold/jepa/kinetics-dataset/k400_targz/train/part_5/0_ugUEZ0L38_000044_000054.mp4,18
/home/leon-gold/jepa/kinetics-dataset/k400_targz/train/part_5/0eW1HlaY3Q8_000007_000017.mp4,281
/home/leon-gold/jepa/kinetics-dataset/k400_targz/train/part_5/0_tZ4OTT1MI_000256_000266.mp4,304
/home/leon-gold/jepa/kinetics-dataset/k400_targz/train/part_5/0fAhzSGE8xQ_000002_000012.mp4,355
/home/leon-gold/jepa/kinetics-dataset/k400_targz/train/part_5/0jT6_zegUN4_000011_000021.mp4,270
/home/leon-gold/jepa/kinetics-dataset/k400_targz/train/part_5/0bWQ8wguwmU_000056_000066.mp4,242
/home/leon-gold/jepa/kinetics-dataset/k400_targz/train/part_5/0hwS6-Cnm20_000003_000013.mp4,225
/home/leon-gold/jepa/kinetics-dataset/k400_targz/train/part_5/0jXlsOpvLDc_000004_000014.mp4,164
/home/leon-gold/jepa/kinetics-dataset/k400_targz/train/part_5/0djBLoTFYrA_000006_000016.mp4,143
/home/leon-gold/jepa/kinetics-dataset/k400_targz/train/part_5/0emvvG5rjSU_000012_000022.mp4,220
/home/leon-gold/jepa/kinetics-dataset/k400_targz/train/part_5/0_VnOtSrsow_000032_000042.mp4,250
/home/leon-gold/jepa/kinetics-dataset/k400_targz/train/part_5/0fpbpDKXlqI_000000_000010.mp4,183
/home/leon-gold/jepa/kinetics-dataset/k400_targz/train/part_5/0UdD39Qcwtc_000003_000013.mp4,153
/home/leon-gold/jepa/kinetics-dataset/k400_targz/train/part_5/0YXc5fZanlY_000090_000100.mp4,269
/home/leon-gold/jepa/kinetics-dataset/k400_targz/train/part_5/0VfhTjI0KkY_000149_000159.mp4,101
/home/leon-gold/jepa/kinetics-dataset/k400_targz/train/part_5/0_WH5P7tsxY_000098_000108.mp4,187
/home/leon-gold/jepa/kinetics-dataset/k400_targz/train/part_5/0jyNVFLbpEk_000185_000195.mp4,62
/home/leon-gold/jepa/kinetics-dataset/k400_targz/train/part_5/0ZaiGzv7na8_000000_000010.mp4,101
/home/leon-gold/jepa/kinetics-dataset/k400_targz/train/part_5/0cY_7cOICXU_000113_000123.mp4,84
/home/leon-gold/jepa/kinetics-dataset/k400_targz/train/part_5/0hh56r3UZkU_000034_000044.mp4,304
/home/leon-gold/jepa/kinetics-dataset/k400_targz/train/part_5/0durJqEzkfs_000054_000064.mp4,322
/home/leon-gold/jepa/kinetics-dataset/k400_targz/train/part_5/0Wr7PKTS-24_000004_000014.mp4,160
/home/leon-gold/jepa/kinetics-dataset/k400_targz/train/part_5/0dqPs1q0iXs_001282_001292.mp4,226
/home/leon-gold/jepa/kinetics-dataset/k400_targz/train/part_5/0UYXVqHpHHg_000014_000024.mp4,345
/home/leon-gold/jepa/kinetics-dataset/k400_targz/train/part_5/0k1bVIZgC34_000004_000014.mp4,357
/home/leon-gold/jepa/kinetics-dataset/k400_targz/train/part_5/0akd4dI4iCk_000016_000026.mp4,241
/home/leon-gold/jepa/kinetics-dataset/k400_targz/train/part_5/0WVh_QZ13N4_000003_000013.mp4,166
/home/leon-gold/jepa/kinetics-dataset/k400_targz/train/part_5/0ZMbhcY8f0A_000106_000116.mp4,75
/home/leon-gold/jepa/kinetics-dataset/k400_targz/train/part_5/0j9pyABEzhI_000423_000433.mp4,108
/home/leon-gold/jepa/kinetics-dataset/k400_targz/train/part_5/0_Q5PnyHjpk_000068_000078.mp4,187
/home/leon-gold/jepa/kinetics-dataset/k400_targz/train/part_5/0UPlDPqlVUI_000222_000232.mp4,304
/home/leon-gold/jepa/kinetics-dataset/k400_targz/train/part_5/0e7L82fphoQ_000012_000022.mp4,316
/home/leon-gold/jepa/kinetics-dataset/k400_targz/train/part_5/0jZzxqjoVDA_000084_000094.mp4,398
/home/leon-gold/jepa/kinetics-dataset/k400_targz/train/part_5/0dk_CszsbFY_000124_000134.mp4,238
/home/leon-gold/jepa/kinetics-dataset/k400_targz/train/part_5/0XSHZ7p_b8s_000052_000062.mp4,347
/home/leon-gold/jepa/kinetics-dataset/k400_targz/train/part_5/0c7pxo2qSDw_000001_000011.mp4,262
/home/leon-gold/jepa/kinetics-dataset/k400_targz/train/part_5/0b0dFTJU1f8_000002_000012.mp4,331
/home/leon-gold/jepa/kinetics-dataset/k400_targz/train/part_5/0ZHFASxv3FA_000023_000033.mp4,398
/home/leon-gold/jepa/kinetics-dataset/k400_targz/train/part_5/0hCz2sv1fnM_000005_000015.mp4,1
/home/leon-gold/jepa/kinetics-dataset/k400_targz/train/part_5/0UTA7zg8huM_000092_000102.mp4,116
/home/leon-gold/jepa/kinetics-dataset/k400_targz/train/part_5/0gtH41PqUJs_000074_000084.mp4,43
/home/leon-gold/jepa/kinetics-dataset/k400_targz/train/part_5/0Yerdf3vNbA_000000_000010.mp4,302
/home/leon-gold/jepa/kinetics-dataset/k400_targz/train/part_5/0af0zPYA2jU_000020_000030.mp4,164
/home/leon-gold/jepa/kinetics-dataset/k400_targz/train/part_5/0XzR3kACbQ4_000043_000053.mp4,128
/home/leon-gold/jepa/kinetics-dataset/k400_targz/train/part_5/0UbrA2w1mhI_000688_000698.mp4,388
/home/leon-gold/jepa/kinetics-dataset/k400_targz/train/part_5/0ZNYp-fEEis_000029_000039.mp4,36
/home/leon-gold/jepa/kinetics-dataset/k400_targz/train/part_5/0cBPd-9EKeI_000303_000313.mp4,5
/home/leon-gold/jepa/kinetics-dataset/k400_targz/train/part_5/0gtuO--nBy4_000008_000018.mp4,330
/home/leon-gold/jepa/kinetics-dataset/k400_targz/train/part_5/0dDUrAJ4WF0_000151_000161.mp4,238
/home/leon-gold/jepa/kinetics-dataset/k400_targz/train/part_5/0bnT_R9v4kk_000077_000087.mp4,146
/home/leon-gold/jepa/kinetics-dataset/k400_targz/train/part_5/0Yd2aGc496E_000006_000016.mp4,30
/home/leon-gold/jepa/kinetics-dataset/k400_targz/train/part_5/0Y8sTxewumo_000002_000012.mp4,300
/home/leon-gold/jepa/kinetics-dataset/k400_targz/train/part_5/0cTGPt8kdp0_000003_000013.mp4,12
/home/leon-gold/jepa/kinetics-dataset/k400_targz/train/part_5/0W8uyjKT55Q_000000_000010.mp4,208
/home/leon-gold/jepa/kinetics-dataset/k400_targz/train/part_5/0Y4ZyFIoXyQ_000001_000011.mp4,223
/home/leon-gold/jepa/kinetics-dataset/k400_targz/train/part_5/0g038A2tEQo_000000_000010.mp4,172
/home/leon-gold/jepa/kinetics-dataset/k400_targz/train/part_5/0fYl4YHMrew_000146_000156.mp4,186
/home/leon-gold/jepa/kinetics-dataset/k400_targz/train/part_5/0apRjOL0cBM_000000_000010.mp4,203
/home/leon-gold/jepa/kinetics-dataset/k400_targz/train/part_5/0jNmzV9fOe0_000004_000014.mp4,296
/home/leon-gold/jepa/kinetics-dataset/k400_targz/train/part_5/0dZPVNhoXJk_000062_000072.mp4,37
/home/leon-gold/jepa/kinetics-dataset/k400_targz/train/part_5/0gfC90gNQnw_000002_000012.mp4,298
/home/leon-gold/jepa/kinetics-dataset/k400_targz/train/part_5/0eE_3nvbClk_000053_000063.mp4,205
/home/leon-gold/jepa/kinetics-dataset/k400_targz/train/part_5/0cfRaMsSLEw_000003_000013.mp4,372
/home/leon-gold/jepa/kinetics-dataset/k400_targz/train/part_5/0XBoHrYAZjI_000003_000013.mp4,399
/home/leon-gold/jepa/kinetics-dataset/k400_targz/train/part_5/0ZaZz8idco8_000071_000081.mp4,258
/home/leon-gold/jepa/kinetics-dataset/k400_targz/train/part_5/0flwmQGXTFI_000004_000014.mp4,238
/home/leon-gold/jepa/kinetics-dataset/k400_targz/train/part_5/0hvU1LW4iWo_000060_000070.mp4,42
/home/leon-gold/jepa/kinetics-dataset/k400_targz/train/part_5/0UM2Eu2mvvQ_000033_000043.mp4,243
/home/leon-gold/jepa/kinetics-dataset/k400_targz/train/part_5/0dn9Djvm74w_000099_000109.mp4,370
/home/leon-gold/jepa/kinetics-dataset/k400_targz/train/part_5/0Wk-o4jT824_000002_000012.mp4,298
/home/leon-gold/jepa/kinetics-dataset/k400_targz/train/part_5/0WB1oIfjA2o_000057_000067.mp4,306
/home/leon-gold/jepa/kinetics-dataset/k400_targz/train/part_5/0VUSj-SAcUs_000009_000019.mp4,111
/home/leon-gold/jepa/kinetics-dataset/k400_targz/train/part_5/0k8ZyywA8Ac_000004_000014.mp4,31
/home/leon-gold/jepa/kinetics-dataset/k400_targz/train/part_5/0eGKEOgkoGw_000104_000114.mp4,308
/home/leon-gold/jepa/kinetics-dataset/k400_targz/train/part_5/0XIZve09y1I_000013_000023.mp4,101
/home/leon-gold/jepa/kinetics-dataset/k400_targz/train/part_5/0ZyPRbnAoG4_000085_000095.mp4,246
/home/leon-gold/jepa/kinetics-dataset/k400_targz/train/part_5/0fhDtEdngSo_000041_000051.mp4,387
/home/leon-gold/jepa/kinetics-dataset/k400_targz/train/part_5/0hGwO9SlZ6s_000024_000034.mp4,74
/home/leon-gold/jepa/kinetics-dataset/k400_targz/train/part_5/0XUDKJN0yBI_000163_000173.mp4,321
/home/leon-gold/jepa/kinetics-dataset/k400_targz/train/part_5/0UQ1iM9ioOQ_000004_000014.mp4,326
/home/leon-gold/jepa/kinetics-dataset/k400_targz/train/part_5/0e13-uPv0DM_000040_000050.mp4,12
/home/leon-gold/jepa/kinetics-dataset/k400_targz/train/part_5/0_eMRgpwd6c_000162_000172.mp4,359
/home/leon-gold/jepa/kinetics-dataset/k400_targz/train/part_5/0fCvv7jyIGU_000070_000080.mp4,336
/home/leon-gold/jepa/kinetics-dataset/k400_targz/train/part_5/0igwsMRN17w_000136_000146.mp4,279
/home/leon-gold/jepa/kinetics-dataset/k400_targz/train/part_5/0jLLkdDhr70_000116_000126.mp4,303
/home/leon-gold/jepa/kinetics-dataset/k400_targz/train/part_5/0YQrMye3BBY_000000_000010.mp4,3
/home/leon-gold/jepa/kinetics-dataset/k400_targz/train/part_5/0gah3zIgkgs_000047_000057.mp4,249
/home/leon-gold/jepa/kinetics-dataset/k400_targz/train/part_5/0b44AsqL7p0_000000_000010.mp4,198
/home/leon-gold/jepa/kinetics-dataset/k400_targz/train/part_5/0UrgDEXRO2U_000148_000158.mp4,331
/home/leon-gold/jepa/kinetics-dataset/k400_targz/train/part_5/0W-9pcw4eVk_000001_000011.mp4,65
/home/leon-gold/jepa/kinetics-dataset/k400_targz/train/part_5/0hHkafYHamQ_000462_000472.mp4,305
/home/leon-gold/jepa/kinetics-dataset/k400_targz/train/part_5/0dCeQNSMr2k_000097_000107.mp4,199
/home/leon-gold/jepa/kinetics-dataset/k400_targz/train/part_5/0iUcN9h7Kd8_000042_000052.mp4,389
/home/leon-gold/jepa/kinetics-dataset/k400_targz/train/part_5/0h-JO0dTClQ_000019_000029.mp4,54
/home/leon-gold/jepa/kinetics-dataset/k400_targz/train/part_5/0ZXsAT5jWYg_000000_000010.mp4,203
/home/leon-gold/jepa/kinetics-dataset/k400_targz/train/part_5/0fkXnqqHlwI_000002_000012.mp4,157
/home/leon-gold/jepa/kinetics-dataset/k400_targz/train/part_5/0eXPFr0OJ-c_000056_000066.mp4,157
/home/leon-gold/jepa/kinetics-dataset/k400_targz/train/part_5/0ihmR99kY_A_000465_000475.mp4,235
/home/leon-gold/jepa/kinetics-dataset/k400_targz/train/part_5/0aiHqkw0RRQ_000115_000125.mp4,44
/home/leon-gold/jepa/kinetics-dataset/k400_targz/train/part_5/0iirJIky7G8_000015_000025.mp4,250
/home/leon-gold/jepa/kinetics-dataset/k400_targz/train/part_5/0bAySnzk53U_000290_000300.mp4,140
/home/leon-gold/jepa/kinetics-dataset/k400_targz/train/part_5/0UJtjcK56Ek_000886_000896.mp4,387
/home/leon-gold/jepa/kinetics-dataset/k400_targz/train/part_5/0eLHf6O-N_c_000038_000048.mp4,324
/home/leon-gold/jepa/kinetics-dataset/k400_targz/train/part_5/0hOiHj9oXlQ_000050_000060.mp4,276
/home/leon-gold/jepa/kinetics-dataset/k400_targz/train/part_5/0jldbSK1lOA_000036_000046.mp4,390
/home/leon-gold/jepa/kinetics-dataset/k400_targz/train/part_5/0gZqmmgKE-o_000286_000296.mp4,97
/home/leon-gold/jepa/kinetics-dataset/k400_targz/train/part_5/0_tznV3JhCc_000368_000378.mp4,304
/home/leon-gold/jepa/kinetics-dataset/k400_targz/train/part_5/0ZHzpHb0MYI_000096_000106.mp4,245
/home/leon-gold/jepa/kinetics-dataset/k400_targz/train/part_5/0XI1Fp2JFcM_000004_000014.mp4,275
/home/leon-gold/jepa/kinetics-dataset/k400_targz/train/part_5/0dBcXeXl9G4_000017_000027.mp4,218
/home/leon-gold/jepa/kinetics-dataset/k400_targz/train/part_5/0epYAgWEnHw_000052_000062.mp4,80
/home/leon-gold/jepa/kinetics-dataset/k400_targz/train/part_5/0eQb87i18v0_000017_000027.mp4,27
/home/leon-gold/jepa/kinetics-dataset/k400_targz/train/part_5/0UodfpkHBao_000004_000014.mp4,175
/home/leon-gold/jepa/kinetics-dataset/k400_targz/train/part_5/0dgmG3h9RLA_000013_000023.mp4,219
/home/leon-gold/jepa/kinetics-dataset/k400_targz/train/part_5/0Z8y-4zKn08_000003_000013.mp4,76
/home/leon-gold/jepa/kinetics-dataset/k400_targz/train/part_5/0Yb6WenOjos_000085_000095.mp4,214
/home/leon-gold/jepa/kinetics-dataset/k400_targz/train/part_5/0YrVhH2Cn8U_000003_000013.mp4,164
/home/leon-gold/jepa/kinetics-dataset/k400_targz/train/part_5/0YStJrAP5Vo_000280_000290.mp4,225
/home/leon-gold/jepa/kinetics-dataset/k400_targz/train/part_5/0f9UtZZpoMA_000114_000124.mp4,47
/home/leon-gold/jepa/kinetics-dataset/k400_targz/train/part_5/0dnnXXTpZx0_000008_000018.mp4,220
/home/leon-gold/jepa/kinetics-dataset/k400_targz/train/part_5/0dGJS1uNwDE_000121_000131.mp4,22
/home/leon-gold/jepa/kinetics-dataset/k400_targz/train/part_5/0i0AtWrNISM_000024_000034.mp4,318
/home/leon-gold/jepa/kinetics-dataset/k400_targz/train/part_5/0hqBj813CBw_000290_000300.mp4,89
/home/leon-gold/jepa/kinetics-dataset/k400_targz/train/part_5/0UD6OoOFwqc_000078_000088.mp4,0
/home/leon-gold/jepa/kinetics-dataset/k400_targz/train/part_5/0hYiyxqNbsQ_000026_000036.mp4,99
/home/leon-gold/jepa/kinetics-dataset/k400_targz/train/part_5/0YL6p3JZ3JQ_000013_000023.mp4,93
/home/leon-gold/jepa/kinetics-dataset/k400_targz/train/part_5/0Vq-tbqCPWY_000089_000099.mp4,142
/home/leon-gold/jepa/kinetics-dataset/k400_targz/train/part_5/0VtQ4hcBhpU_000072_000082.mp4,211
/home/leon-gold/jepa/kinetics-dataset/k400_targz/train/part_5/0ckme3U62XU_000070_000080.mp4,280
/home/leon-gold/jepa/kinetics-dataset/k400_targz/train/part_5/0anSMpb17MM_000179_000189.mp4,326
/home/leon-gold/jepa/kinetics-dataset/k400_targz/train/part_5/0YWfHKbCFwY_000011_000021.mp4,309
/home/leon-gold/jepa/kinetics-dataset/k400_targz/train/part_5/0YyltNvBWIw_000106_000116.mp4,322
/home/leon-gold/jepa/kinetics-dataset/k400_targz/train/part_5/0fuCGWU-HtU_000040_000050.mp4,350
/home/leon-gold/jepa/kinetics-dataset/k400_targz/train/part_5/0YDesTDc2jU_000050_000060.mp4,28
/home/leon-gold/jepa/kinetics-dataset/k400_targz/train/part_5/0V7R290yboI_000002_000012.mp4,143
/home/leon-gold/jepa/kinetics-dataset/k400_targz/train/part_5/0c4fhU4_8do_000003_000013.mp4,234
/home/leon-gold/jepa/kinetics-dataset/k400_targz/train/part_5/0du9K4s6RsY_000014_000024.mp4,42
/home/leon-gold/jepa/kinetics-dataset/k400_targz/train/part_5/0WzGYUQQRe8_000142_000152.mp4,187
/home/leon-gold/jepa/kinetics-dataset/k400_targz/train/part_5/0daXPAF1fxg_000039_000049.mp4,27
/home/leon-gold/jepa/kinetics-dataset/k400_targz/train/part_5/0ae3F6cqPn8_000171_000181.mp4,189
/home/leon-gold/jepa/kinetics-dataset/k400_targz/train/part_5/0i11RQPnP4U_000485_000495.mp4,80
/home/leon-gold/jepa/kinetics-dataset/k400_targz/train/part_5/0W_La1V3dwQ_000065_000075.mp4,283
/home/leon-gold/jepa/kinetics-dataset/k400_targz/train/part_5/0VvsKxMCkAk_000486_000496.mp4,80
/home/leon-gold/jepa/kinetics-dataset/k400_targz/train/part_5/0gVPnziRmc8_000000_000010.mp4,150
/home/leon-gold/jepa/kinetics-dataset/k400_targz/train/part_5/0UJdcAb79ho_000580_000590.mp4,128
/home/leon-gold/jepa/kinetics-dataset/k400_targz/train/part_5/0k1rhe0iJro_000013_000023.mp4,352
/home/leon-gold/jepa/kinetics-dataset/k400_targz/train/part_5/0dJ5gR2N1iM_000016_000026.mp4,282
/home/leon-gold/jepa/kinetics-dataset/k400_targz/train/part_5/0fJDwTxsT54_000010_000020.mp4,269
/home/leon-gold/jepa/kinetics-dataset/k400_targz/train/part_5/0gEwu1nl5OM_000107_000117.mp4,167
/home/leon-gold/jepa/kinetics-dataset/k400_targz/train/part_5/0_2xAH2zFkI_000080_000090.mp4,334
/home/leon-gold/jepa/kinetics-dataset/k400_targz/train/part_5/0a4wUjHu1jI_000235_000245.mp4,193
/home/leon-gold/jepa/kinetics-dataset/k400_targz/train/part_5/0hHigjE353A_000117_000127.mp4,209
/home/leon-gold/jepa/kinetics-dataset/k400_targz/train/part_5/0_hOxBg1uNY_000075_000085.mp4,48
/home/leon-gold/jepa/kinetics-dataset/k400_targz/train/part_5/0g13Ut_1ZRs_000029_000039.mp4,26
/home/leon-gold/jepa/kinetics-dataset/k400_targz/train/part_5/0dmFZrse9kA_000010_000020.mp4,156
/home/leon-gold/jepa/kinetics-dataset/k400_targz/train/part_5/0UAl2ujGgSQ_000136_000146.mp4,63
/home/leon-gold/jepa/kinetics-dataset/k400_targz/train/part_5/0bN6zUGOehM_000028_000038.mp4,14
/home/leon-gold/jepa/kinetics-dataset/k400_targz/train/part_5/0bLvk3ZBUZA_000095_000105.mp4,283
/home/leon-gold/jepa/kinetics-dataset/k400_targz/train/part_5/0jNFcr6wvFk_000014_000024.mp4,102
/home/leon-gold/jepa/kinetics-dataset/k400_targz/train/part_5/0Vih_lQNcCw_000029_000039.mp4,229
/home/leon-gold/jepa/kinetics-dataset/k400_targz/train/part_5/0eDbtRCcIf0_000181_000191.mp4,260
/home/leon-gold/jepa/kinetics-dataset/k400_targz/train/part_5/0VFodBG7EcY_000219_000229.mp4,130
/home/leon-gold/jepa/kinetics-dataset/k400_targz/train/part_5/0XtqdE9P--E_000036_000046.mp4,187
/home/leon-gold/jepa/kinetics-dataset/k400_targz/train/part_5/0j9QZ8LnfCs_000215_000225.mp4,283
/home/leon-gold/jepa/kinetics-dataset/k400_targz/train/part_5/0dbmcdAnIDc_000001_000011.mp4,134
/home/leon-gold/jepa/kinetics-dataset/k400_targz/train/part_5/0iNc1DSb2Lc_000075_000085.mp4,114
/home/leon-gold/jepa/kinetics-dataset/k400_targz/train/part_5/0fF_tX7Nl9s_000005_000015.mp4,124
/home/leon-gold/jepa/kinetics-dataset/k400_targz/train/part_5/0Zrlc49uroo_000029_000039.mp4,124
/home/leon-gold/jepa/kinetics-dataset/k400_targz/train/part_5/0d0PrXrWg4A_000005_000015.mp4,100
/home/leon-gold/jepa/kinetics-dataset/k400_targz/train/part_5/0a4i_vuHIy8_000000_000010.mp4,37
/home/leon-gold/jepa/kinetics-dataset/k400_targz/train/part_5/0VU4alqGawE_000096_000106.mp4,243
/home/leon-gold/jepa/kinetics-dataset/k400_targz/train/part_5/0Z9kE0CP4PE_000041_000051.mp4,200
/home/leon-gold/jepa/kinetics-dataset/k400_targz/train/part_5/0V449UJoTeY_000019_000029.mp4,106
/home/leon-gold/jepa/kinetics-dataset/k400_targz/train/part_5/0_8Kjx1WpA8_000047_000057.mp4,186
/home/leon-gold/jepa/kinetics-dataset/k400_targz/train/part_5/0jpmhkj8RrY_000358_000368.mp4,353
/home/leon-gold/jepa/kinetics-dataset/k400_targz/train/part_5/0cMzb48oco0_000082_000092.mp4,199
/home/leon-gold/jepa/kinetics-dataset/k400_targz/train/part_5/0VRcN8rnWOw_000019_000029.mp4,72
/home/leon-gold/jepa/kinetics-dataset/k400_targz/train/part_5/0WQRBqw77PI_000001_000011.mp4,255
/home/leon-gold/jepa/kinetics-dataset/k400_targz/train/part_5/0e892qXHRso_000012_000022.mp4,218
/home/leon-gold/jepa/kinetics-dataset/k400_targz/train/part_5/0e1g1Ev2p5w_000179_000189.mp4,346
/home/leon-gold/jepa/kinetics-dataset/k400_targz/train/part_5/0gEqyfXTujI_001090_001100.mp4,61
/home/leon-gold/jepa/kinetics-dataset/k400_targz/train/part_5/0jAW9MSfRqM_000054_000064.mp4,27
/home/leon-gold/jepa/kinetics-dataset/k400_targz/train/part_5/0ibtJ4rdGDg_000111_000121.mp4,277
/home/leon-gold/jepa/kinetics-dataset/k400_targz/train/part_5/0eZzAavRayM_000099_000109.mp4,230
/home/leon-gold/jepa/kinetics-dataset/k400_targz/train/part_5/0hDwELTUDj4_000341_000351.mp4,159
/home/leon-gold/jepa/kinetics-dataset/k400_targz/train/part_5/0WGZZbwNbME_000043_000053.mp4,27
/home/leon-gold/jepa/kinetics-dataset/k400_targz/train/part_5/0gOVamo-4Fc_000050_000060.mp4,167
/home/leon-gold/jepa/kinetics-dataset/k400_targz/train/part_5/0boDimB7PrA_000002_000012.mp4,107
/home/leon-gold/jepa/kinetics-dataset/k400_targz/train/part_5/0jt2lB8AJws_000039_000049.mp4,244
/home/leon-gold/jepa/kinetics-dataset/k400_targz/train/part_5/0WSvJ3m7U04_000023_000033.mp4,365
/home/leon-gold/jepa/kinetics-dataset/k400_targz/train/part_5/0WDRWysQK2k_000035_000045.mp4,197
/home/leon-gold/jepa/kinetics-dataset/k400_targz/train/part_5/0W47UXcH2-o_000018_000028.mp4,82
/home/leon-gold/jepa/kinetics-dataset/k400_targz/train/part_5/0gfHKf2c6bU_000115_000125.mp4,145
/home/leon-gold/jepa/kinetics-dataset/k400_targz/train/part_5/0evwyJfRunU_000060_000070.mp4,97
/home/leon-gold/jepa/kinetics-dataset/k400_targz/train/part_5/0Wg45KEoKfI_000083_000093.mp4,305
/home/leon-gold/jepa/kinetics-dataset/k400_targz/train/part_5/0VqathWO8mU_000035_000045.mp4,115
/home/leon-gold/jepa/kinetics-dataset/k400_targz/train/part_5/0f5_bf43ReU_000062_000072.mp4,223
/home/leon-gold/jepa/kinetics-dataset/k400_targz/train/part_5/0XdFMw8_gT8_000008_000018.mp4,224
/home/leon-gold/jepa/kinetics-dataset/k400_targz/train/part_5/0UhmB8yn7wU_000005_000015.mp4,334
/home/leon-gold/jepa/kinetics-dataset/k400_targz/train/part_5/0dpVt1oLBFk_000041_000051.mp4,149
/home/leon-gold/jepa/kinetics-dataset/k400_targz/train/part_5/0WHzA-7kBnA_000077_000087.mp4,121
/home/leon-gold/jepa/kinetics-dataset/k400_targz/train/part_5/0coydTMyx30_000041_000051.mp4,104
/home/leon-gold/jepa/kinetics-dataset/k400_targz/train/part_5/0bLehW9HFsU_000212_000222.mp4,13
/home/leon-gold/jepa/kinetics-dataset/k400_targz/train/part_5/0YnHFyPOYB4_000124_000134.mp4,55
/home/leon-gold/jepa/kinetics-dataset/k400_targz/train/part_5/0jIajLhY7nQ_000101_000111.mp4,230
/home/leon-gold/jepa/kinetics-dataset/k400_targz/train/part_5/0V14MUQ0yQI_000012_000022.mp4,166
/home/leon-gold/jepa/kinetics-dataset/k400_targz/train/part_5/0dI9nksFKUA_000092_000102.mp4,378
/home/leon-gold/jepa/kinetics-dataset/k400_targz/train/part_5/0UHx2sebvTk_000026_000036.mp4,256
/home/leon-gold/jepa/kinetics-dataset/k400_targz/train/part_5/0c1bhfxioqE_000078_000088.mp4,1
/home/leon-gold/jepa/kinetics-dataset/k400_targz/train/part_5/0e0as98N_To_000042_000052.mp4,32
/home/leon-gold/jepa/kinetics-dataset/k400_targz/train/part_5/0jiiJbYZU0k_000098_000108.mp4,310
/home/leon-gold/jepa/kinetics-dataset/k400_targz/train/part_5/0cKFXods2-s_000042_000052.mp4,51
/home/leon-gold/jepa/kinetics-dataset/k400_targz/train/part_5/0Y4zTYoHg4Y_000017_000027.mp4,11
/home/leon-gold/jepa/kinetics-dataset/k400_targz/train/part_5/0afypHPeHms_000002_000012.mp4,220
/home/leon-gold/jepa/kinetics-dataset/k400_targz/train/part_5/0dyK9C53C3Y_000006_000016.mp4,270
/home/leon-gold/jepa/kinetics-dataset/k400_targz/train/part_5/0Uz544_Ex8w_000029_000039.mp4,56
/home/leon-gold/jepa/kinetics-dataset/k400_targz/train/part_5/0f5VDpQ8V9c_000001_000011.mp4,48
/home/leon-gold/jepa/kinetics-dataset/k400_targz/train/part_5/0elZiVrHcak_000040_000050.mp4,73
/home/leon-gold/jepa/kinetics-dataset/k400_targz/train/part_5/0iZlaij27yI_000016_000026.mp4,37
/home/leon-gold/jepa/kinetics-dataset/k400_targz/train/part_5/0cmPpI-wWp8_000019_000029.mp4,275
/home/leon-gold/jepa/kinetics-dataset/k400_targz/train/part_5/0VymE3o7ea4_000310_000320.mp4,8
/home/leon-gold/jepa/kinetics-dataset/k400_targz/train/part_5/0abf2erONec_000065_000075.mp4,69
/home/leon-gold/jepa/kinetics-dataset/k400_targz/train/part_5/0fNairQvNSU_000011_000021.mp4,20
/home/leon-gold/jepa/kinetics-dataset/k400_targz/train/part_5/0VMnVWEijY8_000002_000012.mp4,44
/home/leon-gold/jepa/kinetics-dataset/k400_targz/train/part_5/0Zz7VCtfJoE_000075_000085.mp4,19
/home/leon-gold/jepa/kinetics-dataset/k400_targz/train/part_5/0_s9tqV9L5c_000083_000093.mp4,316
/home/leon-gold/jepa/kinetics-dataset/k400_targz/train/part_5/0USt8u8lLHc_000461_000471.mp4,92
/home/leon-gold/jepa/kinetics-dataset/k400_targz/train/part_5/0aG29RnTmU4_000121_000131.mp4,233
/home/leon-gold/jepa/kinetics-dataset/k400_targz/train/part_5/0a06wW9fHxI_000000_000010.mp4,134
/home/leon-gold/jepa/kinetics-dataset/k400_targz/train/part_5/0ZORVHJQEpE_000003_000013.mp4,298
/home/leon-gold/jepa/kinetics-dataset/k400_targz/train/part_5/0i1U1OEzKNI_000023_000033.mp4,330
/home/leon-gold/jepa/kinetics-dataset/k400_targz/train/part_5/0aCmwD5GRDk_000004_000014.mp4,355
/home/leon-gold/jepa/kinetics-dataset/k400_targz/train/part_5/0cg8XfB9fL0_000121_000131.mp4,104
/home/leon-gold/jepa/kinetics-dataset/k400_targz/train/part_5/0fiXlOTNvR8_000409_000419.mp4,240
/home/leon-gold/jepa/kinetics-dataset/k400_targz/train/part_5/0Zqfqhf5jXI_000060_000070.mp4,350
/home/leon-gold/jepa/kinetics-dataset/k400_targz/train/part_5/0_Vfieebw3Q_000028_000038.mp4,278
/home/leon-gold/jepa/kinetics-dataset/k400_targz/train/part_5/0e6N0pFufMs_000002_000012.mp4,243
/home/leon-gold/jepa/kinetics-dataset/k400_targz/train/part_5/0auyl2ZP2UM_000055_000065.mp4,329
/home/leon-gold/jepa/kinetics-dataset/k400_targz/train/part_5/0gsxOTGUWuA_000037_000047.mp4,46
/home/leon-gold/jepa/kinetics-dataset/k400_targz/train/part_5/0duyCnchMvg_000119_000129.mp4,12
/home/leon-gold/jepa/kinetics-dataset/k400_targz/train/part_5/0jGzu5eakYQ_000021_000031.mp4,203
/home/leon-gold/jepa/kinetics-dataset/k400_targz/train/part_5/0UiI4v3KdRo_000003_000013.mp4,377
/home/leon-gold/jepa/kinetics-dataset/k400_targz/train/part_5/0XteeIaBG6A_000115_000125.mp4,242
/home/leon-gold/jepa/kinetics-dataset/k400_targz/train/part_5/0Wz82AeDVNM_000002_000012.mp4,123
/home/leon-gold/jepa/kinetics-dataset/k400_targz/train/part_5/0f5t69o7dE4_000013_000023.mp4,43
/home/leon-gold/jepa/kinetics-dataset/k400_targz/train/part_5/0dAYuT0rZlw_000024_000034.mp4,251
/home/leon-gold/jepa/kinetics-dataset/k400_targz/train/part_5/0a8l_Pou_C8_000202_000212.mp4,7
/home/leon-gold/jepa/kinetics-dataset/k400_targz/train/part_5/0_xT0u7AfQo_000170_000180.mp4,23
/home/leon-gold/jepa/kinetics-dataset/k400_targz/train/part_5/0bpIIP9DLi0_000000_000010.mp4,315
/home/leon-gold/jepa/kinetics-dataset/k400_targz/train/part_5/0ijz7OcHwGk_000008_000018.mp4,346
/home/leon-gold/jepa/kinetics-dataset/k400_targz/train/part_5/0YZYbeisanc_000030_000040.mp4,240
/home/leon-gold/jepa/kinetics-dataset/k400_targz/train/part_5/0cSmJPgrEXE_000000_000010.mp4,130
/home/leon-gold/jepa/kinetics-dataset/k400_targz/train/part_5/0XdnWuw1TH8_000148_000158.mp4,62
/home/leon-gold/jepa/kinetics-dataset/k400_targz/train/part_5/0grFcSOtskE_000002_000012.mp4,374
/home/leon-gold/jepa/kinetics-dataset/k400_targz/train/part_5/0_Ulm3cZ1Ro_000020_000030.mp4,255
/home/leon-gold/jepa/kinetics-dataset/k400_targz/train/part_5/0hxF743aOl8_000002_000012.mp4,324
/home/leon-gold/jepa/kinetics-dataset/k400_targz/train/part_5/0YW9slPyVtU_000082_000092.mp4,126
/home/leon-gold/jepa/kinetics-dataset/k400_targz/train/part_5/0X79m_8GlOE_000224_000234.mp4,398
/home/leon-gold/jepa/kinetics-dataset/k400_targz/train/part_5/0fRhzGBW6tc_000014_000024.mp4,56
/home/leon-gold/jepa/kinetics-dataset/k400_targz/train/part_5/0jhDVW0pmvk_000003_000013.mp4,74
/home/leon-gold/jepa/kinetics-dataset/k400_targz/train/part_5/0XgpHGMoc3A_000256_000266.mp4,321
/home/leon-gold/jepa/kinetics-dataset/k400_targz/train/part_5/0dzaR4ioCks_000158_000168.mp4,159
/home/leon-gold/jepa/kinetics-dataset/k400_targz/train/part_5/0jKDjCmgGHo_000004_000014.mp4,183
/home/leon-gold/jepa/kinetics-dataset/k400_targz/train/part_5/0Z48n13_TAM_000063_000073.mp4,29
/home/leon-gold/jepa/kinetics-dataset/k400_targz/train/part_5/0egexPWEPxU_000003_000013.mp4,34
/home/leon-gold/jepa/kinetics-dataset/k400_targz/train/part_5/0Ynrdz9TuHg_000024_000034.mp4,269
/home/leon-gold/jepa/kinetics-dataset/k400_targz/train/part_5/0XnK_MSJu0A_000006_000016.mp4,263
/home/leon-gold/jepa/kinetics-dataset/k400_targz/train/part_5/0ekxRjC1Ahs_000014_000024.mp4,319
/home/leon-gold/jepa/kinetics-dataset/k400_targz/train/part_5/0cGDbQtYXms_000090_000100.mp4,121
/home/leon-gold/jepa/kinetics-dataset/k400_targz/train/part_5/0e6s5Vn3Qlo_000074_000084.mp4,87
/home/leon-gold/jepa/kinetics-dataset/k400_targz/train/part_5/0WIa9Aclbhk_000084_000094.mp4,245
/home/leon-gold/jepa/kinetics-dataset/k400_targz/train/part_5/0gGw56LBfVU_000092_000102.mp4,40
/home/leon-gold/jepa/kinetics-dataset/k400_targz/train/part_5/0Z9QAMI6txY_000004_000014.mp4,126
/home/leon-gold/jepa/kinetics-dataset/k400_targz/train/part_5/0Uc2pbdXY0o_000008_000018.mp4,60
/home/leon-gold/jepa/kinetics-dataset/k400_targz/train/part_5/0YwecI169LA_000046_000056.mp4,244
/home/leon-gold/jepa/kinetics-dataset/k400_targz/train/part_5/0ZUSmADL7iw_000001_000011.mp4,307
/home/leon-gold/jepa/kinetics-dataset/k400_targz/train/part_5/0dcO4B8B3eE_000244_000254.mp4,282
/home/leon-gold/jepa/kinetics-dataset/k400_targz/train/part_5/0iG-4WNfNNc_000010_000020.mp4,190
/home/leon-gold/jepa/kinetics-dataset/k400_targz/train/part_5/0eGzfxGUUH8_000034_000044.mp4,283
/home/leon-gold/jepa/kinetics-dataset/k400_targz/train/part_5/0i1WKiD0RG8_000002_000012.mp4,43
/home/leon-gold/jepa/kinetics-dataset/k400_targz/train/part_5/0VGlrBuzIjY_000019_000029.mp4,328
/home/leon-gold/jepa/kinetics-dataset/k400_targz/train/part_5/0b9IFEfSlyE_000004_000014.mp4,49
/home/leon-gold/jepa/kinetics-dataset/k400_targz/train/part_5/0XG3JKbgzsY_000079_000089.mp4,330
/home/leon-gold/jepa/kinetics-dataset/k400_targz/train/part_5/0Wn3zce40Mw_000031_000041.mp4,264
/home/leon-gold/jepa/kinetics-dataset/k400_targz/train/part_5/0_k6XiBEnBg_000018_000028.mp4,276
/home/leon-gold/jepa/kinetics-dataset/k400_targz/train/part_5/0YpHgbmOnOc_000013_000023.mp4,262
/home/leon-gold/jepa/kinetics-dataset/k400_targz/train/part_5/0URpP68EZzs_000010_000020.mp4,78
/home/leon-gold/jepa/kinetics-dataset/k400_targz/train/part_5/0YYgkmxHeO8_000055_000065.mp4,159
/home/leon-gold/jepa/kinetics-dataset/k400_targz/train/part_5/0Vw6TSLR3EU_000095_000105.mp4,359
/home/leon-gold/jepa/kinetics-dataset/k400_targz/train/part_5/0k2iUE6zYc4_000001_000011.mp4,17
/home/leon-gold/jepa/kinetics-dataset/k400_targz/train/part_5/0hP9sqHtSMo_000113_000123.mp4,214
/home/leon-gold/jepa/kinetics-dataset/k400_targz/train/part_5/0hrqR84Ii2I_000029_000039.mp4,354
/home/leon-gold/jepa/kinetics-dataset/k400_targz/train/part_5/0VAKd0_clHA_000169_000179.mp4,23
/home/leon-gold/jepa/kinetics-dataset/k400_targz/train/part_5/0ZPwjqS38CA_000004_000014.mp4,74
/home/leon-gold/jepa/kinetics-dataset/k400_targz/train/part_5/0Z0P5I6q7Rc_000000_000010.mp4,69
/home/leon-gold/jepa/kinetics-dataset/k400_targz/train/part_5/0VatkN_w-gY_000022_000032.mp4,75
/home/leon-gold/jepa/kinetics-dataset/k400_targz/train/part_5/0W80NLV9NFE_000045_000055.mp4,77
/home/leon-gold/jepa/kinetics-dataset/k400_targz/train/part_5/0cnlFOiCSO8_000000_000010.mp4,79
/home/leon-gold/jepa/kinetics-dataset/k400_targz/train/part_5/0f3VDDVfz2g_000018_000028.mp4,336
/home/leon-gold/jepa/kinetics-dataset/k400_targz/train/part_5/0Tx0CZMDs4c_000064_000074.mp4,260
/home/leon-gold/jepa/kinetics-dataset/k400_targz/train/part_5/0ehjV7Oog3c_000400_000410.mp4,13
/home/leon-gold/jepa/kinetics-dataset/k400_targz/train/part_5/0aSk9H4RmZU_000021_000031.mp4,148
/home/leon-gold/jepa/kinetics-dataset/k400_targz/train/part_5/0XN9eDzCz1U_000121_000131.mp4,133
/home/leon-gold/jepa/kinetics-dataset/k400_targz/train/part_5/0iwzjHRbu6c_000119_000129.mp4,192
/home/leon-gold/jepa/kinetics-dataset/k400_targz/train/part_5/0TpW6oYZnME_000000_000010.mp4,105
/home/leon-gold/jepa/kinetics-dataset/k400_targz/train/part_5/0aiiFHqQTLU_000004_000014.mp4,303
/home/leon-gold/jepa/kinetics-dataset/k400_targz/train/part_5/0j08lAA3FFo_000081_000091.mp4,251
/home/leon-gold/jepa/kinetics-dataset/k400_targz/train/part_5/0_qcMRpqDLE_000003_000013.mp4,155
/home/leon-gold/jepa/kinetics-dataset/k400_targz/train/part_5/0VzddQUqVCQ_000339_000349.mp4,246
/home/leon-gold/jepa/kinetics-dataset/k400_targz/train/part_5/0Wy6ly2F8To_000198_000208.mp4,178
/home/leon-gold/jepa/kinetics-dataset/k400_targz/train/part_5/0eXRwJ3FbjQ_000196_000206.mp4,246
/home/leon-gold/jepa/kinetics-dataset/k400_targz/train/part_5/0i_WTbnVXjk_000005_000015.mp4,262
/home/leon-gold/jepa/kinetics-dataset/k400_targz/train/part_5/0i0LPHafnBA_000004_000014.mp4,138
/home/leon-gold/jepa/kinetics-dataset/k400_targz/train/part_5/0g_pK2gsW3c_000014_000024.mp4,115
/home/leon-gold/jepa/kinetics-dataset/k400_targz/train/part_5/0hh9uRYjj1k_000198_000208.mp4,186
/home/leon-gold/jepa/kinetics-dataset/k400_targz/train/part_5/0UC74Gca9bI_000045_000055.mp4,229
/home/leon-gold/jepa/kinetics-dataset/k400_targz/train/part_5/0ULNkPOufBU_000060_000070.mp4,0
/home/leon-gold/jepa/kinetics-dataset/k400_targz/train/part_5/0gRu8EC_L9o_000349_000359.mp4,264
/home/leon-gold/jepa/kinetics-dataset/k400_targz/train/part_5/0gZ_oo62OGk_000070_000080.mp4,382
/home/leon-gold/jepa/kinetics-dataset/k400_targz/train/part_5/0WsoNnq-GQ8_000004_000014.mp4,7
/home/leon-gold/jepa/kinetics-dataset/k400_targz/train/part_5/0e2wsTr__rQ_000182_000192.mp4,245
/home/leon-gold/jepa/kinetics-dataset/k400_targz/train/part_5/0gl7ftgE-LU_000195_000205.mp4,232
/home/leon-gold/jepa/kinetics-dataset/k400_targz/train/part_5/0XdPnshbyMQ_000061_000071.mp4,1
/home/leon-gold/jepa/kinetics-dataset/k400_targz/train/part_5/0dlJMuKsoF4_000038_000048.mp4,242
/home/leon-gold/jepa/kinetics-dataset/k400_targz/train/part_5/0hlTrRCscYg_000032_000042.mp4,199
/home/leon-gold/jepa/kinetics-dataset/k400_targz/train/part_5/0_Jn6lRpV-4_000185_000195.mp4,135
/home/leon-gold/jepa/kinetics-dataset/k400_targz/train/part_5/0dPCzZIagSo_000048_000058.mp4,103
/home/leon-gold/jepa/kinetics-dataset/k400_targz/train/part_5/0c2uBSqYoDU_000036_000046.mp4,66
/home/leon-gold/jepa/kinetics-dataset/k400_targz/train/part_5/0VDo_pRZVqw_000029_000039.mp4,338
/home/leon-gold/jepa/kinetics-dataset/k400_targz/train/part_5/0XR3XLnjUh0_000004_000014.mp4,147
/home/leon-gold/jepa/kinetics-dataset/k400_targz/train/part_5/0UOVjEE0tE4_000194_000204.mp4,259
/home/leon-gold/jepa/kinetics-dataset/k400_targz/train/part_5/0jeO8Z72DWA_000011_000021.mp4,359
/home/leon-gold/jepa/kinetics-dataset/k400_targz/train/part_5/0_tNR_eU_Ss_000168_000178.mp4,304
/home/leon-gold/jepa/kinetics-dataset/k400_targz/train/part_5/0a_1cJMYtxo_000126_000136.mp4,349
/home/leon-gold/jepa/kinetics-dataset/k400_targz/train/part_5/0cvFjSI15ig_000024_000034.mp4,37
/home/leon-gold/jepa/kinetics-dataset/k400_targz/train/part_5/0WaDbpdRZGc_000000_000010.mp4,280
/home/leon-gold/jepa/kinetics-dataset/k400_targz/train/part_5/0VOqJz_-2Rs_000072_000082.mp4,36
/home/leon-gold/jepa/kinetics-dataset/k400_targz/train/part_5/0XY8KMtezxg_000371_000381.mp4,38
/home/leon-gold/jepa/kinetics-dataset/k400_targz/train/part_5/0d4HGA3-Vj0_000113_000123.mp4,108
/home/leon-gold/jepa/kinetics-dataset/k400_targz/train/part_5/0cu3HHsVCGE_000044_000054.mp4,125
/home/leon-gold/jepa/kinetics-dataset/k400_targz/train/part_5/0VI-q3WY5Mg_000035_000045.mp4,237
/home/leon-gold/jepa/kinetics-dataset/k400_targz/train/part_5/0f4Vr9Lv-Jw_000589_000599.mp4,89
/home/leon-gold/jepa/kinetics-dataset/k400_targz/train/part_5/0XyEeNJp5_g_001121_001131.mp4,197
/home/leon-gold/jepa/kinetics-dataset/k400_targz/train/part_5/0cegNnCGZ4I_000242_000252.mp4,222
/home/leon-gold/jepa/kinetics-dataset/k400_targz/train/part_5/0e0CZ7zAfd8_000017_000027.mp4,291
/home/leon-gold/jepa/kinetics-dataset/k400_targz/train/part_5/0fVrUF32Dgk_000139_000149.mp4,75
/home/leon-gold/jepa/kinetics-dataset/k400_targz/train/part_5/0eXyQUqHepI_000000_000010.mp4,57
/home/leon-gold/jepa/kinetics-dataset/k400_targz/train/part_5/0f5z2mEKG_Q_000020_000030.mp4,220
/home/leon-gold/jepa/kinetics-dataset/k400_targz/train/part_5/0e2OdCAOwe8_000004_000014.mp4,273
/home/leon-gold/jepa/kinetics-dataset/k400_targz/train/part_5/0g_4V8wbrZ4_000064_000074.mp4,253
/home/leon-gold/jepa/kinetics-dataset/k400_targz/train/part_5/0gjvKaxtDXg_000017_000027.mp4,275
/home/leon-gold/jepa/kinetics-dataset/k400_targz/train/part_5/0jTjP2pXYQ0_000000_000010.mp4,260
/home/leon-gold/jepa/kinetics-dataset/k400_targz/train/part_5/0eVYw_857Eo_000225_000235.mp4,337
/home/leon-gold/jepa/kinetics-dataset/k400_targz/train/part_5/0gk7bMlB2EY_000014_000024.mp4,391
/home/leon-gold/jepa/kinetics-dataset/k400_targz/train/part_5/0ZPxAE5EeTg_000042_000052.mp4,379
/home/leon-gold/jepa/kinetics-dataset/k400_targz/train/part_5/0gQEjQ3WVeg_000002_000012.mp4,369
/home/leon-gold/jepa/kinetics-dataset/k400_targz/train/part_5/0fLIUXm-X3Y_000046_000056.mp4,294
/home/leon-gold/jepa/kinetics-dataset/k400_targz/train/part_5/0b5ydcwz080_000106_000116.mp4,194
/home/leon-gold/jepa/kinetics-dataset/k400_targz/train/part_5/0fnx2XtDpQc_000009_000019.mp4,192
/home/leon-gold/jepa/kinetics-dataset/k400_targz/train/part_5/0YVLlmqEcZM_000002_000012.mp4,27
/home/leon-gold/jepa/kinetics-dataset/k400_targz/train/part_5/0ZlRgtSeqIw_000164_000174.mp4,254
/home/leon-gold/jepa/kinetics-dataset/k400_targz/train/part_5/0amUCNWCg24_000219_000229.mp4,340
/home/leon-gold/jepa/kinetics-dataset/k400_targz/train/part_5/0d4VNePcVj4_000011_000021.mp4,263
/home/leon-gold/jepa/kinetics-dataset/k400_targz/train/part_5/0W0M_cGSdTo_000010_000020.mp4,246
/home/leon-gold/jepa/kinetics-dataset/k400_targz/train/part_5/0gJd4jBwYNc_000004_000014.mp4,251
/home/leon-gold/jepa/kinetics-dataset/k400_targz/train/part_5/0fdqmRoi6Xc_000525_000535.mp4,46
/home/leon-gold/jepa/kinetics-dataset/k400_targz/train/part_5/0VKlPcvL3dM_000004_000014.mp4,349
/home/leon-gold/jepa/kinetics-dataset/k400_targz/train/part_5/0eROwTAExg0_000002_000012.mp4,16
/home/leon-gold/jepa/kinetics-dataset/k400_targz/train/part_5/0_WZHFQOD64_000144_000154.mp4,71
/home/leon-gold/jepa/kinetics-dataset/k400_targz/train/part_5/0Ybl0DD9Ksc_000025_000035.mp4,337
/home/leon-gold/jepa/kinetics-dataset/k400_targz/train/part_5/0ckGqSkH3aY_000116_000126.mp4,159
/home/leon-gold/jepa/kinetics-dataset/k400_targz/train/part_5/0UPZ3VIZ474_000001_000011.mp4,380
/home/leon-gold/jepa/kinetics-dataset/k400_targz/train/part_5/0cDGU-95Xkk_000085_000095.mp4,352
/home/leon-gold/jepa/kinetics-dataset/k400_targz/train/part_5/0XBwmne53Lk_000010_000020.mp4,282
/home/leon-gold/jepa/kinetics-dataset/k400_targz/train/part_5/0fAb5R7HPmg_000003_000013.mp4,250
/home/leon-gold/jepa/kinetics-dataset/k400_targz/train/part_5/0i0Z45QpHX8_000167_000177.mp4,294
/home/leon-gold/jepa/kinetics-dataset/k400_targz/train/part_5/0fTclAz3oj4_000097_000107.mp4,349
/home/leon-gold/jepa/kinetics-dataset/k400_targz/train/part_5/0XhmlAybTMo_000134_000144.mp4,321
/home/leon-gold/jepa/kinetics-dataset/k400_targz/train/part_5/0gp_HGyeBNY_000003_000013.mp4,5
/home/leon-gold/jepa/kinetics-dataset/k400_targz/train/part_5/0cxsB8EZCMI_000147_000157.mp4,22
/home/leon-gold/jepa/kinetics-dataset/k400_targz/train/part_5/0ZZCuBKPse8_000134_000144.mp4,5
/home/leon-gold/jepa/kinetics-dataset/k400_targz/train/part_5/0YZrNO-sVsQ_000007_000017.mp4,78
/home/leon-gold/jepa/kinetics-dataset/k400_targz/train/part_5/0Uo94Maep00_000007_000017.mp4,274
/home/leon-gold/jepa/kinetics-dataset/k400_targz/train/part_5/0iBp1bVh_kA_000000_000010.mp4,309
/home/leon-gold/jepa/kinetics-dataset/k400_targz/train/part_5/0UXvV5iS_eg_000229_000239.mp4,232
/home/leon-gold/jepa/kinetics-dataset/k400_targz/train/part_5/0eAbf3x4foY_000253_000263.mp4,126
/home/leon-gold/jepa/kinetics-dataset/k400_targz/train/part_5/0XNoBLQlxTU_000504_000514.mp4,330
/home/leon-gold/jepa/kinetics-dataset/k400_targz/train/part_5/0WIuhO0MBr0_000091_000101.mp4,333
/home/leon-gold/jepa/kinetics-dataset/k400_targz/train/part_5/0U7MLgyJzt0_000010_000020.mp4,54
/home/leon-gold/jepa/kinetics-dataset/k400_targz/train/part_5/0W_LkZt4ae0_000002_000012.mp4,252
/home/leon-gold/jepa/kinetics-dataset/k400_targz/train/part_5/0VCvlvR0UBE_000004_000014.mp4,95
/home/leon-gold/jepa/kinetics-dataset/k400_targz/train/part_5/0gGx8ycxRCs_000243_000253.mp4,321
/home/leon-gold/jepa/kinetics-dataset/k400_targz/train/part_5/0X-bncPSKnA_000047_000057.mp4,304
/home/leon-gold/jepa/kinetics-dataset/k400_targz/train/part_5/0_BBTQTktn0_000034_000044.mp4,30
/home/leon-gold/jepa/kinetics-dataset/k400_targz/train/part_5/0XF7K6dMItc_003615_003625.mp4,308
/home/leon-gold/jepa/kinetics-dataset/k400_targz/train/part_5/0cXMPf2bdFA_001142_001152.mp4,15
/home/leon-gold/jepa/kinetics-dataset/k400_targz/train/part_5/0W73M2JhRxs_000000_000010.mp4,288
/home/leon-gold/jepa/kinetics-dataset/k400_targz/train/part_5/0d-z1vnYUoI_000003_000013.mp4,22
/home/leon-gold/jepa/kinetics-dataset/k400_targz/train/part_5/0gwIJfTMWCg_000002_000012.mp4,148
/home/leon-gold/jepa/kinetics-dataset/k400_targz/train/part_5/0bXG9G527CM_000075_000085.mp4,280
/home/leon-gold/jepa/kinetics-dataset/k400_targz/train/part_5/0akw3bNrcmQ_000001_000011.mp4,241
/home/leon-gold/jepa/kinetics-dataset/k400_targz/train/part_5/0fItLr9CtVg_000038_000048.mp4,142
/home/leon-gold/jepa/kinetics-dataset/k400_targz/train/part_5/0j1wrZanHbs_000071_000081.mp4,278
/home/leon-gold/jepa/kinetics-dataset/k400_targz/train/part_5/0jzenFIgH8k_000219_000229.mp4,225
/home/leon-gold/jepa/kinetics-dataset/k400_targz/train/part_5/0dnNTFCU0H4_000001_000011.mp4,124
/home/leon-gold/jepa/kinetics-dataset/k400_targz/train/part_5/0dFvZDAEW5E_000002_000012.mp4,61
/home/leon-gold/jepa/kinetics-dataset/k400_targz/train/part_5/0_b43RbenY8_000031_000041.mp4,134
/home/leon-gold/jepa/kinetics-dataset/k400_targz/train/part_5/0aaGLwh39EM_000041_000051.mp4,101
/home/leon-gold/jepa/kinetics-dataset/k400_targz/train/part_5/0j9SgbSlq4E_000049_000059.mp4,23
/home/leon-gold/jepa/kinetics-dataset/k400_targz/train/part_5/0h04CTu_8G8_000004_000014.mp4,92
/home/leon-gold/jepa/kinetics-dataset/k400_targz/train/part_5/0jD38s-_XXA_000182_000192.mp4,302
/home/leon-gold/jepa/kinetics-dataset/k400_targz/train/part_5/0XSV_RCdCfU_000056_000066.mp4,255
/home/leon-gold/jepa/kinetics-dataset/k400_targz/train/part_5/0gTtqi2IkAg_000100_000110.mp4,308
/home/leon-gold/jepa/kinetics-dataset/k400_targz/train/part_5/0dru1CVDCpo_000004_000014.mp4,218
/home/leon-gold/jepa/kinetics-dataset/k400_targz/train/part_5/0fdzNn6qT6o_000006_000016.mp4,197
/home/leon-gold/jepa/kinetics-dataset/k400_targz/train/part_5/0W1O-BhOCh8_000078_000088.mp4,100
/home/leon-gold/jepa/kinetics-dataset/k400_targz/train/part_5/0WCttfSBVS8_000117_000127.mp4,103
/home/leon-gold/jepa/kinetics-dataset/k400_targz/train/part_5/0ZuRu4d1nHc_000186_000196.mp4,230
/home/leon-gold/jepa/kinetics-dataset/k400_targz/train/part_5/0dMAxYYKBPI_000106_000116.mp4,159
/home/leon-gold/jepa/kinetics-dataset/k400_targz/train/part_5/0VWdE2fREQw_000023_000033.mp4,188
/home/leon-gold/jepa/kinetics-dataset/k400_targz/train/part_5/0fWVQgF3YLo_000001_000011.mp4,126
/home/leon-gold/jepa/kinetics-dataset/k400_targz/train/part_5/0_9esQw3nd8_000015_000025.mp4,40
/home/leon-gold/jepa/kinetics-dataset/k400_targz/train/part_5/0clh3b-rjJA_000512_000522.mp4,187
/home/leon-gold/jepa/kinetics-dataset/k400_targz/train/part_5/0dpfo2sI8rI_000003_000013.mp4,172
/home/leon-gold/jepa/kinetics-dataset/k400_targz/train/part_5/0VshelcuIog_000001_000011.mp4,134
/home/leon-gold/jepa/kinetics-dataset/k400_targz/train/part_5/0j1en7K4Z5I_000065_000075.mp4,302
/home/leon-gold/jepa/kinetics-dataset/k400_targz/train/part_5/0hhwLMwIwWk_000002_000012.mp4,134
/home/leon-gold/jepa/kinetics-dataset/k400_targz/train/part_5/0jGzZh482P8_000265_000275.mp4,29
/home/leon-gold/jepa/kinetics-dataset/k400_targz/train/part_5/0WgrxBcjLhQ_000003_000013.mp4,203
/home/leon-gold/jepa/kinetics-dataset/k400_targz/train/part_5/0gAzecLeDnU_000003_000013.mp4,182
/home/leon-gold/jepa/kinetics-dataset/k400_targz/train/part_5/0dC3o90WYHs_000034_000044.mp4,199
/home/leon-gold/jepa/kinetics-dataset/k400_targz/train/part_5/0c50nL1-4XQ_000006_000016.mp4,287
/home/leon-gold/jepa/kinetics-dataset/k400_targz/train/part_5/0eqsuf2-Y6E_000049_000059.mp4,69
/home/leon-gold/jepa/kinetics-dataset/k400_targz/train/part_5/0WQrVo9ETkc_000052_000062.mp4,282
/home/leon-gold/jepa/kinetics-dataset/k400_targz/train/part_5/0cmDsag0l9U_000077_000087.mp4,109
/home/leon-gold/jepa/kinetics-dataset/k400_targz/train/part_5/0_IazrMsIDM_000199_000209.mp4,76
/home/leon-gold/jepa/kinetics-dataset/k400_targz/train/part_5/0bLE1iAXn2Q_000310_000320.mp4,146
/home/leon-gold/jepa/kinetics-dataset/k400_targz/train/part_5/0XWcKlTU5yc_000108_000118.mp4,51
/home/leon-gold/jepa/kinetics-dataset/k400_targz/train/part_5/0bUghCx9iso_000447_000457.mp4,8
/home/leon-gold/jepa/kinetics-dataset/k400_targz/train/part_5/0ibMYH1EHnc_000109_000119.mp4,351
/home/leon-gold/jepa/kinetics-dataset/k400_targz/train/part_5/0hD36NZM5cY_000136_000146.mp4,36
/home/leon-gold/jepa/kinetics-dataset/k400_targz/train/part_5/0W9deLvCCQk_000003_000013.mp4,27
/home/leon-gold/jepa/kinetics-dataset/k400_targz/train/part_5/0e7DZ7eGNWE_000140_000150.mp4,334
/home/leon-gold/jepa/kinetics-dataset/k400_targz/train/part_5/0fg8Pz1FepY_000069_000079.mp4,327
/home/leon-gold/jepa/kinetics-dataset/k400_targz/train/part_5/0W1uCcHalGE_000033_000043.mp4,21
/home/leon-gold/jepa/kinetics-dataset/k400_targz/train/part_5/0UuzBKzUQw8_000474_000484.mp4,29
/home/leon-gold/jepa/kinetics-dataset/k400_targz/train/part_5/0bN9k9sIwm8_000036_000046.mp4,138
/home/leon-gold/jepa/kinetics-dataset/k400_targz/train/part_5/0cqUmlmR1Hk_000179_000189.mp4,220
/home/leon-gold/jepa/kinetics-dataset/k400_targz/train/part_5/0dDzds7o0BM_000000_000010.mp4,308
/home/leon-gold/jepa/kinetics-dataset/k400_targz/train/part_5/0gMiOR0LNhw_000000_000010.mp4,140
/home/leon-gold/jepa/kinetics-dataset/k400_targz/train/part_5/0euMwdwstqA_000050_000060.mp4,323
/home/leon-gold/jepa/kinetics-dataset/k400_targz/train/part_5/0k45Xa4OrFc_000001_000011.mp4,197
/home/leon-gold/jepa/kinetics-dataset/k400_targz/train/part_5/0gSnnXpmGHw_000333_000343.mp4,346
/home/leon-gold/jepa/kinetics-dataset/k400_targz/train/part_5/0f1Q1JW5IHU_000013_000023.mp4,147
/home/leon-gold/jepa/kinetics-dataset/k400_targz/train/part_5/0cLUOV3oMbQ_000028_000038.mp4,378
/home/leon-gold/jepa/kinetics-dataset/k400_targz/train/part_5/0jcFfEIfv3Y_000103_000113.mp4,323
/home/leon-gold/jepa/kinetics-dataset/k400_targz/train/part_5/0_4zOwgabn4_000048_000058.mp4,212
/home/leon-gold/jepa/kinetics-dataset/k400_targz/train/part_5/0UnO2yzfTJA_000064_000074.mp4,283
/home/leon-gold/jepa/kinetics-dataset/k400_targz/train/part_5/0_pHMcM3W_k_000064_000074.mp4,191
/home/leon-gold/jepa/kinetics-dataset/k400_targz/train/part_5/0fAJtEFuaMM_000002_000012.mp4,214
/home/leon-gold/jepa/kinetics-dataset/k400_targz/train/part_5/0caJ9OVhyQo_000046_000056.mp4,76
/home/leon-gold/jepa/kinetics-dataset/k400_targz/train/part_5/0igSLIh3ntQ_000001_000011.mp4,272
/home/leon-gold/jepa/kinetics-dataset/k400_targz/train/part_5/0W3NPWEIY5U_000412_000422.mp4,55
/home/leon-gold/jepa/kinetics-dataset/k400_targz/train/part_5/0hUNeCQJCZA_000231_000241.mp4,368
/home/leon-gold/jepa/kinetics-dataset/k400_targz/train/part_5/0YZHuRx0AUs_000020_000030.mp4,304
/home/leon-gold/jepa/kinetics-dataset/k400_targz/train/part_5/0eahjw_NZ44_000041_000051.mp4,363
/home/leon-gold/jepa/kinetics-dataset/k400_targz/train/part_5/0WvEWBsVEc4_000003_000013.mp4,53
/home/leon-gold/jepa/kinetics-dataset/k400_targz/train/part_5/0av3vXX4NrM_000036_000046.mp4,322
/home/leon-gold/jepa/kinetics-dataset/k400_targz/train/part_5/0VZeIsnB3Bo_000080_000090.mp4,20
/home/leon-gold/jepa/kinetics-dataset/k400_targz/train/part_5/0Wo98IdOc08_000037_000047.mp4,212
/home/leon-gold/jepa/kinetics-dataset/k400_targz/train/part_5/0iQiH6vBsXc_000007_000017.mp4,316
/home/leon-gold/jepa/kinetics-dataset/k400_targz/train/part_5/0eW00gK-vEI_000020_000030.mp4,134
/home/leon-gold/jepa/kinetics-dataset/k400_targz/train/part_5/0_dWsMfL1LA_000004_000014.mp4,48
/home/leon-gold/jepa/kinetics-dataset/k400_targz/train/part_5/0Y4AdXSciOs_000022_000032.mp4,78
/home/leon-gold/jepa/kinetics-dataset/k400_targz/train/part_5/0k8YsNq1EWs_000002_000012.mp4,240
/home/leon-gold/jepa/kinetics-dataset/k400_targz/train/part_5/0_tduei7o5g_000000_000010.mp4,94
/home/leon-gold/jepa/kinetics-dataset/k400_targz/train/part_5/0YplelvlPV0_000025_000035.mp4,196
/home/leon-gold/jepa/kinetics-dataset/k400_targz/train/part_5/0X6qcGl2zwg_000028_000038.mp4,8
/home/leon-gold/jepa/kinetics-dataset/k400_targz/train/part_5/0ZpuUdIs4Rc_000014_000024.mp4,69
/home/leon-gold/jepa/kinetics-dataset/k400_targz/train/part_5/0ZrCBnX0AUY_000060_000070.mp4,326
/home/leon-gold/jepa/kinetics-dataset/k400_targz/train/part_5/0YaRP4EK7ZY_000342_000352.mp4,72
/home/leon-gold/jepa/kinetics-dataset/k400_targz/train/part_5/0dKAG9Mfg4c_000008_000018.mp4,376
/home/leon-gold/jepa/kinetics-dataset/k400_targz/train/part_5/0WhR9EEEAUg_000306_000316.mp4,32
/home/leon-gold/jepa/kinetics-dataset/k400_targz/train/part_5/0UEeSEdrzgQ_000002_000012.mp4,160
/home/leon-gold/jepa/kinetics-dataset/k400_targz/train/part_5/0d5Y3zRJJkw_000005_000015.mp4,273
/home/leon-gold/jepa/kinetics-dataset/k400_targz/train/part_5/0V-7rRMow9k_000053_000063.mp4,218
/home/leon-gold/jepa/kinetics-dataset/k400_targz/train/part_5/0ZwBqfeIMLs_000034_000044.mp4,325
/home/leon-gold/jepa/kinetics-dataset/k400_targz/train/part_5/0XrsfW9ejfk_000000_000010.mp4,3
/home/leon-gold/jepa/kinetics-dataset/k400_targz/train/part_5/0h2twJWygNI_000036_000046.mp4,234
/home/leon-gold/jepa/kinetics-dataset/k400_targz/train/part_5/0fCzHdLz_S0_000019_000029.mp4,393
/home/leon-gold/jepa/kinetics-dataset/k400_targz/train/part_5/0YTbwm2lGi4_000001_000011.mp4,315
/home/leon-gold/jepa/kinetics-dataset/k400_targz/train/part_5/0h70fRtN3zI_000141_000151.mp4,342
/home/leon-gold/jepa/kinetics-dataset/k400_targz/train/part_5/0YYwW9ZG160_000000_000010.mp4,304
/home/leon-gold/jepa/kinetics-dataset/k400_targz/train/part_5/0YZ0_6xcsOc_000010_000020.mp4,83
/home/leon-gold/jepa/kinetics-dataset/k400_targz/train/part_5/0b4JeBG60Ew_000003_000013.mp4,397
/home/leon-gold/jepa/kinetics-dataset/k400_targz/train/part_5/0Y3NovBK0tw_000002_000012.mp4,164
/home/leon-gold/jepa/kinetics-dataset/k400_targz/train/part_5/0VzT47r4Y-8_000001_000011.mp4,182
/home/leon-gold/jepa/kinetics-dataset/k400_targz/train/part_5/0Zce-xGFFqM_000114_000124.mp4,394
/home/leon-gold/jepa/kinetics-dataset/k400_targz/train/part_5/0fW4pakAOcY_000075_000085.mp4,123
/home/leon-gold/jepa/kinetics-dataset/k400_targz/train/part_5/0fCZ4MW3jYU_000212_000222.mp4,349
/home/leon-gold/jepa/kinetics-dataset/k400_targz/train/part_5/0e_dwOfB_bU_000022_000032.mp4,384
/home/leon-gold/jepa/kinetics-dataset/k400_targz/train/part_5/0iE6NpyHaB0_000042_000052.mp4,194
/home/leon-gold/jepa/kinetics-dataset/k400_targz/train/part_5/0dudcZlPjCI_000017_000027.mp4,317
/home/leon-gold/jepa/kinetics-dataset/k400_targz/train/part_5/0VqENpPSdZs_000048_000058.mp4,168
/home/leon-gold/jepa/kinetics-dataset/k400_targz/train/part_5/0VjG9c3NxNM_000001_000011.mp4,26
/home/leon-gold/jepa/kinetics-dataset/k400_targz/train/part_5/0gkK9tmWG-k_000001_000011.mp4,42
/home/leon-gold/jepa/kinetics-dataset/k400_targz/train/part_5/0Xh1Tig5yoE_000132_000142.mp4,278
/home/leon-gold/jepa/kinetics-dataset/k400_targz/train/part_5/0a75SqAvpiM_000020_000030.mp4,345
/home/leon-gold/jepa/kinetics-dataset/k400_targz/train/part_5/0Uxv0GlU25M_000090_000100.mp4,350
/home/leon-gold/jepa/kinetics-dataset/k400_targz/train/part_5/0bPpp_zaMOA_000000_000010.mp4,399
/home/leon-gold/jepa/kinetics-dataset/k400_targz/train/part_5/0Zyak3mqRuc_000048_000058.mp4,274
/home/leon-gold/jepa/kinetics-dataset/k400_targz/train/part_5/0ZkvNm2QX6c_000008_000018.mp4,168
/home/leon-gold/jepa/kinetics-dataset/k400_targz/train/part_5/0b9xWsXdp0Q_000000_000010.mp4,142
/home/leon-gold/jepa/kinetics-dataset/k400_targz/train/part_5/0jjhNtqZ1Og_000003_000013.mp4,166
/home/leon-gold/jepa/kinetics-dataset/k400_targz/train/part_5/0dl1tKbEjYU_000031_000041.mp4,27
/home/leon-gold/jepa/kinetics-dataset/k400_targz/train/part_5/0e29zqHDY04_000007_000017.mp4,159
/home/leon-gold/jepa/kinetics-dataset/k400_targz/train/part_5/0gXm5BzysR4_000111_000121.mp4,24
/home/leon-gold/jepa/kinetics-dataset/k400_targz/train/part_5/0XBTTkt34iU_000071_000081.mp4,348
/home/leon-gold/jepa/kinetics-dataset/k400_targz/train/part_5/0jJ7GW8Dg5Q_000008_000018.mp4,376
/home/leon-gold/jepa/kinetics-dataset/k400_targz/train/part_5/0eFtLp68gXo_000004_000014.mp4,260
/home/leon-gold/jepa/kinetics-dataset/k400_targz/train/part_5/0j02uLRAz24_000075_000085.mp4,158
/home/leon-gold/jepa/kinetics-dataset/k400_targz/train/part_5/0jqAM2dkCWc_000023_000033.mp4,379
/home/leon-gold/jepa/kinetics-dataset/k400_targz/train/part_5/0aQFYMZ98Rc_000023_000033.mp4,152
/home/leon-gold/jepa/kinetics-dataset/k400_targz/train/part_5/0f9x0bULOJw_000282_000292.mp4,212
/home/leon-gold/jepa/kinetics-dataset/k400_targz/train/part_5/0TrZF-BBu7g_000003_000013.mp4,66
/home/leon-gold/jepa/kinetics-dataset/k400_targz/train/part_5/0UZZ3Od59OI_000299_000309.mp4,335
/home/leon-gold/jepa/kinetics-dataset/k400_targz/train/part_5/0XCJL3x21AQ_000006_000016.mp4,178
/home/leon-gold/jepa/kinetics-dataset/k400_targz/train/part_5/0b30eRmVdXg_000007_000017.mp4,188
/home/leon-gold/jepa/kinetics-dataset/k400_targz/train/part_5/0UOXXN3X4xM_000017_000027.mp4,206
/home/leon-gold/jepa/kinetics-dataset/k400_targz/train/part_5/0YaC-YW3JRs_000039_000049.mp4,304
/home/leon-gold/jepa/kinetics-dataset/k400_targz/train/part_5/0_BGghivOJQ_000032_000042.mp4,258
/home/leon-gold/jepa/kinetics-dataset/k400_targz/train/part_5/0W-Enb4ARIw_000026_000036.mp4,115
/home/leon-gold/jepa/kinetics-dataset/k400_targz/train/part_5/0fBrAthmrNs_000358_000368.mp4,0
/home/leon-gold/jepa/kinetics-dataset/k400_targz/train/part_5/0W9HqOXBpuE_000057_000067.mp4,387
/home/leon-gold/jepa/kinetics-dataset/k400_targz/train/part_5/0YHiUFpQ2nk_000022_000032.mp4,361
/home/leon-gold/jepa/kinetics-dataset/k400_targz/train/part_5/0jKJ_ZDiOCM_000005_000015.mp4,5
/home/leon-gold/jepa/kinetics-dataset/k400_targz/train/part_5/0czY3MJsPJw_000144_000154.mp4,60
/home/leon-gold/jepa/kinetics-dataset/k400_targz/train/part_5/0fVcXJ5MEbY_000165_000175.mp4,323
/home/leon-gold/jepa/kinetics-dataset/k400_targz/train/part_5/0eRkpTGq5pA_000003_000013.mp4,168
/home/leon-gold/jepa/kinetics-dataset/k400_targz/train/part_5/0_lXMxvogIQ_000323_000333.mp4,117
/home/leon-gold/jepa/kinetics-dataset/k400_targz/train/part_5/0XSoQmEL3IU_000008_000018.mp4,286
/home/leon-gold/jepa/kinetics-dataset/k400_targz/train/part_5/0a9iLocaeBE_000118_000128.mp4,311
/home/leon-gold/jepa/kinetics-dataset/k400_targz/train/part_5/0bdnNj1osRQ_000051_000061.mp4,308
/home/leon-gold/jepa/kinetics-dataset/k400_targz/train/part_5/0YZhXvmHmr0_000012_000022.mp4,42
/home/leon-gold/jepa/kinetics-dataset/k400_targz/train/part_5/0d2WydYYQZ8_000005_000015.mp4,170
/home/leon-gold/jepa/kinetics-dataset/k400_targz/train/part_5/0i1HFRJ3xu4_000043_000053.mp4,330
/home/leon-gold/jepa/kinetics-dataset/k400_targz/train/part_5/0jf17j8-ixk_000019_000029.mp4,380
/home/leon-gold/jepa/kinetics-dataset/k400_targz/train/part_5/0XolsaCpWtE_000001_000011.mp4,358
/home/leon-gold/jepa/kinetics-dataset/k400_targz/train/part_5/0ZEvj372rGk_000050_000060.mp4,271
/home/leon-gold/jepa/kinetics-dataset/k400_targz/train/part_5/0fPAmoTZcdE_000078_000088.mp4,141
/home/leon-gold/jepa/kinetics-dataset/k400_targz/train/part_5/0h45uztur-o_000055_000065.mp4,394
/home/leon-gold/jepa/kinetics-dataset/k400_targz/train/part_5/0k8P58P5dZE_000000_000010.mp4,31
/home/leon-gold/jepa/kinetics-dataset/k400_targz/train/part_5/0eFgAUfHsEk_000018_000028.mp4,142
/home/leon-gold/jepa/kinetics-dataset/k400_targz/train/part_5/0dGQUlhspug_000090_000100.mp4,385
/home/leon-gold/jepa/kinetics-dataset/k400_targz/train/part_5/0V8kH1EDmpU_000188_000198.mp4,143
/home/leon-gold/jepa/kinetics-dataset/k400_targz/train/part_5/0eZ0jqO8tiM_000090_000100.mp4,16
/home/leon-gold/jepa/kinetics-dataset/k400_targz/train/part_5/0bpyGQJk6hs_000213_000223.mp4,133
/home/leon-gold/jepa/kinetics-dataset/k400_targz/train/part_5/0gaTvv7wB6o_000008_000018.mp4,101
/home/leon-gold/jepa/kinetics-dataset/k400_targz/train/part_5/0XBS9dbATOo_000001_000011.mp4,59
/home/leon-gold/jepa/kinetics-dataset/k400_targz/train/part_5/0akGetvArLY_000003_000013.mp4,376
/home/leon-gold/jepa/kinetics-dataset/k400_targz/train/part_5/0iX0QmnbrK4_000085_000095.mp4,247
/home/leon-gold/jepa/kinetics-dataset/k400_targz/train/part_5/0gVV_oyUz9I_000098_000108.mp4,186
/home/leon-gold/jepa/kinetics-dataset/k400_targz/train/part_5/0ewQXPz9kWk_000010_000020.mp4,308
/home/leon-gold/jepa/kinetics-dataset/k400_targz/train/part_5/0dZ056vchAo_000008_000018.mp4,37
/home/leon-gold/jepa/kinetics-dataset/k400_targz/train/part_5/0j5npDu_fjI_000014_000024.mp4,350
/home/leon-gold/jepa/kinetics-dataset/k400_targz/train/part_5/0gUUB1T4cVs_000046_000056.mp4,254
/home/leon-gold/jepa/kinetics-dataset/k400_targz/train/part_5/0br3iQLqbEI_000090_000100.mp4,308
/home/leon-gold/jepa/kinetics-dataset/k400_targz/train/part_5/0YZnqJIOCE0_000055_000065.mp4,70
/home/leon-gold/jepa/kinetics-dataset/k400_targz/train/part_5/0_tYPHX5_oc_000061_000071.mp4,5
/home/leon-gold/jepa/kinetics-dataset/k400_targz/train/part_5/0Wh-qGInjqo_000017_000027.mp4,12
/home/leon-gold/jepa/kinetics-dataset/k400_targz/train/part_5/0hr3KZf0r-k_000073_000083.mp4,257
/home/leon-gold/jepa/kinetics-dataset/k400_targz/train/part_5/0fIK3FcF4vk_000011_000021.mp4,351
/home/leon-gold/jepa/kinetics-dataset/k400_targz/train/part_5/0eOGASOyPo0_000007_000017.mp4,253
/home/leon-gold/jepa/kinetics-dataset/k400_targz/train/part_5/0UTKZRo0HIg_000144_000154.mp4,201
/home/leon-gold/jepa/kinetics-dataset/k400_targz/train/part_5/0cLjIPQ4tEo_000016_000026.mp4,289
/home/leon-gold/jepa/kinetics-dataset/k400_targz/train/part_5/0h2fqKjdNl4_000398_000408.mp4,373
/home/leon-gold/jepa/kinetics-dataset/k400_targz/train/part_5/0aj4R7JUcGg_000015_000025.mp4,42
/home/leon-gold/jepa/kinetics-dataset/k400_targz/train/part_5/0jh1HvNMB0U_000026_000036.mp4,288
/home/leon-gold/jepa/kinetics-dataset/k400_targz/train/part_5/0j6-D17bGDI_000054_000064.mp4,280
/home/leon-gold/jepa/kinetics-dataset/k400_targz/train/part_5/0faTDBLIspg_000000_000010.mp4,148
/home/leon-gold/jepa/kinetics-dataset/k400_targz/train/part_5/0eO5VvQRuD0_000052_000062.mp4,260
/home/leon-gold/jepa/kinetics-dataset/k400_targz/train/part_5/0i1VwFAnc8Y_000120_000130.mp4,103
/home/leon-gold/jepa/kinetics-dataset/k400_targz/train/part_5/0VkMVfiKkSo_000031_000041.mp4,85
/home/leon-gold/jepa/kinetics-dataset/k400_targz/train/part_5/0i_YpIINipc_000290_000300.mp4,135
/home/leon-gold/jepa/kinetics-dataset/k400_targz/train/part_5/0Tt-SGltms0_000287_000297.mp4,284
/home/leon-gold/jepa/kinetics-dataset/k400_targz/train/part_5/0V91RZRZPt8_000051_000061.mp4,232
/home/leon-gold/jepa/kinetics-dataset/k400_targz/train/part_5/0Y7Ncjm5g1Y_000220_000230.mp4,271
/home/leon-gold/jepa/kinetics-dataset/k400_targz/train/part_5/0gkJ0XkyCbc_000017_000027.mp4,321
/home/leon-gold/jepa/kinetics-dataset/k400_targz/train/part_5/0i3KQ7BXMKo_000047_000057.mp4,249
/home/leon-gold/jepa/kinetics-dataset/k400_targz/train/part_5/0hrx0HwZxME_000002_000012.mp4,205
/home/leon-gold/jepa/kinetics-dataset/k400_targz/train/part_5/0ivtVKYUAM0_000001_000011.mp4,280
/home/leon-gold/jepa/kinetics-dataset/k400_targz/train/part_5/0WUj8tsyu-Q_000023_000033.mp4,223
/home/leon-gold/jepa/kinetics-dataset/k400_targz/train/part_5/0eKGeRvNP5s_000033_000043.mp4,179
/home/leon-gold/jepa/kinetics-dataset/k400_targz/train/part_5/0XqXZvaqgYY_000132_000142.mp4,342
/home/leon-gold/jepa/kinetics-dataset/k400_targz/train/part_5/0i_5YBnQdac_000051_000061.mp4,103
/home/leon-gold/jepa/kinetics-dataset/k400_targz/train/part_5/0gGHj_WfziY_000004_000014.mp4,292
/home/leon-gold/jepa/kinetics-dataset/k400_targz/train/part_5/0WCe-M7tR2o_000070_000080.mp4,303
/home/leon-gold/jepa/kinetics-dataset/k400_targz/train/part_5/0XixUktJ0UY_000000_000010.mp4,288
/home/leon-gold/jepa/kinetics-dataset/k400_targz/train/part_5/0dh0SVaws_E_000027_000037.mp4,126
/home/leon-gold/jepa/kinetics-dataset/k400_targz/train/part_5/0eQPUWFQk0c_000034_000044.mp4,16
/home/leon-gold/jepa/kinetics-dataset/k400_targz/train/part_5/0cRYsT9pHOM_000051_000061.mp4,204
/home/leon-gold/jepa/kinetics-dataset/k400_targz/train/part_5/0d7WFfVA7TA_000153_000163.mp4,369
/home/leon-gold/jepa/kinetics-dataset/k400_targz/train/part_5/0aIY16_GbFE_000001_000011.mp4,307
/home/leon-gold/jepa/kinetics-dataset/k400_targz/train/part_5/0_KXxVhUTI0_000000_000010.mp4,81
/home/leon-gold/jepa/kinetics-dataset/k400_targz/train/part_5/0jKNLmKL7jQ_000004_000014.mp4,314
/home/leon-gold/jepa/kinetics-dataset/k400_targz/train/part_5/0UPD8e7hteg_000104_000114.mp4,364
/home/leon-gold/jepa/kinetics-dataset/k400_targz/train/part_5/0hhaQulpqxM_000001_000011.mp4,282
/home/leon-gold/jepa/kinetics-dataset/k400_targz/train/part_5/0eSFmX-NTIU_000049_000059.mp4,269
/home/leon-gold/jepa/kinetics-dataset/k400_targz/train/part_5/0Z1wOxdmIro_000174_000184.mp4,375
/home/leon-gold/jepa/kinetics-dataset/k400_targz/train/part_5/0k2xEVSD56Q_000110_000120.mp4,306
/home/leon-gold/jepa/kinetics-dataset/k400_targz/train/part_5/0i0YHNDidVw_000000_000010.mp4,31
/home/leon-gold/jepa/kinetics-dataset/k400_targz/train/part_5/0dEaZQ4gozw_000071_000081.mp4,79
/home/leon-gold/jepa/kinetics-dataset/k400_targz/train/part_5/0c1U9o_Jbk0_000600_000610.mp4,242
/home/leon-gold/jepa/kinetics-dataset/k400_targz/train/part_5/0bduNIo5xLM_000003_000013.mp4,315
/home/leon-gold/jepa/kinetics-dataset/k400_targz/train/part_5/0f9jcSBAfkk_000004_000014.mp4,151
/home/leon-gold/jepa/kinetics-dataset/k400_targz/train/part_5/0Y8qF7YPnNU_000038_000048.mp4,158
/home/leon-gold/jepa/kinetics-dataset/k400_targz/train/part_5/0XTYjBDQzK8_000712_000722.mp4,292
/home/leon-gold/jepa/kinetics-dataset/k400_targz/train/part_5/0fgIKY04g3k_000047_000057.mp4,340
/home/leon-gold/jepa/kinetics-dataset/k400_targz/train/part_5/0iiVdakTy9g_000002_000012.mp4,151
/home/leon-gold/jepa/kinetics-dataset/k400_targz/train/part_5/0edh3q2VYZQ_000023_000033.mp4,124
/home/leon-gold/jepa/kinetics-dataset/k400_targz/train/part_5/0XuqzeejDb4_000015_000025.mp4,83
/home/leon-gold/jepa/kinetics-dataset/k400_targz/train/part_5/0cbaOR84CNk_000045_000055.mp4,262
/home/leon-gold/jepa/kinetics-dataset/k400_targz/train/part_5/0cQ9qWe7YRA_000912_000922.mp4,70
/home/leon-gold/jepa/kinetics-dataset/k400_targz/train/part_5/0YXK1-khT3I_000082_000092.mp4,70
/home/leon-gold/jepa/kinetics-dataset/k400_targz/train/part_5/0XMoZoVWkl0_000008_000018.mp4,159
/home/leon-gold/jepa/kinetics-dataset/k400_targz/train/part_5/0_r87O-US2E_000161_000171.mp4,140
/home/leon-gold/jepa/kinetics-dataset/k400_targz/train/part_5/0WcEnho2bgQ_000001_000011.mp4,227
/home/leon-gold/jepa/kinetics-dataset/k400_targz/train/part_5/0YqAhW904L0_000013_000023.mp4,389
/home/leon-gold/jepa/kinetics-dataset/k400_targz/train/part_5/0g52S_IXXQk_000000_000010.mp4,129
/home/leon-gold/jepa/kinetics-dataset/k400_targz/train/part_5/0aT84tv2V9Q_000001_000011.mp4,297
/home/leon-gold/jepa/kinetics-dataset/k400_targz/train/part_5/0_OVwopYX-s_000021_000031.mp4,82
/home/leon-gold/jepa/kinetics-dataset/k400_targz/train/part_5/0amuZWBFGGo_000109_000119.mp4,37
/home/leon-gold/jepa/kinetics-dataset/k400_targz/train/part_5/0UeKnA4eKbE_000049_000059.mp4,184
/home/leon-gold/jepa/kinetics-dataset/k400_targz/train/part_5/0ZMmdVWk1Rg_000264_000274.mp4,161
/home/leon-gold/jepa/kinetics-dataset/k400_targz/train/part_5/0UccHbTXARc_000096_000106.mp4,172
/home/leon-gold/jepa/kinetics-dataset/k400_targz/train/part_5/0Wb78UbU1AU_000116_000126.mp4,280
/home/leon-gold/jepa/kinetics-dataset/k400_targz/train/part_5/0e1EMM81emQ_000357_000367.mp4,212
/home/leon-gold/jepa/kinetics-dataset/k400_targz/train/part_5/0i1vm_Cb8K4_000077_000087.mp4,348
/home/leon-gold/jepa/kinetics-dataset/k400_targz/train/part_5/0itpHjBcLTc_000423_000433.mp4,221
/home/leon-gold/jepa/kinetics-dataset/k400_targz/train/part_5/0eq080SUzbU_000105_000115.mp4,37
/home/leon-gold/jepa/kinetics-dataset/k400_targz/train/part_5/0dJPkn0IPlI_000010_000020.mp4,77
/home/leon-gold/jepa/kinetics-dataset/k400_targz/train/part_5/0d47EHINWMI_000125_000135.mp4,353
/home/leon-gold/jepa/kinetics-dataset/k400_targz/train/part_5/0k2bQgq5aaQ_000324_000334.mp4,332
/home/leon-gold/jepa/kinetics-dataset/k400_targz/train/part_5/0_jaO1sfF2Y_000023_000033.mp4,369
/home/leon-gold/jepa/kinetics-dataset/k400_targz/train/part_5/0YD41yQHCgE_000002_000012.mp4,358
/home/leon-gold/jepa/kinetics-dataset/k400_targz/train/part_5/0Wg1XVR0A0g_000009_000019.mp4,327
/home/leon-gold/jepa/kinetics-dataset/k400_targz/train/part_5/0gkTet0u0Xs_000004_000014.mp4,152
/home/leon-gold/jepa/kinetics-dataset/k400_targz/train/part_5/0hiu7IaIWds_000030_000040.mp4,2
/home/leon-gold/jepa/kinetics-dataset/k400_targz/train/part_5/0h7xONFcN_M_000141_000151.mp4,63
/home/leon-gold/jepa/kinetics-dataset/k400_targz/train/part_5/0jDhXM7j9F8_000229_000239.mp4,71
/home/leon-gold/jepa/kinetics-dataset/k400_targz/train/part_5/0jXKXu2WNPQ_000035_000045.mp4,140
/home/leon-gold/jepa/kinetics-dataset/k400_targz/train/part_5/0Vx6pI74Y8o_000003_000013.mp4,268
/home/leon-gold/jepa/kinetics-dataset/k400_targz/train/part_5/0UX-kwgZh8c_000026_000036.mp4,313
/home/leon-gold/jepa/kinetics-dataset/k400_targz/train/part_5/0imM0D5qo7I_000001_000011.mp4,319
/home/leon-gold/jepa/kinetics-dataset/k400_targz/train/part_5/0hWunh1EEoI_000293_000303.mp4,350
/home/leon-gold/jepa/kinetics-dataset/k400_targz/train/part_5/0eh36Ku_jVs_000409_000419.mp4,121
/home/leon-gold/jepa/kinetics-dataset/k400_targz/train/part_5/0ZbZu2Ot_es_000000_000010.mp4,291
/home/leon-gold/jepa/kinetics-dataset/k400_targz/train/part_5/0XCjkkTrMOg_000000_000010.mp4,149
/home/leon-gold/jepa/kinetics-dataset/k400_targz/train/part_5/0j-xkhqhtlo_000286_000296.mp4,108
/home/leon-gold/jepa/kinetics-dataset/k400_targz/train/part_5/0Yq6RKpUiXI_000128_000138.mp4,380
/home/leon-gold/jepa/kinetics-dataset/k400_targz/train/part_5/0dcravcgC1E_000067_000077.mp4,84
/home/leon-gold/jepa/kinetics-dataset/k400_targz/train/part_5/0f3AvGrqhCY_000217_000227.mp4,294
/home/leon-gold/jepa/kinetics-dataset/k400_targz/train/part_5/0Y9hXGNwfkA_000069_000079.mp4,285
/home/leon-gold/jepa/kinetics-dataset/k400_targz/train/part_5/0aQeF1KKeZg_000001_000011.mp4,382
/home/leon-gold/jepa/kinetics-dataset/k400_targz/train/part_5/0_pqsQFxUKo_000000_000010.mp4,281
/home/leon-gold/jepa/kinetics-dataset/k400_targz/train/part_5/0a2L_PT84uU_000029_000039.mp4,56
/home/leon-gold/jepa/kinetics-dataset/k400_targz/train/part_5/0iiZhWzZ9O8_000693_000703.mp4,5
/home/leon-gold/jepa/kinetics-dataset/k400_targz/train/part_5/0iqKmxmW74k_000246_000256.mp4,176
/home/leon-gold/jepa/kinetics-dataset/k400_targz/train/part_5/0cP47d_dU9c_000032_000042.mp4,247
/home/leon-gold/jepa/kinetics-dataset/k400_targz/train/part_5/0j6RBhORil4_000021_000031.mp4,119
/home/leon-gold/jepa/kinetics-dataset/k400_targz/train/part_5/0VAC-jaid2w_000002_000012.mp4,209
/home/leon-gold/jepa/kinetics-dataset/k400_targz/train/part_5/0XBwkX3XJRs_000085_000095.mp4,241
/home/leon-gold/jepa/kinetics-dataset/k400_targz/train/part_5/0jt7eOUUYtk_000002_000012.mp4,244
/home/leon-gold/jepa/kinetics-dataset/k400_targz/train/part_5/0jJ92N6nrdY_000013_000023.mp4,225
/home/leon-gold/jepa/kinetics-dataset/k400_targz/train/part_5/0X2IkSJsAEE_000125_000135.mp4,233
/home/leon-gold/jepa/kinetics-dataset/k400_targz/train/part_5/0fj7idXw3vU_000034_000044.mp4,27
/home/leon-gold/jepa/kinetics-dataset/k400_targz/train/part_5/0WuvmjRTCM4_000086_000096.mp4,326
/home/leon-gold/jepa/kinetics-dataset/k400_targz/train/part_5/0eTI0yQuPh8_000017_000027.mp4,16
/home/leon-gold/jepa/kinetics-dataset/k400_targz/train/part_5/0dF0SpYoofM_000001_000011.mp4,296
/home/leon-gold/jepa/kinetics-dataset/k400_targz/train/part_5/0aFH5gAL0zc_000063_000073.mp4,307
/home/leon-gold/jepa/kinetics-dataset/k400_targz/train/part_5/0dqLGo2mX0k_000000_000010.mp4,147
/home/leon-gold/jepa/kinetics-dataset/k400_targz/train/part_5/0ZG-My3jUow_000093_000103.mp4,14
/home/leon-gold/jepa/kinetics-dataset/k400_targz/train/part_5/0YZOoH5Xjy8_000120_000130.mp4,240
/home/leon-gold/jepa/kinetics-dataset/k400_targz/train/part_5/0bVbHh8Gb1c_000000_000010.mp4,57
/home/leon-gold/jepa/kinetics-dataset/k400_targz/train/part_5/0_e-7U_nun4_000009_000019.mp4,174
/home/leon-gold/jepa/kinetics-dataset/k400_targz/train/part_5/0aUILQZtzFw_000000_000010.mp4,189
/home/leon-gold/jepa/kinetics-dataset/k400_targz/train/part_5/0VYrOjloHz8_000003_000013.mp4,59
/home/leon-gold/jepa/kinetics-dataset/k400_targz/train/part_5/0ba6-onhLJU_000045_000055.mp4,217
/home/leon-gold/jepa/kinetics-dataset/k400_targz/train/part_5/0cWAKtDou4I_000008_000018.mp4,247
/home/leon-gold/jepa/kinetics-dataset/k400_targz/train/part_5/0Y9tWqZt38E_000086_000096.mp4,366
/home/leon-gold/jepa/kinetics-dataset/k400_targz/train/part_5/0Xg0m6KvOv4_000000_000010.mp4,182
/home/leon-gold/jepa/kinetics-dataset/k400_targz/train/part_5/0hpxpFsDuSA_000095_000105.mp4,34
/home/leon-gold/jepa/kinetics-dataset/k400_targz/train/part_5/0foVlayF72U_000006_000016.mp4,204
/home/leon-gold/jepa/kinetics-dataset/k400_targz/train/part_5/0hhc05GlnwE_000012_000022.mp4,153
/home/leon-gold/jepa/kinetics-dataset/k400_targz/train/part_5/0eebVuXC0Pk_000027_000037.mp4,331
/home/leon-gold/jepa/kinetics-dataset/k400_targz/train/part_5/0hqy3MUOPcI_000025_000035.mp4,347
/home/leon-gold/jepa/kinetics-dataset/k400_targz/train/part_5/0gpk0n7r7NA_000533_000543.mp4,138
/home/leon-gold/jepa/kinetics-dataset/k400_targz/train/part_5/0iBRNmzgpVE_000019_000029.mp4,52
/home/leon-gold/jepa/kinetics-dataset/k400_targz/train/part_5/0jVbZQvm9lM_000071_000081.mp4,334
/home/leon-gold/jepa/kinetics-dataset/k400_targz/train/part_5/0afhqysgAUE_000000_000010.mp4,255
/home/leon-gold/jepa/kinetics-dataset/k400_targz/train/part_5/0__sU8X-Uc0_000003_000013.mp4,19
/home/leon-gold/jepa/kinetics-dataset/k400_targz/train/part_5/0jBwj0bfZ3Y_000000_000010.mp4,237
/home/leon-gold/jepa/kinetics-dataset/k400_targz/train/part_5/0d6g4ZlwLEk_000000_000010.mp4,67
/home/leon-gold/jepa/kinetics-dataset/k400_targz/train/part_5/0_SJgevURuI_000020_000030.mp4,358
/home/leon-gold/jepa/kinetics-dataset/k400_targz/train/part_5/0b5hBuJihWQ_000003_000013.mp4,333
/home/leon-gold/jepa/kinetics-dataset/k400_targz/train/part_5/0bedv8B0ve0_000031_000041.mp4,217
/home/leon-gold/jepa/kinetics-dataset/k400_targz/train/part_5/0VExBIcdjs4_000020_000030.mp4,27
/home/leon-gold/jepa/kinetics-dataset/k400_targz/train/part_5/0YhfLhkQCdY_000197_000207.mp4,232
/home/leon-gold/jepa/kinetics-dataset/k400_targz/train/part_5/0eU9d8dzgvE_000035_000045.mp4,312
/home/leon-gold/jepa/kinetics-dataset/k400_targz/train/part_5/0eVZWU4H3Ao_000029_000039.mp4,142
/home/leon-gold/jepa/kinetics-dataset/k400_targz/train/part_5/0foztjGaL-E_000007_000017.mp4,331
/home/leon-gold/jepa/kinetics-dataset/k400_targz/train/part_5/0VtMS5pH230_000027_000037.mp4,170
/home/leon-gold/jepa/kinetics-dataset/k400_targz/train/part_5/0fdsoruE6p4_000003_000013.mp4,207
/home/leon-gold/jepa/kinetics-dataset/k400_targz/train/part_5/0i1B1sRQkj8_000227_000237.mp4,43
/home/leon-gold/jepa/kinetics-dataset/k400_targz/train/part_5/0ci7NqfcycM_000004_000014.mp4,356
/home/leon-gold/jepa/kinetics-dataset/k400_targz/train/part_5/0YVHWNSsm1k_000168_000178.mp4,188
/home/leon-gold/jepa/kinetics-dataset/k400_targz/train/part_5/0XhfcX3oQSA_000012_000022.mp4,152
/home/leon-gold/jepa/kinetics-dataset/k400_targz/train/part_5/0cR2NhisD4o_000034_000044.mp4,215
/home/leon-gold/jepa/kinetics-dataset/k400_targz/train/part_5/0dkAifFydGg_000047_000057.mp4,121
/home/leon-gold/jepa/kinetics-dataset/k400_targz/train/part_5/0dJUtdvMJ9c_000039_000049.mp4,314
/home/leon-gold/jepa/kinetics-dataset/k400_targz/train/part_5/0fNd_sPFBi8_000037_000047.mp4,261
/home/leon-gold/jepa/kinetics-dataset/k400_targz/train/part_5/0cNBFhUAMgs_000212_000222.mp4,8
/home/leon-gold/jepa/kinetics-dataset/k400_targz/train/part_5/0_kTqI6MSLo_000000_000010.mp4,50
/home/leon-gold/jepa/kinetics-dataset/k400_targz/train/part_5/0XMWQHkVtZ4_000033_000043.mp4,166
/home/leon-gold/jepa/kinetics-dataset/k400_targz/train/part_5/0XRdsns8fHo_000048_000058.mp4,334
/home/leon-gold/jepa/kinetics-dataset/k400_targz/train/part_5/0iigPdcQ-Ak_000122_000132.mp4,283
/home/leon-gold/jepa/kinetics-dataset/k400_targz/train/part_5/0c1fjT6Jc54_000000_000010.mp4,30
/home/leon-gold/jepa/kinetics-dataset/k400_targz/train/part_5/0jvgTtveKL0_000057_000067.mp4,198
/home/leon-gold/jepa/kinetics-dataset/k400_targz/train/part_5/0ivw62zkmdo_000009_000019.mp4,36
/home/leon-gold/jepa/kinetics-dataset/k400_targz/train/part_5/0eU4Pnr10PU_000001_000011.mp4,16
/home/leon-gold/jepa/kinetics-dataset/k400_targz/train/part_5/0gqygJhzQUs_000084_000094.mp4,80
/home/leon-gold/jepa/kinetics-dataset/k400_targz/train/part_5/0jLiuH1GrEQ_000031_000041.mp4,185
/home/leon-gold/jepa/kinetics-dataset/k400_targz/train/part_5/0gp3biecmbU_000433_000443.mp4,186
/home/leon-gold/jepa/kinetics-dataset/k400_targz/train/part_5/0UCdWmrhlkU_000188_000198.mp4,136
/home/leon-gold/jepa/kinetics-dataset/k400_targz/train/part_5/0Z0WbrtVqSY_000006_000016.mp4,331
/home/leon-gold/jepa/kinetics-dataset/k400_targz/train/part_5/0acHgv8A6U8_000107_000117.mp4,11
/home/leon-gold/jepa/kinetics-dataset/k400_targz/train/part_5/0YdN-wAtTWU_000039_000049.mp4,105
/home/leon-gold/jepa/kinetics-dataset/k400_targz/train/part_5/0gkr8N4nCnU_000095_000105.mp4,264
/home/leon-gold/jepa/kinetics-dataset/k400_targz/train/part_5/0apW4e7WjDw_000177_000187.mp4,391
/home/leon-gold/jepa/kinetics-dataset/k400_targz/train/part_5/0ePwnostXEM_000006_000016.mp4,118
/home/leon-gold/jepa/kinetics-dataset/k400_targz/train/part_5/0f0KNIIFT64_000050_000060.mp4,176
/home/leon-gold/jepa/kinetics-dataset/k400_targz/train/part_5/0frixOdA0JI_000012_000022.mp4,357
/home/leon-gold/jepa/kinetics-dataset/k400_targz/train/part_5/0YxOVHwFRxw_000400_000410.mp4,130
/home/leon-gold/jepa/kinetics-dataset/k400_targz/train/part_5/0WQWIE_DllM_000001_000011.mp4,258
/home/leon-gold/jepa/kinetics-dataset/k400_targz/train/part_5/0dc_FI0Sr0I_002804_002814.mp4,398
/home/leon-gold/jepa/kinetics-dataset/k400_targz/train/part_5/0hhI2iptmXg_000022_000032.mp4,289
/home/leon-gold/jepa/kinetics-dataset/k400_targz/train/part_5/0X67oew51Nw_000013_000023.mp4,43
/home/leon-gold/jepa/kinetics-dataset/k400_targz/train/part_5/0jWbXxMhAeY_000020_000030.mp4,373
/home/leon-gold/jepa/kinetics-dataset/k400_targz/train/part_5/0Z2NStSbfFk_000166_000176.mp4,35
/home/leon-gold/jepa/kinetics-dataset/k400_targz/train/part_5/0g-1i2ZSnwU_000124_000134.mp4,14
/home/leon-gold/jepa/kinetics-dataset/k400_targz/train/part_5/0aidJ-1R7Ds_000003_000013.mp4,1
/home/leon-gold/jepa/kinetics-dataset/k400_targz/train/part_5/0gAqV7aUnsA_000007_000017.mp4,19
/home/leon-gold/jepa/kinetics-dataset/k400_targz/train/part_5/0dKkk3Sl-QQ_000147_000157.mp4,282
/home/leon-gold/jepa/kinetics-dataset/k400_targz/train/part_5/0h_-KHopuXQ_000315_000325.mp4,335
/home/leon-gold/jepa/kinetics-dataset/k400_targz/train/part_5/0YZx0FqTkzE_000000_000010.mp4,192
/home/leon-gold/jepa/kinetics-dataset/k400_targz/train/part_5/0bb5lXJG5dU_000002_000012.mp4,238
/home/leon-gold/jepa/kinetics-dataset/k400_targz/train/part_5/0aqDkvYE4fM_000043_000053.mp4,299
/home/leon-gold/jepa/kinetics-dataset/k400_targz/train/part_5/0ghNZluZEg8_000480_000490.mp4,352
/home/leon-gold/jepa/kinetics-dataset/k400_targz/train/part_5/0ZVOqgbd6kY_000285_000295.mp4,97
/home/leon-gold/jepa/kinetics-dataset/k400_targz/train/part_5/0WiOY3ke0QQ_000067_000077.mp4,325
/home/leon-gold/jepa/kinetics-dataset/k400_targz/train/part_5/0XHqd7TAaw8_000076_000086.mp4,136
/home/leon-gold/jepa/kinetics-dataset/k400_targz/train/part_5/0d4rxNCGruk_000034_000044.mp4,332
/home/leon-gold/jepa/kinetics-dataset/k400_targz/train/part_5/0cXMwdPY4iw_000120_000130.mp4,19
/home/leon-gold/jepa/kinetics-dataset/k400_targz/train/part_5/0fDqtF255rs_000023_000033.mp4,76
/home/leon-gold/jepa/kinetics-dataset/k400_targz/train/part_5/0foWkOFyYG0_000068_000078.mp4,204
/home/leon-gold/jepa/kinetics-dataset/k400_targz/train/part_5/0Utm5VipvDo_000150_000160.mp4,159
/home/leon-gold/jepa/kinetics-dataset/k400_targz/train/part_5/0hUbZScZHAk_000003_000013.mp4,107
/home/leon-gold/jepa/kinetics-dataset/k400_targz/train/part_5/0i0lXCbGZsQ_000064_000074.mp4,348
/home/leon-gold/jepa/kinetics-dataset/k400_targz/train/part_5/0UJMIJ8BJJA_000141_000151.mp4,188
/home/leon-gold/jepa/kinetics-dataset/k400_targz/train/part_5/0cUOkXlsLrQ_000078_000088.mp4,172
/home/leon-gold/jepa/kinetics-dataset/k400_targz/train/part_5/0f4NZsGVztE_000180_000190.mp4,100
/home/leon-gold/jepa/kinetics-dataset/k400_targz/train/part_5/0WAnkLx6vgU_000072_000082.mp4,90
/home/leon-gold/jepa/kinetics-dataset/k400_targz/train/part_5/0eVbNhwl8_8_000035_000045.mp4,269
/home/leon-gold/jepa/kinetics-dataset/k400_targz/train/part_5/0YLIT4KpdVE_000000_000010.mp4,378
/home/leon-gold/jepa/kinetics-dataset/k400_targz/train/part_5/0ZHZ1ZqmT7s_000000_000010.mp4,138
/home/leon-gold/jepa/kinetics-dataset/k400_targz/train/part_5/0c4hV7Mqxpw_000022_000032.mp4,288
/home/leon-gold/jepa/kinetics-dataset/k400_targz/train/part_5/0k0mUCgpItw_000017_000027.mp4,233
/home/leon-gold/jepa/kinetics-dataset/k400_targz/train/part_5/0ZrjRrP2oDU_000023_000033.mp4,331
/home/leon-gold/jepa/kinetics-dataset/k400_targz/train/part_5/0cK13Pf2Rx8_000009_000019.mp4,378
/home/leon-gold/jepa/kinetics-dataset/k400_targz/train/part_5/0fwZy5xCki0_000000_000010.mp4,319
/home/leon-gold/jepa/kinetics-dataset/k400_targz/train/part_5/0bXsrjwbhnE_000005_000015.mp4,59
/home/leon-gold/jepa/kinetics-dataset/k400_targz/train/part_5/0ToYJ3VeXaM_000002_000012.mp4,22
/home/leon-gold/jepa/kinetics-dataset/k400_targz/train/part_5/0W79UM3_bEE_000003_000013.mp4,292
/home/leon-gold/jepa/kinetics-dataset/k400_targz/train/part_5/0eIdXhqH7Nc_000073_000083.mp4,16
/home/leon-gold/jepa/kinetics-dataset/k400_targz/train/part_5/0aH-yGW_NyM_000155_000165.mp4,99
/home/leon-gold/jepa/kinetics-dataset/k400_targz/train/part_5/0WeqMP6xabk_000072_000082.mp4,304
/home/leon-gold/jepa/kinetics-dataset/k400_targz/train/part_5/0he9uy2JoJc_000047_000057.mp4,24
/home/leon-gold/jepa/kinetics-dataset/k400_targz/train/part_5/0VoadjV9Dvw_000019_000029.mp4,119
/home/leon-gold/jepa/kinetics-dataset/k400_targz/train/part_5/0i-VUJQFr5s_000012_000022.mp4,61
/home/leon-gold/jepa/kinetics-dataset/k400_targz/train/part_5/0Z1HNWEs34M_000011_000021.mp4,275
/home/leon-gold/jepa/kinetics-dataset/k400_targz/train/part_5/0fMGvLzOAFM_000052_000062.mp4,218
/home/leon-gold/jepa/kinetics-dataset/k400_targz/train/part_5/0hKrYZXvsfA_000002_000012.mp4,123
/home/leon-gold/jepa/kinetics-dataset/k400_targz/train/part_5/0WKWx7uEoWk_000104_000114.mp4,57
/home/leon-gold/jepa/kinetics-dataset/k400_targz/train/part_5/0Zca-a_Zn8o_000045_000055.mp4,103
/home/leon-gold/jepa/kinetics-dataset/k400_targz/train/part_5/0hYm_Qn2kWY_000037_000047.mp4,389
/home/leon-gold/jepa/kinetics-dataset/k400_targz/train/part_5/0adLIg0-PT0_000006_000016.mp4,380
/home/leon-gold/jepa/kinetics-dataset/k400_targz/train/part_5/0YxFNkp9h-4_000162_000172.mp4,93
/home/leon-gold/jepa/kinetics-dataset/k400_targz/train/part_5/0_ji_rsPr7k_000049_000059.mp4,323
/home/leon-gold/jepa/kinetics-dataset/k400_targz/train/part_5/0jFBHhjvbYs_000465_000475.mp4,204
/home/leon-gold/jepa/kinetics-dataset/k400_targz/train/part_5/0eyLgeZkeYc_000003_000013.mp4,153
/home/leon-gold/jepa/kinetics-dataset/k400_targz/train/part_5/0k0hVTZkEhc_000001_000011.mp4,260
/home/leon-gold/jepa/kinetics-dataset/k400_targz/train/part_5/0bkmUXjwKaA_000010_000020.mp4,323
/home/leon-gold/jepa/kinetics-dataset/k400_targz/train/part_5/0hsa-fjf_Wc_000001_000011.mp4,1
/home/leon-gold/jepa/kinetics-dataset/k400_targz/train/part_5/0XRwLmou-xA_000242_000252.mp4,247
/home/leon-gold/jepa/kinetics-dataset/k400_targz/train/part_5/0XVYhx9lFtw_000055_000065.mp4,393
/home/leon-gold/jepa/kinetics-dataset/k400_targz/train/part_5/0bcPHSkki4I_000370_000380.mp4,29
/home/leon-gold/jepa/kinetics-dataset/k400_targz/train/part_5/0agGZcZYlGs_000018_000028.mp4,86
/home/leon-gold/jepa/kinetics-dataset/k400_targz/train/part_5/0dk-a7-pGa4_000000_000010.mp4,159
/home/leon-gold/jepa/kinetics-dataset/k400_targz/train/part_5/0g2Mc_WNXCM_000142_000152.mp4,99
/home/leon-gold/jepa/kinetics-dataset/k400_targz/train/part_5/0cKRYGwRxp4_000001_000011.mp4,210
/home/leon-gold/jepa/kinetics-dataset/k400_targz/train/part_5/0jVfElwRIQ8_000195_000205.mp4,299
/home/leon-gold/jepa/kinetics-dataset/k400_targz/train/part_5/0gTdR-nnLyY_000037_000047.mp4,126
/home/leon-gold/jepa/kinetics-dataset/k400_targz/train/part_5/0cqr9IrnoTM_000000_000010.mp4,151
/home/leon-gold/jepa/kinetics-dataset/k400_targz/train/part_5/0i_prFKr3yQ_000001_000011.mp4,49
/home/leon-gold/jepa/kinetics-dataset/k400_targz/train/part_5/0UQGQXR8wQ8_000004_000014.mp4,339
/home/leon-gold/jepa/kinetics-dataset/k400_targz/train/part_5/0h43aJag-7w_000008_000018.mp4,175
/home/leon-gold/jepa/kinetics-dataset/k400_targz/train/part_5/0e455NE3MiE_000006_000016.mp4,220
/home/leon-gold/jepa/kinetics-dataset/k400_targz/train/part_5/0cO01qAfB9s_000032_000042.mp4,259
/home/leon-gold/jepa/kinetics-dataset/k400_targz/train/part_5/0VuM1U84gsU_000105_000115.mp4,308
/home/leon-gold/jepa/kinetics-dataset/k400_targz/train/part_5/0c-YOkQRe9I_000002_000012.mp4,124
/home/leon-gold/jepa/kinetics-dataset/k400_targz/train/part_5/0ZBNlvSBVTY_000104_000114.mp4,189
/home/leon-gold/jepa/kinetics-dataset/k400_targz/train/part_5/0b7-BhJR9uQ_000020_000030.mp4,97
/home/leon-gold/jepa/kinetics-dataset/k400_targz/train/part_5/0VFrmiwwb8Y_000581_000591.mp4,192
/home/leon-gold/jepa/kinetics-dataset/k400_targz/train/part_5/0XBR3YKKH7M_000140_000150.mp4,246
/home/leon-gold/jepa/kinetics-dataset/k400_targz/train/part_5/0_WgApUz7Fw_000398_000408.mp4,52
/home/leon-gold/jepa/kinetics-dataset/k400_targz/train/part_5/0ZFhLslU3xM_000124_000134.mp4,245
/home/leon-gold/jepa/kinetics-dataset/k400_targz/train/part_5/0cR5ap1n5Uo_000143_000153.mp4,237
/home/leon-gold/jepa/kinetics-dataset/k400_targz/train/part_5/0_uCAYQJCag_000070_000080.mp4,391
/home/leon-gold/jepa/kinetics-dataset/k400_targz/train/part_5/0gabWfDz5JI_000037_000047.mp4,191
/home/leon-gold/jepa/kinetics-dataset/k400_targz/train/part_5/0eZurfXm8j4_000012_000022.mp4,88
/home/leon-gold/jepa/kinetics-dataset/k400_targz/train/part_5/0VZ8UKyGizE_000028_000038.mp4,245
/home/leon-gold/jepa/kinetics-dataset/k400_targz/train/part_5/0WfCTeRig1g_000014_000024.mp4,170
/home/leon-gold/jepa/kinetics-dataset/k400_targz/train/part_5/0cypsXu3Amo_000025_000035.mp4,336
/home/leon-gold/jepa/kinetics-dataset/k400_targz/train/part_5/0Ud4C1uQfqQ_000050_000060.mp4,293
/home/leon-gold/jepa/kinetics-dataset/k400_targz/train/part_5/0iUBe6S6VyE_000028_000038.mp4,209
/home/leon-gold/jepa/kinetics-dataset/k400_targz/train/part_5/0gjo_vXl-KQ_000029_000039.mp4,183
/home/leon-gold/jepa/kinetics-dataset/k400_targz/train/part_5/0jemnGiS9rg_000006_000016.mp4,137
/home/leon-gold/jepa/kinetics-dataset/k400_targz/train/part_5/0VQKKGf4HiI_000023_000033.mp4,327
/home/leon-gold/jepa/kinetics-dataset/k400_targz/train/part_5/0VFxBFD3MWg_000000_000010.mp4,399
/home/leon-gold/jepa/kinetics-dataset/k400_targz/train/part_5/0aCz8M2qMMQ_000000_000010.mp4,147
/home/leon-gold/jepa/kinetics-dataset/k400_targz/train/part_5/0YZI2FaKLuU_000063_000073.mp4,285
/home/leon-gold/jepa/kinetics-dataset/k400_targz/train/part_5/0eS_3-dS-Cg_000372_000382.mp4,118
/home/leon-gold/jepa/kinetics-dataset/k400_targz/train/part_5/0hPyd_ltyc4_000511_000521.mp4,259
/home/leon-gold/jepa/kinetics-dataset/k400_targz/train/part_5/0cyZuKaiFho_000004_000014.mp4,134
/home/leon-gold/jepa/kinetics-dataset/k400_targz/train/part_5/0V35YFLKd2M_000009_000019.mp4,123
/home/leon-gold/jepa/kinetics-dataset/k400_targz/train/part_5/0bjuCXoqRAk_000118_000128.mp4,40
/home/leon-gold/jepa/kinetics-dataset/k400_targz/train/part_5/0djfVqU1N7o_000033_000043.mp4,50
/home/leon-gold/jepa/kinetics-dataset/k400_targz/train/part_5/0joDynw6S2I_000021_000031.mp4,104
/home/leon-gold/jepa/kinetics-dataset/k400_targz/train/part_5/0V0Im06b-Gg_000146_000156.mp4,94
/home/leon-gold/jepa/kinetics-dataset/k400_targz/train/part_5/0h_adJ1gguA_000339_000349.mp4,55
/home/leon-gold/jepa/kinetics-dataset/k400_targz/train/part_5/0eRNvk76Fhg_000064_000074.mp4,114
/home/leon-gold/jepa/kinetics-dataset/k400_targz/train/part_5/0dhRDCinfKM_000008_000018.mp4,159
/home/leon-gold/jepa/kinetics-dataset/k400_targz/train/part_5/0Tq8uFakTbk_000000_000010.mp4,3
/home/leon-gold/jepa/kinetics-dataset/k400_targz/train/part_5/0bYUAffLy0c_000038_000048.mp4,180
/home/leon-gold/jepa/kinetics-dataset/k400_targz/train/part_5/0gS58eezZjs_000177_000187.mp4,258
/home/leon-gold/jepa/kinetics-dataset/k400_targz/train/part_5/0f66UEeLLeM_000310_000320.mp4,91
/home/leon-gold/jepa/kinetics-dataset/k400_targz/train/part_5/0igA249MkuQ_000121_000131.mp4,277
/home/leon-gold/jepa/kinetics-dataset/k400_targz/train/part_5/0dcL-4-30jI_000067_000077.mp4,192
/home/leon-gold/jepa/kinetics-dataset/k400_targz/train/part_5/0VOxfdWK6mw_000031_000041.mp4,273
/home/leon-gold/jepa/kinetics-dataset/k400_targz/train/part_5/0WT9sICw61A_000114_000124.mp4,294
/home/leon-gold/jepa/kinetics-dataset/k400_targz/train/part_5/0idQqRnKoiQ_000020_000030.mp4,359
/home/leon-gold/jepa/kinetics-dataset/k400_targz/train/part_5/0VWCBfb20Qo_000007_000017.mp4,93
/home/leon-gold/jepa/kinetics-dataset/k400_targz/train/part_5/0Tyx94yZV4I_000211_000221.mp4,8
/home/leon-gold/jepa/kinetics-dataset/k400_targz/train/part_5/0YZ_TZ6Usio_000137_000147.mp4,371
/home/leon-gold/jepa/kinetics-dataset/k400_targz/train/part_5/0i3eKdumqZ0_000090_000100.mp4,289
/home/leon-gold/jepa/kinetics-dataset/k400_targz/train/part_5/0gGn33lfslo_000144_000154.mp4,331
/home/leon-gold/jepa/kinetics-dataset/k400_targz/train/part_5/0Vujoq3wqBw_000549_000559.mp4,187
/home/leon-gold/jepa/kinetics-dataset/k400_targz/train/part_5/0bpbDvTs4is_000020_000030.mp4,124
/home/leon-gold/jepa/kinetics-dataset/k400_targz/train/part_5/0V-vPFLaEcU_000009_000019.mp4,241
/home/leon-gold/jepa/kinetics-dataset/k400_targz/train/part_5/0jKLJms0CyA_000002_000012.mp4,182
/home/leon-gold/jepa/kinetics-dataset/k400_targz/train/part_5/0fiKxKzPRZk_000000_000010.mp4,399
/home/leon-gold/jepa/kinetics-dataset/k400_targz/train/part_5/0hheK4sUTls_000245_000255.mp4,304
/home/leon-gold/jepa/kinetics-dataset/k400_targz/train/part_5/0iwUwp9kVHk_000018_000028.mp4,382
/home/leon-gold/jepa/kinetics-dataset/k400_targz/train/part_5/0Z1uxgfM-5U_000041_000051.mp4,171
/home/leon-gold/jepa/kinetics-dataset/k400_targz/train/part_5/0h-IxAtOwK0_000089_000099.mp4,339
/home/leon-gold/jepa/kinetics-dataset/k400_targz/train/part_5/0gnYbh0rW9c_000299_000309.mp4,171
/home/leon-gold/jepa/kinetics-dataset/k400_targz/train/part_5/0VjYhbNxpTc_000047_000057.mp4,167
/home/leon-gold/jepa/kinetics-dataset/k400_targz/train/part_5/0Uzbm-m71lY_000001_000011.mp4,309
/home/leon-gold/jepa/kinetics-dataset/k400_targz/train/part_5/0jKB4uc3Ydg_000004_000014.mp4,360
/home/leon-gold/jepa/kinetics-dataset/k400_targz/train/part_5/0aWlzvDrX5A_000149_000159.mp4,387
/home/leon-gold/jepa/kinetics-dataset/k400_targz/train/part_5/0bBoVY-Mu8k_000018_000028.mp4,119
/home/leon-gold/jepa/kinetics-dataset/k400_targz/train/part_5/0hpca_nFLWI_000029_000039.mp4,30
/home/leon-gold/jepa/kinetics-dataset/k400_targz/train/part_5/0W4IxD0gTu4_000039_000049.mp4,218
/home/leon-gold/jepa/kinetics-dataset/k400_targz/train/part_5/0jOvya0RQ74_000000_000010.mp4,306
/home/leon-gold/jepa/kinetics-dataset/k400_targz/train/part_5/0eHkPKES-Oc_000010_000020.mp4,79
/home/leon-gold/jepa/kinetics-dataset/k400_targz/train/part_5/0jJdBQAjbs8_000020_000030.mp4,125
/home/leon-gold/jepa/kinetics-dataset/k400_targz/train/part_5/0ToU7j3U0fo_000048_000058.mp4,379
/home/leon-gold/jepa/kinetics-dataset/k400_targz/train/part_5/0jQaeta58yI_000039_000049.mp4,267
/home/leon-gold/jepa/kinetics-dataset/k400_targz/train/part_5/0cm0gm-p-3Y_000331_000341.mp4,232
/home/leon-gold/jepa/kinetics-dataset/k400_targz/train/part_5/0iBdotM2pUY_000017_000027.mp4,100
/home/leon-gold/jepa/kinetics-dataset/k400_targz/train/part_5/0VeH2RZ747c_000011_000021.mp4,87
/home/leon-gold/jepa/kinetics-dataset/k400_targz/train/part_5/0d-KpWippFw_000132_000142.mp4,326
/home/leon-gold/jepa/kinetics-dataset/k400_targz/train/part_5/0fEPjC7XGqE_000022_000032.mp4,369
/home/leon-gold/jepa/kinetics-dataset/k400_targz/train/part_5/0af6BfRm8lI_000001_000011.mp4,255
/home/leon-gold/jepa/kinetics-dataset/k400_targz/train/part_5/0au5gb0jJos_000038_000048.mp4,213
/home/leon-gold/jepa/kinetics-dataset/k400_targz/train/part_5/0Vr2rGrkGbA_000282_000292.mp4,359
/home/leon-gold/jepa/kinetics-dataset/k400_targz/train/part_5/0iFcauN73Zg_000023_000033.mp4,297
/home/leon-gold/jepa/kinetics-dataset/k400_targz/train/part_5/0Ue-EQV0xVE_000002_000012.mp4,364
/home/leon-gold/jepa/kinetics-dataset/k400_targz/train/part_5/0bN5OZi91E8_000003_000013.mp4,89
/home/leon-gold/jepa/kinetics-dataset/k400_targz/train/part_5/0Wn_7FavekQ_000207_000217.mp4,346
/home/leon-gold/jepa/kinetics-dataset/k400_targz/train/part_5/0bBwhBKGI4k_000063_000073.mp4,315
/home/leon-gold/jepa/kinetics-dataset/k400_targz/train/part_5/0VlpteytyTk_000067_000077.mp4,162
/home/leon-gold/jepa/kinetics-dataset/k400_targz/train/part_5/0cEiG0OEXWs_000029_000039.mp4,360
/home/leon-gold/jepa/kinetics-dataset/k400_targz/train/part_5/0Uv_6QlEAEA_000006_000016.mp4,144
/home/leon-gold/jepa/kinetics-dataset/k400_targz/train/part_5/0_tWYFDPZd8_000066_000076.mp4,141
/home/leon-gold/jepa/kinetics-dataset/k400_targz/train/part_5/0VwfJQ4aEM0_000020_000030.mp4,280
/home/leon-gold/jepa/kinetics-dataset/k400_targz/train/part_5/0f6XKv4_ihY_000011_000021.mp4,277
/home/leon-gold/jepa/kinetics-dataset/k400_targz/train/part_5/0Z_Amk2HXqg_000118_000128.mp4,224
/home/leon-gold/jepa/kinetics-dataset/k400_targz/train/part_5/0hSxQU32jS0_000034_000044.mp4,224
/home/leon-gold/jepa/kinetics-dataset/k400_targz/train/part_5/0VrWqhp9QpY_000002_000012.mp4,20
/home/leon-gold/jepa/kinetics-dataset/k400_targz/train/part_5/0XKR4zE_cdQ_000078_000088.mp4,180
/home/leon-gold/jepa/kinetics-dataset/k400_targz/train/part_5/0XBGmSGLwp0_000336_000346.mp4,24
/home/leon-gold/jepa/kinetics-dataset/k400_targz/train/part_5/0_IpxftJCCo_000069_000079.mp4,249
/home/leon-gold/jepa/kinetics-dataset/k400_targz/train/part_5/0fZm0DKBiK4_000180_000190.mp4,167
/home/leon-gold/jepa/kinetics-dataset/k400_targz/train/part_5/0bJjw6sFnbc_000210_000220.mp4,9
/home/leon-gold/jepa/kinetics-dataset/k400_targz/train/part_5/0XEyBtqxh-c_000003_000013.mp4,219
/home/leon-gold/jepa/kinetics-dataset/k400_targz/train/part_5/0d9uDbkSkIQ_000100_000110.mp4,394
/home/leon-gold/jepa/kinetics-dataset/k400_targz/train/part_5/0Wzr5PrHMJU_000137_000147.mp4,286
/home/leon-gold/jepa/kinetics-dataset/k400_targz/train/part_5/0cwQbaSadNA_000039_000049.mp4,69
/home/leon-gold/jepa/kinetics-dataset/k400_targz/train/part_5/0eZMWre66M4_000055_000065.mp4,351
/home/leon-gold/jepa/kinetics-dataset/k400_targz/train/part_5/0cyNPIGScbA_000023_000033.mp4,294
/home/leon-gold/jepa/kinetics-dataset/k400_targz/train/part_5/0eTmEksJUY0_000002_000012.mp4,50
/home/leon-gold/jepa/kinetics-dataset/k400_targz/train/part_5/0h0Z-gN3GCU_000023_000033.mp4,360
/home/leon-gold/jepa/kinetics-dataset/k400_targz/train/part_5/0gUL6bx8FXY_000008_000018.mp4,182
/home/leon-gold/jepa/kinetics-dataset/k400_targz/train/part_5/0dJTGzwRVMs_000442_000452.mp4,192
/home/leon-gold/jepa/kinetics-dataset/k400_targz/train/part_5/0YaHecm_Zns_000020_000030.mp4,40
/home/leon-gold/jepa/kinetics-dataset/k400_targz/train/part_5/0W8QlCxJFkI_000047_000057.mp4,276
/home/leon-gold/jepa/kinetics-dataset/k400_targz/train/part_5/0fQwiqtwqD4_000020_000030.mp4,77
/home/leon-gold/jepa/kinetics-dataset/k400_targz/train/part_5/0hljHfp50Ww_000019_000029.mp4,355
/home/leon-gold/jepa/kinetics-dataset/k400_targz/train/part_5/0bvZn3gQZa4_000055_000065.mp4,142
/home/leon-gold/jepa/kinetics-dataset/k400_targz/train/part_5/0WaO8qB40eQ_000035_000045.mp4,236
/home/leon-gold/jepa/kinetics-dataset/k400_targz/train/part_5/0f7JfOwuxgQ_000053_000063.mp4,380
/home/leon-gold/jepa/kinetics-dataset/k400_targz/train/part_5/0XcnMt3TGP4_000021_000031.mp4,382
/home/leon-gold/jepa/kinetics-dataset/k400_targz/train/part_5/0UdpIwbUXZA_000088_000098.mp4,48
/home/leon-gold/jepa/kinetics-dataset/k400_targz/train/part_5/0f1vKMit9uw_000096_000106.mp4,34
/home/leon-gold/jepa/kinetics-dataset/k400_targz/train/part_5/0h7lqd5El3Y_000504_000514.mp4,97
