src/Sim_Vids/Big_Trial3_Class/Driving/clip_0028.mp4,1
src/Sim_Vids/Big_Trial3_Class/Driving/clip_0072.mp4,1
src/Sim_Vids/Big_Trial3_Class/Driving/clip_0088.mp4,1
src/Sim_Vids/Big_Trial3_Class/Driving/clip_0077.mp4,1
src/Sim_Vids/Big_Trial3_Class/Driving/clip_0062.mp4,1
src/Sim_Vids/Big_Trial3_Class/Driving/clip_0120.mp4,1
src/Sim_Vids/Big_Trial3_Class/Driving/clip_0035.mp4,1
src/Sim_Vids/Big_Trial3_Class/Driving/clip_0050.mp4,1
src/Sim_Vids/Big_Trial3_Class/Driving/clip_0112.mp4,1
src/Sim_Vids/Big_Trial3_Class/Driving/clip_0092.mp4,1
src/Sim_Vids/Big_Trial3_Class/Driving/clip_0122.mp4,1
src/Sim_Vids/Big_Trial3_Class/Driving/clip_0114.mp4,1
src/Sim_Vids/Big_Trial3_Class/Driving/clip_0058.mp4,1
src/Sim_Vids/Big_Trial3_Class/Driving/clip_0086.mp4,1
src/Sim_Vids/Big_Trial3_Class/Driving/clip_0181.mp4,1
src/Sim_Vids/Big_Trial3_Class/Driving/clip_0010.mp4,1
src/Sim_Vids/Big_Trial3_Class/Driving/clip_0158.mp4,1
src/Sim_Vids/Big_Trial3_Class/Driving/clip_0060.mp4,1
src/Sim_Vids/Big_Trial3_Class/Driving/clip_0040.mp4,1
src/Sim_Vids/Big_Trial3_Class/Driving/clip_0145.mp4,1
src/Sim_Vids/Big_Trial3_Class/Driving/clip_0135.mp4,1
src/Sim_Vids/Big_Trial3_Class/Driving/clip_0004.mp4,1
src/Sim_Vids/Big_Trial3_Class/Driving/clip_0183.mp4,1
src/Sim_Vids/Big_Trial3_Class/Driving/clip_0184.mp4,1
src/Sim_Vids/Big_Trial3_Class/Driving/clip_0117.mp4,1
src/Sim_Vids/Big_Trial3_Class/Driving/clip_0007.mp4,1
src/Sim_Vids/Big_Trial3_Class/Driving/clip_0083.mp4,1
src/Sim_Vids/Big_Trial3_Class/Driving/clip_0116.mp4,1
src/Sim_Vids/Big_Trial3_Class/Driving/clip_0015.mp4,1
src/Sim_Vids/Big_Trial3_Class/Driving/clip_0013.mp4,1
src/Sim_Vids/Big_Trial3_Class/Driving/clip_0098.mp4,1
src/Sim_Vids/Big_Trial3_Class/Driving/clip_0090.mp4,1
src/Sim_Vids/Big_Trial3_Class/Driving/clip_0198.mp4,1
src/Sim_Vids/Big_Trial3_Class/Driving/clip_0148.mp4,1
src/Sim_Vids/Big_Trial3_Class/Driving/clip_0109.mp4,1
src/Sim_Vids/Big_Trial3_Class/Driving/clip_0034.mp4,1
src/Sim_Vids/Big_Trial3_Class/Driving/clip_0151.mp4,1
src/Sim_Vids/Big_Trial3_Class/Driving/clip_0016.mp4,1
src/Sim_Vids/Big_Trial3_Class/Driving/clip_0161.mp4,1
src/Sim_Vids/Big_Trial3_Class/Driving/clip_0003.mp4,1
src/Sim_Vids/Big_Trial3_Class/Driving/clip_0048.mp4,1
src/Sim_Vids/Big_Trial3_Class/Driving/clip_0063.mp4,1
src/Sim_Vids/Big_Trial3_Class/Driving/clip_0144.mp4,1
src/Sim_Vids/Big_Trial3_Class/Driving/clip_0017.mp4,1
src/Sim_Vids/Big_Trial3_Class/Driving/clip_0097.mp4,1
src/Sim_Vids/Big_Trial3_Class/Driving/clip_0082.mp4,1
src/Sim_Vids/Big_Trial3_Class/Driving/clip_0134.mp4,1
src/Sim_Vids/Big_Trial3_Class/Driving/clip_0149.mp4,1
src/Sim_Vids/Big_Trial3_Class/Driving/clip_0093.mp4,1
src/Sim_Vids/Big_Trial3_Class/Driving/clip_0031.mp4,1
src/Sim_Vids/Big_Trial3_Class/Driving/clip_0131.mp4,1
src/Sim_Vids/Big_Trial3_Class/Driving/clip_0047.mp4,1
src/Sim_Vids/Big_Trial3_Class/Trial_Fixing/Fix-27_part_6.mp4,2
src/Sim_Vids/Big_Trial3_Class/Trial_Fixing/Fix-23_part_3.mp4,2
src/Sim_Vids/Big_Trial3_Class/Trial_Fixing/Fix-3_part_9.mp4,2
src/Sim_Vids/Big_Trial3_Class/Trial_Fixing/Fix-10_part_7.mp4,2
src/Sim_Vids/Big_Trial3_Class/Trial_Fixing/Fix-12_part_1.mp4,2
src/Sim_Vids/Big_Trial3_Class/Trial_Fixing/Fix-18_part_7.mp4,2
src/Sim_Vids/Big_Trial3_Class/Trial_Fixing/Fix-17_part_9.mp4,2
src/Sim_Vids/Big_Trial3_Class/Trial_Fixing/Fix-12_part_9.mp4,2
src/Sim_Vids/Big_Trial3_Class/Trial_Fixing/Fix-27_part_7.mp4,2
src/Sim_Vids/Big_Trial3_Class/Trial_Fixing/Fix-12_part_11.mp4,2
src/Sim_Vids/Big_Trial3_Class/Trial_Fixing/Fix-10_part_6.mp4,2
src/Sim_Vids/Big_Trial3_Class/Trial_Fixing/Fix-9_part_4.mp4,2
src/Sim_Vids/Big_Trial3_Class/Trial_Fixing/Fix-22_part_11.mp4,2
src/Sim_Vids/Big_Trial3_Class/Trial_Fixing/Fix-26_part_13.mp4,2
src/Sim_Vids/Big_Trial3_Class/Trial_Fixing/Fix-27_part_14.mp4,2
src/Sim_Vids/Big_Trial3_Class/Trial_Fixing/Fix-27_part_9.mp4,2
src/Sim_Vids/Big_Trial3_Class/Trial_Fixing/Fix-15_part_9.mp4,2
src/Sim_Vids/Big_Trial3_Class/Trial_Fixing/Fix-23_part_9.mp4,2
src/Sim_Vids/Big_Trial3_Class/Trial_Fixing/Fix-6_part_8.mp4,2
src/Sim_Vids/Big_Trial3_Class/Trial_Fixing/Fix-9_part_2.mp4,2
src/Sim_Vids/Big_Trial3_Class/Trial_Fixing/Fix-16_part_2.mp4,2
src/Sim_Vids/Big_Trial3_Class/Trial_Fixing/Fix-9_part_9.mp4,2
src/Sim_Vids/Big_Trial3_Class/Trial_Fixing/Fix-6_part_4.mp4,2
src/Sim_Vids/Big_Trial3_Class/Trial_Fixing/Fix-7_part_4.mp4,2
src/Sim_Vids/Big_Trial3_Class/Trial_Fixing/Fix-6_part_9.mp4,2
src/Sim_Vids/Big_Trial3_Class/Trial_Fixing/Fix-9_part_10.mp4,2
src/Sim_Vids/Big_Trial3_Class/Trial_Fixing/Fix-26_part_3.mp4,2
src/Sim_Vids/Big_Trial3_Class/Trial_Fixing/Fix-27_part_12.mp4,2
src/Sim_Vids/Big_Trial3_Class/Trial_Fixing/Fix-12_part_3.mp4,2
src/Sim_Vids/Big_Trial3_Class/Trial_Fixing/Fix-14_part_4.mp4,2
src/Sim_Vids/Big_Trial3_Class/Trial_Fixing/Fix-4_part_9.mp4,2
src/Sim_Vids/Big_Trial3_Class/Trial_Fixing/Fix-11_part_4.mp4,2
src/Sim_Vids/Big_Trial3_Class/Trial_Fixing/Fix-27_part_10.mp4,2
src/Sim_Vids/Big_Trial3_Class/Trial_Fixing/Fix-26_part_7.mp4,2
src/Sim_Vids/Big_Trial3_Class/Trial_Fixing/Fix-16_part_4.mp4,2
src/Sim_Vids/Big_Trial3_Class/Trial_Fixing/Fix-8_part_8.mp4,2
src/Sim_Vids/Big_Trial3_Class/Trial_Fixing/Fix-15_part_7.mp4,2
src/Sim_Vids/Big_Trial3_Class/Trial_Fixing/Fix-6_part_6.mp4,2
src/Sim_Vids/Big_Trial3_Class/Trial_Fixing/Fix-23_part_6.mp4,2
src/Sim_Vids/Big_Trial3_Class/Trial_Fixing/Fix-13_part_6.mp4,2
src/Sim_Vids/Big_Trial3_Class/Trial_Fixing/Fix-5_part_6.mp4,2
src/Sim_Vids/Big_Trial3_Class/Trial_Fixing/Fix-12_part_8.mp4,2
src/Sim_Vids/Big_Trial3_Class/Trial_Fixing/Fix-5_part_2.mp4,2
src/Sim_Vids/Big_Trial3_Class/Trial_Fixing/Fix-17_part_2.mp4,2
src/Sim_Vids/Big_Trial3_Class/Trial_Fixing/Fix-20_part_2.mp4,2
src/Sim_Vids/Big_Trial3_Class/Trial_Fixing/Fix-20_part_3.mp4,2
src/Sim_Vids/Big_Trial3_Class/Trial_Fixing/Fix-13_part_5.mp4,2
src/Sim_Vids/Big_Trial3_Class/Trial_Fixing/Fix-17_part_4.mp4,2
src/Sim_Vids/Big_Trial3_Class/Trial_Fixing/Fix-8_part_3.mp4,2
src/Sim_Vids/Big_Trial3_Class/Trial_Fixing/Fix-23_part_8.mp4,2
src/Sim_Vids/Big_Trial3_Class/Trial_Fixing/Fix-12_part_10.mp4,2
src/Sim_Vids/Astronaut Crouch/Crouching-2.mp4,4
src/Sim_Vids/Astronaut Crouch/Crouching-20.mp4,4
src/Sim_Vids/Astronaut Crouch/Crouching-16.mp4,4
src/Sim_Vids/Astronaut Crouch/Crouching-28.mp4,4
src/Sim_Vids/Astronaut Crouch/Crouching-43.mp4,4
src/Sim_Vids/Astronaut Crouch/Crouching-29.mp4,4
src/Sim_Vids/Astronaut Crouch/Crouching-22.mp4,4
src/Sim_Vids/Astronaut Crouch/Crouching-27.mp4,4
src/Sim_Vids/Astronaut Crouch/Crouching-8.mp4,4
src/Sim_Vids/Astronaut Crouch/Crouching-21.mp4,4
src/Sim_Vids/Astronaut Crouch/Crouching-30.mp4,4
src/Sim_Vids/Astronaut Crouch/Crouching-32.mp4,4
src/Sim_Vids/Astronaut Crouch/Crouching-11.mp4,4
src/Sim_Vids/Astronaut Crouch/Crouching-36.mp4,4
src/Sim_Vids/Astronaut Crouch/Crouching-12.mp4,4
src/Sim_Vids/Astronaut Crouch/Crouching-15.mp4,4
src/Sim_Vids/Astronaut Crouch/Crouching-7.mp4,4
src/Sim_Vids/Astronaut Crouch/Crouching-45.mp4,4
src/Sim_Vids/Astronaut Crouch/Crouching-3.mp4,4
src/Sim_Vids/Astronaut Crouch/Crouching-1.mp4,4
src/Sim_Vids/Astronaut Crouch/Crouching-18.mp4,4
src/Sim_Vids/Astronaut Crouch/Crouching-23.mp4,4
src/Sim_Vids/Astronaut Crouch/clip_0051.mp4,4
src/Sim_Vids/Astronaut Crouch/clip_0055.mp4,4
src/Sim_Vids/Astronaut Crouch/Crouching-24.mp4,4
src/Sim_Vids/Astronaut Crouch/Crouching-39.mp4,4
src/Sim_Vids/Astronaut Crouch/Crouching-4.mp4,4
src/Sim_Vids/Astronaut Crouch/clip_0054.mp4,4
src/Sim_Vids/Astronaut Crouch/Crouching-34.mp4,4
src/Sim_Vids/Astronaut Crouch/clip_0057.mp4,4
src/Sim_Vids/Astronaut Crouch/clip_0056.mp4,4
src/Sim_Vids/Astronaut Crouch/Crouching-44.mp4,4
src/Sim_Vids/Astronaut Crouch/Crouching-14.mp4,4
src/Sim_Vids/Astronaut Crouch/Crouching-5.mp4,4
src/Sim_Vids/Astronaut Crouch/Crouching-31.mp4,4
src/Sim_Vids/Astronaut Crouch/Crouching-46.mp4,4
src/Sim_Vids/Astronaut Crouch/clip_0053.mp4,4
src/Sim_Vids/Astronaut Crouch/Crouching-25.mp4,4
src/Sim_Vids/Astronaut Crouch/clip_0052.mp4,4
src/Sim_Vids/Astronaut Crouch/Crouching-13.mp4,4
src/Sim_Vids/Astronaut Crouch/Crouching-9.mp4,4
src/Sim_Vids/Astronaut Crouch/Crouching-41.mp4,4
src/Sim_Vids/Astronaut Crouch/Crouching-33.mp4,4
src/Sim_Vids/Astronaut Crouch/Crouching-35.mp4,4
src/Sim_Vids/Astronaut Crouch/Crouching-19.mp4,4
src/Sim_Vids/Astronaut Crouch/Crouching-6.mp4,4
src/Sim_Vids/Astronaut Crouch/Crouching-38.mp4,4
src/Sim_Vids/Astronaut Crouch/Crouching-37.mp4,4
src/Sim_Vids/Astronaut Crouch/Crouching-10.mp4,4
src/Sim_Vids/Astronaut Crouch/Crouching-42.mp4,4
src/Sim_Vids/Astronaut Crouch/Crouching-40.mp4,4
src/Sim_Vids/Astronaut Crouch/Crouching-26.mp4,4
src/Sim_Vids/Astronaut Crouch/Crouching-17.mp4,4
src/Sim_Vids/Astronaut Crouch/Crouching-47.mp4,4













































