src/Sim_Vids/Astronaut Crouch/split_videos/Crouching-31_part1.mp4,4
src/Sim_Vids/Astronaut Crouch/split_videos/Crouching-41_part1.mp4,4
src/Sim_Vids/Astronaut Crouch/split_videos/Crouching-44_part1.mp4,4
src/Sim_Vids/Astronaut Crouch/split_videos/Crouching-47_part1.mp4,4
src/Sim_Vids/Astronaut Crouch/split_videos/Crouching-19_part1.mp4,4
src/Sim_Vids/Astronaut Crouch/split_videos/Crouching-33_part1.mp4,4
src/Sim_Vids/Astronaut Crouch/split_videos/Crouching-35_part1.mp4,4
src/Sim_Vids/Astronaut Crouch/split_videos/Crouching-20_part1.mp4,4
src/Sim_Vids/Astronaut Crouch/split_videos/Crouching-27_part1.mp4,4
src/Sim_Vids/Astronaut Crouch/split_videos/Crouching-29_part1.mp4,4
src/Sim_Vids/Astronaut Crouch/split_videos/Crouching-24_part1.mp4,4
src/Sim_Vids/Astronaut Crouch/split_videos/Crouching-9_part1.mp4,4
src/Sim_Vids/Astronaut Crouch/split_videos/clip_0056_part2.mp4,4
src/Sim_Vids/Astronaut Crouch/split_videos/Crouching-2_part1.mp4,4
src/Sim_Vids/Astronaut Crouch/split_videos/Crouching-17_part1.mp4,4
src/Sim_Vids/Astronaut Crouch/split_videos/Crouching-32_part1.mp4,4
src/Sim_Vids/Astronaut Crouch/split_videos/Crouching-18_part1.mp4,4
src/Sim_Vids/Astronaut Crouch/split_videos/Crouching-34_part1.mp4,4
src/Sim_Vids/Astronaut Crouch/split_videos/clip_0054_part2.mp4,4
src/Sim_Vids/Astronaut Crouch/split_videos/Crouching-3_part1.mp4,4
src/Sim_Vids/Astronaut Crouch/split_videos/Crouching-40_part1.mp4,4
src/Sim_Vids/Astronaut Crouch/split_videos/clip_0056_part1.mp4,4
src/Sim_Vids/Astronaut Crouch/split_videos/Crouching-5_part1.mp4,4
src/Sim_Vids/Astronaut Crouch/split_videos/clip_0057_part2.mp4,4
src/Sim_Vids/Astronaut Crouch/split_videos/Crouching-43_part1.mp4,4
src/Sim_Vids/Astronaut Crouch/split_videos/Crouching-37_part1.mp4,4
src/Sim_Vids/Astronaut Crouch/split_videos/Crouching-26_part1.mp4,4
src/Sim_Vids/Astronaut Crouch/split_videos/clip_0053_part2.mp4,4
src/Sim_Vids/Astronaut Crouch/split_videos/Crouching-7_part1.mp4,4
src/Sim_Vids/Moon3/Clipped/Fixing/split_videos/Fix-26_part1_part2.mp4,0
src/Sim_Vids/Moon3/Clipped/Fixing/split_videos/Fix-5_part1_part1.mp4,0
src/Sim_Vids/Moon3/Clipped/Fixing/split_videos/Fix-25_part1_part2.mp4,0
src/Sim_Vids/Moon3/Clipped/Fixing/split_videos/Fix-1_part1_part1.mp4,0
src/Sim_Vids/Moon3/Clipped/Fixing/split_videos/Fix-12_part1_part1.mp4,0
src/Sim_Vids/Moon3/Clipped/Fixing/split_videos/Fix-21_part2_part1.mp4,0
src/Sim_Vids/Moon3/Clipped/Fixing/split_videos/Fix-18_part2_part1.mp4,0
src/Sim_Vids/Moon3/Clipped/Fixing/split_videos/Fix-8_part1_part1.mp4,0
src/Sim_Vids/Moon3/Clipped/Fixing/split_videos/Fix-7_part1_part1.mp4,0
src/Sim_Vids/Moon3/Clipped/Fixing/split_videos/Fix-5_part1_part2.mp4,0
src/Sim_Vids/Moon3/Clipped/Fixing/split_videos/Fix-13_part2_part1.mp4,0
src/Sim_Vids/Moon3/Clipped/Fixing/split_videos/Fix-10_part1_part2.mp4,0
src/Sim_Vids/Moon3/Clipped/Fixing/split_videos/Fix-26_part2_part2.mp4,0
src/Sim_Vids/Moon3/Clipped/Fixing/split_videos/Fix-5_part2_part1.mp4,0
src/Sim_Vids/Moon3/Clipped/Fixing/split_videos/Fix-10_part2_part2.mp4,0
src/Sim_Vids/Moon3/Clipped/Fixing/split_videos/Fix-20_part1_part1.mp4,0
src/Sim_Vids/Moon3/Clipped/Fixing/split_videos/Fix-20_part2_part1.mp4,0
src/Sim_Vids/Moon3/Clipped/Fixing/split_videos/Fix-19_part1_part1.mp4,0
src/Sim_Vids/Moon3/Clipped/Fixing/split_videos/Fix-21_part1_part2.mp4,0
src/Sim_Vids/Moon3/Clipped/Fixing/split_videos/Fix-6_part1_part2.mp4,0
src/Sim_Vids/Moon3/Clipped/Fixing/split_videos/Fix-11_part2_part2.mp4,0
src/Sim_Vids/Moon3/Clipped/Fixing/split_videos/Fix-4_part1_part2.mp4,0
src/Sim_Vids/Moon3/Clipped/Fixing/split_videos/Fix-3_part1_part1.mp4,0
src/Sim_Vids/Moon3/Clipped/Fixing/split_videos/Fix-23_part1_part1.mp4,0
src/Sim_Vids/Moon3/Clipped/Fixing/split_videos/Fix-6_part1_part1.mp4,0
src/Sim_Vids/Moon3/Clipped/Fixing/split_videos/Fix-7_part2_part1.mp4,0
src/Sim_Vids/Moon3/Clipped/Fixing/split_videos/Fix-6_part2_part2.mp4,0
src/Sim_Vids/Moon3/Clipped/Fixing/split_videos/Fix-25_part1_part1.mp4,0
src/Sim_Vids/Moon3/Clipped/Fixing/split_videos/Fix-13_part1_part2.mp4,0
src/Sim_Vids/Moon3/driving_sim/driving_random-7_3.mp4,1
src/Sim_Vids/Moon3/driving_sim/driving_random-7_1.mp4,1
src/Sim_Vids/Moon3/driving_sim/driving_random-6_6.mp4,1
src/Sim_Vids/Moon3/driving_sim/driving_random-31_7.mp4,1
src/Sim_Vids/Moon3/driving_sim/driving_random-5_7.mp4,1
src/Sim_Vids/Moon3/driving_sim/driving_random-23_1.mp4,1
src/Sim_Vids/Moon3/driving_sim/driving_random-24_5.mp4,1
src/Sim_Vids/Moon3/driving_sim/driving_random-3_2.mp4,1
src/Sim_Vids/Moon3/driving_sim/driving_random-9_2.mp4,1
src/Sim_Vids/Moon3/driving_sim/driving_random-2_3.mp4,1
src/Sim_Vids/Moon3/driving_sim/driving_random-7_7.mp4,1
src/Sim_Vids/Moon3/driving_sim/driving_random-27_4.mp4,1
src/Sim_Vids/Moon3/driving_sim/driving_random-13_4.mp4,1
src/Sim_Vids/Moon3/driving_sim/driving_random-19_3.mp4,1
src/Sim_Vids/Moon3/driving_sim/driving_random-11_4.mp4,1
src/Sim_Vids/Moon3/driving_sim/driving_random-32_3.mp4,1
src/Sim_Vids/Moon3/driving_sim/driving_random-6_3.mp4,1
src/Sim_Vids/Moon3/driving_sim/driving_random-31_14.mp4,1
src/Sim_Vids/Moon3/driving_sim/driving_random-20_2.mp4,1
src/Sim_Vids/Moon3/driving_sim/driving_random-7_9.mp4,1
src/Sim_Vids/Moon3/driving_sim/driving_random-26_6.mp4,1
src/Sim_Vids/Moon3/driving_sim/driving_random-23_2.mp4,1
src/Sim_Vids/Moon3/driving_sim/driving_random-2_6.mp4,1
src/Sim_Vids/Moon3/driving_sim/driving_random-19_2.mp4,1
src/Sim_Vids/Moon3/driving_sim/driving_random-26_2.mp4,1
src/Sim_Vids/Moon3/driving_sim/driving_random-2_1.mp4,1
src/Sim_Vids/Moon3/driving_sim/driving_random-6_7.mp4,1
src/Sim_Vids/Moon3/driving_sim/driving_random-25_3.mp4,1
src/Sim_Vids/Moon3/driving_sim/driving_random-31_2.mp4,1
src/Sim_Vids/Moon3/driving_sim/driving_random-26_1.mp4,1
src/Sim_Vids/Moon3/driving_sim/driving_random-15_2.mp4,1
src/Sim_Vids/Moon3/driving_sim/driving_random-29_3.mp4,1
src/Sim_Vids/Moon3/driving_sim/driving_random-16_3.mp4,1
src/Sim_Vids/Moon3/driving_sim/driving_random-5_10.mp4,1
src/Sim_Vids/Moon3/driving_sim/driving_random-31_1.mp4,1
src/Sim_Vids/Moon3/driving_sim/driving_random-31_8.mp4,1
src/Sim_Vids/Moon3/driving_sim/driving_random-29_1.mp4,1
src/Sim_Vids/Moon3/driving_sim/driving_random-30_1.mp4,1
src/Sim_Vids/Moon3/driving_sim/driving_random-19_5.mp4,1
src/Sim_Vids/Moon3/driving_sim/driving_random-16_1.mp4,1
src/Sim_Vids/Moon3/driving_sim/driving_random-4_6.mp4,1
src/Sim_Vids/Moon3/driving_sim/driving_random-22_4.mp4,1
src/Sim_Vids/Moon3/driving_sim/driving_random-32_2.mp4,1
src/Sim_Vids/Moon3/driving_sim/driving_random-20_3.mp4,1
src/Sim_Vids/Moon3/driving_sim/driving_random-26_11.mp4,1
src/Sim_Vids/Moon3/driving_sim/driving_random-7_5.mp4,1
src/Sim_Vids/Moon3/driving_sim/driving_random-4_2.mp4,1
src/Sim_Vids/Moon3/driving_sim/driving_random-31_5.mp4,1
src/Sim_Vids/Moon3/driving_sim/driving_random-15_4.mp4,1
src/Sim_Vids/Moon3/driving_sim/driving_random-22_3.mp4,1
src/Sim_Vids/Moon3/driving_sim/driving_random-26_8.mp4,1
src/Sim_Vids/Moon3/driving_sim/driving_random-22_2.mp4,1
src/Sim_Vids/Moon3/driving_sim/driving_random-8_5.mp4,1
src/Sim_Vids/Moon3/driving_sim/driving_random-19_1.mp4,1
src/Sim_Vids/Moon3/driving_sim/driving_random-26_10.mp4,1
src/Sim_Vids/Moon3/driving_sim/driving_random-10_3.mp4,1
src/Sim_Vids/Moon3/driving_sim/driving_random-4_9.mp4,1
src/Sim_Vids/Moon3/driving_sim/driving_random-7_4.mp4,1
src/Sim_Vids/Moon3/driving_sim/driving_random-6_5.mp4,1
src/Sim_Vids/Moon3/driving_sim/driving_random-11_2.mp4,1
src/Sim_Vids/Moon3/driving_sim/driving_random-26_4.mp4,1
src/Sim_Vids/Moon3/driving_sim/driving_random-24_7.mp4,1
src/Sim_Vids/Moon3/driving_sim/driving_random-8_2.mp4,1
src/Sim_Vids/Moon3/driving_sim/driving_random-28_2.mp4,1
src/Sim_Vids/Moon3/driving_sim/driving_random-7_11.mp4,1
src/Sim_Vids/Moon3/driving_sim/driving_random-14_3.mp4,1
src/Sim_Vids/Moon3/driving_sim/driving_random-14_5.mp4,1
src/Sim_Vids/Moon3/driving_sim/driving_random-4_7.mp4,1
src/Sim_Vids/Moon3/driving_sim/driving_random-8_3.mp4,1
src/Sim_Vids/Moon3/driving_sim/driving_random-15_3.mp4,1
src/Sim_Vids/Moon3/driving_sim/driving_random-4_5.mp4,1
src/Sim_Vids/Moon3/driving_sim/driving_random-22_5.mp4,1
src/Sim_Vids/Moon3/driving_sim/driving_random-16_2.mp4,1
src/Sim_Vids/Moon3/driving_sim/driving_random-13_1.mp4,1
src/Sim_Vids/Moon3/driving_sim/driving_random-32_1.mp4,1
src/Sim_Vids/Moon3/driving_sim/driving_random-18_2.mp4,1
src/Sim_Vids/Moon3/driving_sim/driving_random-4_3.mp4,1
src/Sim_Vids/Moon3/driving_sim/driving_random-3_1.mp4,1
src/Sim_Vids/Moon3/driving_sim/driving_random-19_4.mp4,1
src/Sim_Vids/Moon3/driving_sim/driving_random-29_2.mp4,1
src/Sim_Vids/Moon3/driving_sim/driving_random-8_4.mp4,1
src/Sim_Vids/Moon3/driving_sim/driving_random-21_2.mp4,1
src/Sim_Vids/Moon3/driving_sim/driving_random-14_2.mp4,1
src/Sim_Vids/Moon3/driving_sim/driving_random-4_10.mp4,1
src/Sim_Vids/Moon3/driving_sim/driving_random-1_2.mp4,1
src/Sim_Vids/Moon3/driving_sim/driving_random-17_2.mp4,1
src/Sim_Vids/Moon3/driving_sim/driving_random-5_9.mp4,1
src/Sim_Vids/Moon3/driving_sim/driving_random-33_2.mp4,1
src/Sim_Vids/Moon3/driving_sim/driving_random-24_10.mp4,1
src/Sim_Vids/Moon3/driving_sim/driving_random-33_1.mp4,1
src/Sim_Vids/Moon3/driving_sim/driving_random-18_6.mp4,1
src/Sim_Vids/Moon3/driving_sim/driving_random-31_13.mp4,1
src/Sim_Vids/Moon3/driving_sim/driving_random-13_3.mp4,1
src/Sim_Vids/Moon3/driving_sim/driving_random-24_8.mp4,1
src/Sim_Vids/Moon3/driving_sim/driving_random-28_1.mp4,1
src/Sim_Vids/Moon3/driving_sim/driving_random-31_9.mp4,1
src/Sim_Vids/Moon3/driving_sim/driving_random-22_1.mp4,1
src/Sim_Vids/Moon3/driving_sim/driving_random-2_5.mp4,1
src/Sim_Vids/Moon3/driving_sim/driving_random-1_3.mp4,1
src/Sim_Vids/Moon3/driving_sim/driving_random-31_4.mp4,1
src/Sim_Vids/Moon3/driving_sim/driving_random-21_3.mp4,1
src/Sim_Vids/Moon3/driving_sim/driving_random-26_5.mp4,1
src/Sim_Vids/Moon3/driving_sim/driving_random-7_2.mp4,1
src/Sim_Vids/Moon3/driving_sim/driving_random-2_4.mp4,1
src/Sim_Vids/Moon3/driving_sim/driving_random-24_4.mp4,1
src/Sim_Vids/Moon3/driving_sim/driving_random-19_7.mp4,1
src/Sim_Vids/Moon3/driving_sim/driving_random-5_3.mp4,1
src/Sim_Vids/Moon3/driving_sim/driving_random-31_6.mp4,1
src/Sim_Vids/Moon3/driving_sim/driving_random-1_1.mp4,1
src/Sim_Vids/Moon3/driving_sim/driving_random-10_1.mp4,1
src/Sim_Vids/Moon3/driving_sim/driving_random-24_11.mp4,1
src/Sim_Vids/Moon3/driving_sim/driving_random-31_12.mp4,1
src/Sim_Vids/Moon3/driving_sim/driving_random-25_1.mp4,1
src/Sim_Vids/Moon3/driving_sim/driving_random-24_1.mp4,1
src/Sim_Vids/Moon3/driving_sim/driving_random-27_3.mp4,1
src/Sim_Vids/Moon3/driving_sim/driving_random-13_2.mp4,1
src/Sim_Vids/Moon3/driving_sim/driving_random-18_4.mp4,1
src/Sim_Vids/Moon3/driving_sim/driving_random-29_4.mp4,1
src/Sim_Vids/Moon3/driving_sim/driving_random-13_5.mp4,1
src/Sim_Vids/Moon3/driving_sim/driving_random-4_1.mp4,1
src/Sim_Vids/Moon3/driving_sim/driving_random-5_2.mp4,1
src/Sim_Vids/Moon3/driving_sim/driving_random-17_3.mp4,1
src/Sim_Vids/Moon3/driving_sim/driving_random-11_1.mp4,1
src/Sim_Vids/Moon3/driving_sim/driving_random-32_4.mp4,1
src/Sim_Vids/Moon3/driving_sim/driving_random-31_3.mp4,1
src/Sim_Vids/Moon3/driving_sim/driving_random-1_4.mp4,1
src/Sim_Vids/Moon3/driving_sim/driving_random-24_3.mp4,1
src/Sim_Vids/Moon3/driving_sim/driving_random-6_1.mp4,1
src/Sim_Vids/Moon3/driving_sim/driving_random-18_5.mp4,1
src/Sim_Vids/Moon3/driving_sim/driving_random-3_3.mp4,1
src/Sim_Vids/Moon3/driving_sim/driving_random-5_4.mp4,1
src/Sim_Vids/Moon3/driving_sim/driving_random-6_4.mp4,1
src/Sim_Vids/Moon3/driving_sim/driving_random-31_10.mp4,1
src/Sim_Vids/Moon3/driving_sim/driving_random-16_4.mp4,1
src/Sim_Vids/Moon3/driving_sim/driving_random-5_6.mp4,1
src/Sim_Vids/Moon3/driving_sim/driving_random-14_4.mp4,1
src/Sim_Vids/Moon3/driving_sim/driving_random-14_1.mp4,1
src/Sim_Vids/Moon3/driving_sim/driving_random-8_1.mp4,1
src/Sim_Vids/Moon3/driving_sim/driving_random-7_8.mp4,1
src/Sim_Vids/Moon3/driving_sim/driving_random-30_2.mp4,1
src/Sim_Vids/Moon3/driving_sim/driving_random-7_6.mp4,1
src/Sim_Vids/Moon3/driving_sim/driving_random-24_6.mp4,1
src/Sim_Vids/Moon3/driving_sim/driving_random-20_1.mp4,1
src/Sim_Vids/Moon3/driving_sim/driving_random-2_2.mp4,1
src/Sim_Vids/Moon3/driving_sim/driving_random-27_2.mp4,1
src/Sim_Vids/Moon3/driving_sim/driving_random-26_7.mp4,1
src/Sim_Vids/Moon3/driving_sim/driving_random-18_3.mp4,1
src/Sim_Vids/Moon3/driving_sim/driving_random-12_1.mp4,1
src/Sim_Vids/Moon3/driving_sim/driving_random-17_4.mp4,1
src/Sim_Vids/Moon3/driving_sim/driving_random-17_1.mp4,1
src/Sim_Vids/Moon3/driving_sim/driving_random-25_2.mp4,1
src/Sim_Vids/Moon3/driving_sim/driving_random-4_8.mp4,1
src/Sim_Vids/Moon3/driving_sim/driving_random-7_10.mp4,1
src/Sim_Vids/Moon3/driving_sim/driving_random-12_2.mp4,1
src/Sim_Vids/Moon3/driving_sim/driving_random-4_4.mp4,1
src/Sim_Vids/Moon3/driving_sim/driving_random-12_3.mp4,1
src/Sim_Vids/Moon3/driving_sim/driving_random-5_8.mp4,1
src/Sim_Vids/Moon3/driving_sim/driving_random-10_2.mp4,1
src/Sim_Vids/Moon3/driving_sim/driving_random-27_1.mp4,1
src/Sim_Vids/Moon3/driving_sim/driving_random-9_4.mp4,1
src/Sim_Vids/Moon3/driving_sim/driving_random-26_3.mp4,1
src/Sim_Vids/Moon3/driving_sim/driving_random-24_9.mp4,1
src/Sim_Vids/Moon3/driving_sim/driving_random-11_5.mp4,1
src/Sim_Vids/Moon3/driving_sim/driving_random-19_6.mp4,1
src/Sim_Vids/Moon3/driving_sim/driving_random-24_2.mp4,1
src/Sim_Vids/Moon3/driving_sim/driving_random-8_6.mp4,1
src/Sim_Vids/Moon3/driving_sim/driving_random-15_5.mp4,1
src/Sim_Vids/Moon3/driving_sim/driving_random-5_1.mp4,1
src/Sim_Vids/Moon3/driving_sim/driving_random-21_1.mp4,1
src/Sim_Vids/Moon3/driving_sim/driving_random-15_1.mp4,1
src/Sim_Vids/Moon3/driving_sim/driving_random-26_9.mp4,1
src/Sim_Vids/Moon3/driving_sim/driving_random-9_3.mp4,1
src/Sim_Vids/Moon3/driving_sim/driving_random-11_3.mp4,1
src/Sim_Vids/Moon3/driving_sim/driving_random-9_1.mp4,1
src/Sim_Vids/Moon3/driving_sim/driving_random-5_5.mp4,1
src/Sim_Vids/Moon3/driving_sim/driving_random-30_3.mp4,1
src/Sim_Vids/Moon3/driving_sim/driving_random-18_1.mp4,1
src/Sim_Vids/Moon3/driving_sim/driving_random-31_11.mp4,1
src/Sim_Vids/Moon3/driving_sim/driving_random-6_2.mp4,1


Real Earth Falling
/home/leon-gold/Downloads/TrialMoonwalk/Falling/clip_0028.mp4,2
/home/leon-gold/Downloads/TrialMoonwalk/Falling/clip_0010.mp4,2
/home/leon-gold/Downloads/TrialMoonwalk/Falling/clip_0004.mp4,2
/home/leon-gold/Downloads/TrialMoonwalk/Falling/clip_0007.mp4,2
/home/leon-gold/Downloads/TrialMoonwalk/Falling/clip_0015.mp4,2
/home/leon-gold/Downloads/TrialMoonwalk/Falling/clip_0013.mp4,2
/home/leon-gold/Downloads/TrialMoonwalk/Falling/clip_0016.mp4,2
/home/leon-gold/Downloads/TrialMoonwalk/Falling/clip_0012.mp4,2
/home/leon-gold/Downloads/TrialMoonwalk/Falling/clip_0029.mp4,2
/home/leon-gold/Downloads/TrialMoonwalk/Falling/clip_0005.mp4,2
/home/leon-gold/Downloads/TrialMoonwalk/Falling/clip_0022.mp4,2
/home/leon-gold/Downloads/TrialMoonwalk/Falling/clip_0032.mp4,2
/home/leon-gold/Downloads/TrialMoonwalk/Falling/clip_0009.mp4,2
/home/leon-gold/Downloads/TrialMoonwalk/Falling/clip_0000.mp4,2
/home/leon-gold/Downloads/TrialMoonwalk/Falling/clip_0021.mp4,2
/home/leon-gold/Downloads/TrialMoonwalk/Falling/clip_0023.mp4,2
/home/leon-gold/Downloads/TrialMoonwalk/Falling/clip_0019.mp4,2

Real Earth Jumping

/home/leon-gold/Downloads/TrialMoonwalk/Earth/Jumping/clip_0003.mp4,5
/home/leon-gold/Downloads/TrialMoonwalk/Earth/Jumping/clip_0012.mp4,5
/home/leon-gold/Downloads/TrialMoonwalk/Earth/Jumping/clip_0005.mp4,5
/home/leon-gold/Downloads/TrialMoonwalk/Earth/Jumping/clip_0002.mp4,5
/home/leon-gold/Downloads/TrialMoonwalk/Earth/Jumping/clip_0009.mp4,5
/home/leon-gold/Downloads/TrialMoonwalk/Earth/Jumping/clip_0000.mp4,5
/home/leon-gold/Downloads/TrialMoonwalk/Earth/Jumping/clip_0011.mp4,5
/home/leon-gold/Downloads/TrialMoonwalk/Earth/Jumping/clip_0001.mp4,5
/home/leon-gold/Downloads/TrialMoonwalk/Earth/Jumping/clip_0006.mp4,5
/home/leon-gold/Downloads/TrialMoonwalk/Earth/Jumping/clip_0014.mp4,5
/home/leon-gold/Downloads/TrialMoonwalk/Earth/Jumping/clip_0008.mp4,5

Real Earth Walking

/home/leon-gold/Downloads/TrialMoonwalk/Earth/Walking/clip_0028.mp4,3
/home/leon-gold/Downloads/TrialMoonwalk/Earth/Walking/clip_0035.mp4,3
/home/leon-gold/Downloads/TrialMoonwalk/Earth/Walking/clip_0010.mp4,3
/home/leon-gold/Downloads/TrialMoonwalk/Earth/Walking/clip_0040.mp4,3
/home/leon-gold/Downloads/TrialMoonwalk/Earth/Walking/clip_0004.mp4,3
/home/leon-gold/Downloads/TrialMoonwalk/Earth/Walking/clip_0007.mp4,3
/home/leon-gold/Downloads/TrialMoonwalk/Earth/Walking/clip_0015.mp4,3
/home/leon-gold/Downloads/TrialMoonwalk/Earth/Walking/clip_0013.mp4,3
/home/leon-gold/Downloads/TrialMoonwalk/Earth/Walking/clip_0034.mp4,3
/home/leon-gold/Downloads/TrialMoonwalk/Earth/Walking/clip_0016.mp4,3
/home/leon-gold/Downloads/TrialMoonwalk/Earth/Walking/clip_0003.mp4,3
/home/leon-gold/Downloads/TrialMoonwalk/Earth/Walking/clip_0017.mp4,3
/home/leon-gold/Downloads/TrialMoonwalk/Earth/Walking/clip_0031.mp4,3
/home/leon-gold/Downloads/TrialMoonwalk/Earth/Walking/clip_0012.mp4,3
/home/leon-gold/Downloads/TrialMoonwalk/Earth/Walking/clip_0029.mp4,3
/home/leon-gold/Downloads/TrialMoonwalk/Earth/Walking/clip_0005.mp4,3
/home/leon-gold/Downloads/TrialMoonwalk/Earth/Walking/clip_0022.mp4,3
/home/leon-gold/Downloads/TrialMoonwalk/Earth/Walking/clip_0002.mp4,3
/home/leon-gold/Downloads/TrialMoonwalk/Earth/Walking/clip_0046.mp4,3
/home/leon-gold/Downloads/TrialMoonwalk/Earth/Walking/clip_0033.mp4,3
/home/leon-gold/Downloads/TrialMoonwalk/Earth/Walking/clip_0032.mp4,3
/home/leon-gold/Downloads/TrialMoonwalk/Earth/Walking/clip_0009.mp4,3
/home/leon-gold/Downloads/TrialMoonwalk/Earth/Walking/clip_0000.mp4,3
/home/leon-gold/Downloads/TrialMoonwalk/Earth/Walking/clip_0025.mp4,3
/home/leon-gold/Downloads/TrialMoonwalk/Earth/Walking/clip_0041.mp4,3
/home/leon-gold/Downloads/TrialMoonwalk/Earth/Walking/clip_0043.mp4,3
/home/leon-gold/Downloads/TrialMoonwalk/Earth/Walking/clip_0037.mp4,3
/home/leon-gold/Downloads/TrialMoonwalk/Earth/Walking/clip_0021.mp4,3
/home/leon-gold/Downloads/TrialMoonwalk/Earth/Walking/clip_0023.mp4,3
/home/leon-gold/Downloads/TrialMoonwalk/Earth/Walking/clip_0038.mp4,3
/home/leon-gold/Downloads/TrialMoonwalk/Earth/Walking/clip_0024.mp4,3
/home/leon-gold/Downloads/TrialMoonwalk/Earth/Walking/clip_0019.mp4,3
/home/leon-gold/Downloads/TrialMoonwalk/Earth/Walking/clip_0011.mp4,3
/home/leon-gold/Downloads/TrialMoonwalk/Earth/Walking/clip_0001.mp4,3
/home/leon-gold/Downloads/TrialMoonwalk/Earth/Walking/clip_0018.mp4,3
/home/leon-gold/Downloads/TrialMoonwalk/Earth/Walking/clip_0030.mp4,3
/home/leon-gold/Downloads/TrialMoonwalk/Earth/Walking/clip_0006.mp4,3
/home/leon-gold/Downloads/TrialMoonwalk/Earth/Walking/clip_0036.mp4,3
/home/leon-gold/Downloads/TrialMoonwalk/Earth/Walking/clip_0020.mp4,3
/home/leon-gold/Downloads/TrialMoonwalk/Earth/Walking/clip_0042.mp4,3
/home/leon-gold/Downloads/TrialMoonwalk/Earth/Walking/clip_0027.mp4,3
/home/leon-gold/Downloads/TrialMoonwalk/Earth/Walking/clip_0044.mp4,3
/home/leon-gold/Downloads/TrialMoonwalk/Earth/Walking/clip_0014.mp4,3
/home/leon-gold/Downloads/TrialMoonwalk/Earth/Walking/clip_0008.mp4,3
/home/leon-gold/Downloads/TrialMoonwalk/Earth/Walking/clip_0039.mp4,3
/home/leon-gold/Downloads/TrialMoonwalk/Earth/Walking/clip_0026.mp4,3
/home/leon-gold/Downloads/TrialMoonwalk/Earth/Walking/clip_0045.mp4,3