src/datasets/TrialMoonwalk/FixingonEarth/Earth Walk/clip_0028.mp4,3
src/datasets/TrialMoonwalk/FixingonEarth/Earth Walk/clip_0072.mp4,3
src/datasets/TrialMoonwalk/FixingonEarth/Earth Walk/clip_0077.mp4,3
src/datasets/TrialMoonwalk/FixingonEarth/Earth Walk/clip_0062.mp4,3
src/datasets/TrialMoonwalk/FixingonEarth/Earth Walk/clip_0035.mp4,3
src/datasets/TrialMoonwalk/FixingonEarth/Earth Walk/clip_0050.mp4,3
src/datasets/TrialMoonwalk/FixingonEarth/Earth Walk/clip_0058.mp4,3
src/datasets/TrialMoonwalk/FixingonEarth/Earth Walk/clip_0086.mp4,3
src/datasets/TrialMoonwalk/FixingonEarth/Earth Walk/clip_0010.mp4,3
src/datasets/TrialMoonwalk/FixingonEarth/Earth Walk/clip_0060.mp4,3
src/datasets/TrialMoonwalk/FixingonEarth/Earth Walk/clip_0040.mp4,3
src/datasets/TrialMoonwalk/FixingonEarth/Earth Walk/clip_0004.mp4,3
src/datasets/TrialMoonwalk/FixingonEarth/Earth Walk/clip_0007.mp4,3
src/datasets/TrialMoonwalk/FixingonEarth/Earth Walk/clip_0083.mp4,3
src/datasets/TrialMoonwalk/FixingonEarth/Earth Walk/clip_0015.mp4,3
src/datasets/TrialMoonwalk/FixingonEarth/Earth Walk/clip_0013.mp4,3
src/datasets/TrialMoonwalk/FixingonEarth/Earth Walk/clip_0034.mp4,3
src/datasets/TrialMoonwalk/FixingonEarth/Earth Walk/clip_0016.mp4,3
src/datasets/TrialMoonwalk/FixingonEarth/Earth Walk/clip_0003.mp4,3
src/datasets/TrialMoonwalk/FixingonEarth/Earth Walk/clip_0048.mp4,3
src/datasets/TrialMoonwalk/FixingonEarth/Earth Walk/clip_0063.mp4,3
src/datasets/TrialMoonwalk/FixingonEarth/Earth Walk/clip_0017.mp4,3
src/datasets/TrialMoonwalk/FixingonEarth/Earth Walk/clip_0082.mp4,3
src/datasets/TrialMoonwalk/FixingonEarth/Earth Walk/clip_0031.mp4,3
src/datasets/TrialMoonwalk/FixingonEarth/Earth Walk/clip_0047.mp4,3
src/datasets/TrialMoonwalk/FixingonEarth/Earth Walk/clip_0059.mp4,3
src/datasets/TrialMoonwalk/FixingonEarth/Earth Walk/clip_0079.mp4,3
src/datasets/TrialMoonwalk/FixingonEarth/Earth Walk/clip_0012.mp4,3
src/datasets/TrialMoonwalk/FixingonEarth/Earth Walk/clip_0071.mp4,3
src/datasets/TrialMoonwalk/FixingonEarth/Earth Walk/clip_0069.mp4,3
src/datasets/TrialMoonwalk/FixingonEarth/Earth Walk/clip_0029.mp4,3
src/datasets/TrialMoonwalk/FixingonEarth/Earth Walk/clip_0005.mp4,3
src/datasets/TrialMoonwalk/FixingonEarth/Earth Walk/clip_0073.mp4,3
src/datasets/TrialMoonwalk/FixingonEarth/Earth Walk/clip_0022.mp4,3
src/datasets/TrialMoonwalk/FixingonEarth/Earth Walk/clip_0076.mp4,3
src/datasets/TrialMoonwalk/FixingonEarth/Earth Walk/clip_0002.mp4,3
src/datasets/TrialMoonwalk/FixingonEarth/Earth Walk/clip_0046.mp4,3
src/datasets/TrialMoonwalk/FixingonEarth/Earth Walk/clip_0075.mp4,3
src/datasets/TrialMoonwalk/FixingonEarth/Earth Walk/clip_0033.mp4,3
src/datasets/TrialMoonwalk/FixingonEarth/Earth Walk/clip_0065.mp4,3
src/datasets/TrialMoonwalk/FixingonEarth/Earth Walk/clip_0051.mp4,3
src/datasets/TrialMoonwalk/FixingonEarth/Earth Walk/clip_0055.mp4,3
src/datasets/TrialMoonwalk/FixingonEarth/Earth Walk/clip_0032.mp4,3
src/datasets/TrialMoonwalk/FixingonEarth/Earth Walk/clip_0009.mp4,3
src/datasets/TrialMoonwalk/FixingonEarth/Earth Walk/clip_0000.mp4,3
src/datasets/TrialMoonwalk/FixingonEarth/Earth Walk/clip_0054.mp4,3
src/datasets/TrialMoonwalk/FixingonEarth/Earth Walk/clip_0074.mp4,3
src/datasets/TrialMoonwalk/FixingonEarth/Earth Walk/clip_0057.mp4,3
src/datasets/TrialMoonwalk/FixingonEarth/Earth Walk/clip_0056.mp4,3
src/datasets/TrialMoonwalk/FixingonEarth/Earth Walk/clip_0025.mp4,3
src/datasets/TrialMoonwalk/FixingonEarth/Earth Walk/clip_0081.mp4,3
src/datasets/TrialMoonwalk/FixingonEarth/Earth Walk/clip_0085.mp4,3
src/datasets/TrialMoonwalk/FixingonEarth/Earth Walk/clip_0041.mp4,3
src/datasets/TrialMoonwalk/FixingonEarth/Earth Walk/clip_0043.mp4,3
src/datasets/TrialMoonwalk/FixingonEarth/Earth Walk/clip_0037.mp4,3
src/datasets/TrialMoonwalk/FixingonEarth/Earth Walk/clip_0053.mp4,3
src/datasets/TrialMoonwalk/FixingonEarth/Earth Walk/clip_0078.mp4,3
src/datasets/TrialMoonwalk/FixingonEarth/Earth Walk/clip_0021.mp4,3
src/datasets/TrialMoonwalk/FixingonEarth/Earth Walk/clip_0023.mp4,3
src/datasets/TrialMoonwalk/FixingonEarth/Earth Walk/clip_0061.mp4,3
src/datasets/TrialMoonwalk/FixingonEarth/Earth Walk/clip_0038.mp4,3
src/datasets/TrialMoonwalk/FixingonEarth/Earth Walk/clip_0024.mp4,3
src/datasets/TrialMoonwalk/FixingonEarth/Earth Walk/clip_0052.mp4,3
src/datasets/TrialMoonwalk/FixingonEarth/Earth Walk/clip_0049.mp4,3
src/datasets/TrialMoonwalk/FixingonEarth/Earth Walk/clip_0019.mp4,3
src/datasets/TrialMoonwalk/FixingonEarth/Earth Walk/clip_0011.mp4,3
src/datasets/TrialMoonwalk/FixingonEarth/Earth Walk/clip_0001.mp4,3
src/datasets/TrialMoonwalk/FixingonEarth/Earth Walk/clip_0018.mp4,3
src/datasets/TrialMoonwalk/FixingonEarth/Earth Walk/clip_0030.mp4,3
src/datasets/TrialMoonwalk/FixingonEarth/Earth Walk/clip_0064.mp4,3
src/datasets/TrialMoonwalk/FixingonEarth/Earth Walk/clip_0084.mp4,3
src/datasets/TrialMoonwalk/FixingonEarth/Earth Walk/clip_0006.mp4,3
src/datasets/TrialMoonwalk/FixingonEarth/Earth Walk/clip_0036.mp4,3
src/datasets/TrialMoonwalk/FixingonEarth/Earth Walk/clip_0070.mp4,3
src/datasets/TrialMoonwalk/FixingonEarth/Earth Walk/clip_0020.mp4,3
src/datasets/TrialMoonwalk/FixingonEarth/Earth Walk/clip_0067.mp4,3
src/datasets/TrialMoonwalk/FixingonEarth/Earth Walk/clip_0042.mp4,3
src/datasets/TrialMoonwalk/FixingonEarth/Earth Walk/clip_0027.mp4,3
src/datasets/TrialMoonwalk/FixingonEarth/Earth Walk/clip_0066.mp4,3
src/datasets/TrialMoonwalk/FixingonEarth/Earth Walk/clip_0044.mp4,3
src/datasets/TrialMoonwalk/FixingonEarth/Earth Walk/clip_0014.mp4,3
src/datasets/TrialMoonwalk/FixingonEarth/Earth Walk/clip_0008.mp4,3
src/datasets/TrialMoonwalk/FixingonEarth/Earth Walk/clip_0068.mp4,3
src/datasets/TrialMoonwalk/FixingonEarth/Earth Walk/clip_0039.mp4,3
src/datasets/TrialMoonwalk/FixingonEarth/Earth Walk/clip_0080.mp4,3
src/datasets/TrialMoonwalk/FixingonEarth/Earth Walk/clip_0026.mp4,3
src/datasets/TrialMoonwalk/FixingonEarth/Earth Walk/clip_0045.mp4,3
src/datasets/TrialMoonwalk/FixingonEarth/Earth_Servicing/clip_0010.mp4,0
src/datasets/TrialMoonwalk/FixingonEarth/Earth_Servicing/clip_0004.mp4,0
src/datasets/TrialMoonwalk/FixingonEarth/Earth_Servicing/clip_0007.mp4,0
src/datasets/TrialMoonwalk/FixingonEarth/Earth_Servicing/clip_0015.mp4,0
src/datasets/TrialMoonwalk/FixingonEarth/Earth_Servicing/clip_0013.mp4,0
src/datasets/TrialMoonwalk/FixingonEarth/Earth_Servicing/clip_0016.mp4,0
src/datasets/TrialMoonwalk/FixingonEarth/Earth_Servicing/clip_0003.mp4,0
src/datasets/TrialMoonwalk/FixingonEarth/Earth_Servicing/clip_0012.mp4,0
src/datasets/TrialMoonwalk/FixingonEarth/Earth_Servicing/clip_0005.mp4,0
src/datasets/TrialMoonwalk/FixingonEarth/Earth_Servicing/clip_0002.mp4,0
src/datasets/TrialMoonwalk/FixingonEarth/Earth_Servicing/clip_0009.mp4,0
src/datasets/TrialMoonwalk/FixingonEarth/Earth_Servicing/clip_0000.mp4,0
src/datasets/TrialMoonwalk/FixingonEarth/Earth_Servicing/clip_0011.mp4,0
src/datasets/TrialMoonwalk/FixingonEarth/Earth_Servicing/clip_0001.mp4,0
src/datasets/TrialMoonwalk/FixingonEarth/Earth_Servicing/clip_0006.mp4,0
src/datasets/TrialMoonwalk/FixingonEarth/Earth_Servicing/clip_0014.mp4,0
src/datasets/TrialMoonwalk/FixingonEarth/Earth_Servicing/clip_0008.mp4,0
src/datasets/TrialMoonwalk/FixingonEarth/Falling/clip_0028.mp4,2
src/datasets/TrialMoonwalk/FixingonEarth/Falling/clip_0010.mp4,2
src/datasets/TrialMoonwalk/FixingonEarth/Falling/clip_0004.mp4,2
src/datasets/TrialMoonwalk/FixingonEarth/Falling/clip_0007.mp4,2
src/datasets/TrialMoonwalk/FixingonEarth/Falling/clip_0015.mp4,2
src/datasets/TrialMoonwalk/FixingonEarth/Falling/clip_0013.mp4,2
src/datasets/TrialMoonwalk/FixingonEarth/Falling/clip_0034.mp4,2
src/datasets/TrialMoonwalk/FixingonEarth/Falling/clip_0016.mp4,2
src/datasets/TrialMoonwalk/FixingonEarth/Falling/clip_0003.mp4,2
src/datasets/TrialMoonwalk/FixingonEarth/Falling/clip_0017.mp4,2
src/datasets/TrialMoonwalk/FixingonEarth/Falling/clip_0031.mp4,2
src/datasets/TrialMoonwalk/FixingonEarth/Falling/clip_0012.mp4,2
src/datasets/TrialMoonwalk/FixingonEarth/Falling/clip_0029.mp4,2
src/datasets/TrialMoonwalk/FixingonEarth/Falling/clip_0005.mp4,2
src/datasets/TrialMoonwalk/FixingonEarth/Falling/clip_0022.mp4,2
src/datasets/TrialMoonwalk/FixingonEarth/Falling/clip_0002.mp4,2
src/datasets/TrialMoonwalk/FixingonEarth/Falling/clip_0033.mp4,2
src/datasets/TrialMoonwalk/FixingonEarth/Falling/clip_0032.mp4,2
src/datasets/TrialMoonwalk/FixingonEarth/Falling/clip_0009.mp4,2
src/datasets/TrialMoonwalk/FixingonEarth/Falling/clip_0000.mp4,2
src/datasets/TrialMoonwalk/FixingonEarth/Falling/clip_0025.mp4,2
src/datasets/TrialMoonwalk/FixingonEarth/Falling/clip_0021.mp4,2
src/datasets/TrialMoonwalk/FixingonEarth/Falling/clip_0023.mp4,2
src/datasets/TrialMoonwalk/FixingonEarth/Falling/clip_0024.mp4,2
src/datasets/TrialMoonwalk/FixingonEarth/Falling/clip_0019.mp4,2
src/datasets/TrialMoonwalk/FixingonEarth/Falling/clip_0001.mp4,2
src/datasets/TrialMoonwalk/FixingonEarth/Falling/clip_0018.mp4,2
src/datasets/TrialMoonwalk/FixingonEarth/Falling/clip_0030.mp4,2
src/datasets/TrialMoonwalk/FixingonEarth/Falling/clip_0006.mp4,2
src/datasets/TrialMoonwalk/FixingonEarth/Falling/clip_0020.mp4,2
src/datasets/TrialMoonwalk/FixingonEarth/Falling/clip_0027.mp4,2
src/datasets/TrialMoonwalk/FixingonEarth/Falling/clip_0014.mp4,2
src/datasets/TrialMoonwalk/FixingonEarth/Falling/clip_0008.mp4,2
src/datasets/TrialMoonwalk/FixingonEarth/Falling/clip_0026.mp4,2
src/datasets/TrialMoonwalk/FixingonEarth/Jumping/clip_0010.mp4,3
src/datasets/TrialMoonwalk/FixingonEarth/Jumping/clip_0004.mp4,3
src/datasets/TrialMoonwalk/FixingonEarth/Jumping/clip_0007.mp4,3
src/datasets/TrialMoonwalk/FixingonEarth/Jumping/clip_0015.mp4,3
src/datasets/TrialMoonwalk/FixingonEarth/Jumping/clip_0013.mp4,3
src/datasets/TrialMoonwalk/FixingonEarth/Jumping/clip_0016.mp4,3
src/datasets/TrialMoonwalk/FixingonEarth/Jumping/clip_0003.mp4,3
src/datasets/TrialMoonwalk/FixingonEarth/Jumping/clip_0012.mp4,3
src/datasets/TrialMoonwalk/FixingonEarth/Jumping/clip_0005.mp4,3
src/datasets/TrialMoonwalk/FixingonEarth/Jumping/clip_0002.mp4,3
src/datasets/TrialMoonwalk/FixingonEarth/Jumping/clip_0009.mp4,3
src/datasets/TrialMoonwalk/FixingonEarth/Jumping/clip_0000.mp4,3
src/datasets/TrialMoonwalk/FixingonEarth/Jumping/clip_0011.mp4,3
src/datasets/TrialMoonwalk/FixingonEarth/Jumping/clip_0001.mp4,3
src/datasets/TrialMoonwalk/FixingonEarth/Jumping/clip_0006.mp4,3
src/datasets/TrialMoonwalk/FixingonEarth/Jumping/clip_0014.mp4,3
src/datasets/TrialMoonwalk/FixingonEarth/Jumping/clip_0008.mp4,3
src/datasets/TrialMoonwalk/FixingonEarth/F1Driivng/clip_0028.mp4,1
src/datasets/TrialMoonwalk/FixingonEarth/F1Driivng/clip_0035.mp4,1
src/datasets/TrialMoonwalk/FixingonEarth/F1Driivng/clip_0010.mp4,1
src/datasets/TrialMoonwalk/FixingonEarth/F1Driivng/clip_0040.mp4,1
src/datasets/TrialMoonwalk/FixingonEarth/F1Driivng/clip_0004.mp4,1
src/datasets/TrialMoonwalk/FixingonEarth/F1Driivng/clip_0007.mp4,1
src/datasets/TrialMoonwalk/FixingonEarth/F1Driivng/clip_0015.mp4,1
src/datasets/TrialMoonwalk/FixingonEarth/F1Driivng/clip_0013.mp4,1
src/datasets/TrialMoonwalk/FixingonEarth/F1Driivng/clip_0034.mp4,1
src/datasets/TrialMoonwalk/FixingonEarth/F1Driivng/clip_0016.mp4,1
src/datasets/TrialMoonwalk/FixingonEarth/F1Driivng/clip_0003.mp4,1
src/datasets/TrialMoonwalk/FixingonEarth/F1Driivng/clip_0017.mp4,1
src/datasets/TrialMoonwalk/FixingonEarth/F1Driivng/clip_0031.mp4,1
src/datasets/TrialMoonwalk/FixingonEarth/F1Driivng/clip_0012.mp4,1
src/datasets/TrialMoonwalk/FixingonEarth/F1Driivng/clip_0029.mp4,1
src/datasets/TrialMoonwalk/FixingonEarth/F1Driivng/clip_0005.mp4,1
src/datasets/TrialMoonwalk/FixingonEarth/F1Driivng/clip_0022.mp4,1
src/datasets/TrialMoonwalk/FixingonEarth/F1Driivng/clip_0002.mp4,1
src/datasets/TrialMoonwalk/FixingonEarth/F1Driivng/clip_0033.mp4,1
src/datasets/TrialMoonwalk/FixingonEarth/F1Driivng/clip_0032.mp4,1
src/datasets/TrialMoonwalk/FixingonEarth/F1Driivng/clip_0009.mp4,1
src/datasets/TrialMoonwalk/FixingonEarth/F1Driivng/clip_0000.mp4,1
src/datasets/TrialMoonwalk/FixingonEarth/F1Driivng/clip_0025.mp4,1
src/datasets/TrialMoonwalk/FixingonEarth/F1Driivng/clip_0041.mp4,1
src/datasets/TrialMoonwalk/FixingonEarth/F1Driivng/clip_0043.mp4,1
src/datasets/TrialMoonwalk/FixingonEarth/F1Driivng/clip_0037.mp4,1
src/datasets/TrialMoonwalk/FixingonEarth/F1Driivng/clip_0021.mp4,1
src/datasets/TrialMoonwalk/FixingonEarth/F1Driivng/clip_0023.mp4,1
src/datasets/TrialMoonwalk/FixingonEarth/F1Driivng/clip_0038.mp4,1
src/datasets/TrialMoonwalk/FixingonEarth/F1Driivng/clip_0024.mp4,1
src/datasets/TrialMoonwalk/FixingonEarth/F1Driivng/clip_0019.mp4,1
src/datasets/TrialMoonwalk/FixingonEarth/F1Driivng/clip_0011.mp4,1
src/datasets/TrialMoonwalk/FixingonEarth/F1Driivng/clip_0001.mp4,1
src/datasets/TrialMoonwalk/FixingonEarth/F1Driivng/clip_0018.mp4,1
src/datasets/TrialMoonwalk/FixingonEarth/F1Driivng/clip_0030.mp4,1
src/datasets/TrialMoonwalk/FixingonEarth/F1Driivng/clip_0006.mp4,1
src/datasets/TrialMoonwalk/FixingonEarth/F1Driivng/clip_0036.mp4,1
src/datasets/TrialMoonwalk/FixingonEarth/F1Driivng/clip_0020.mp4,1
src/datasets/TrialMoonwalk/FixingonEarth/F1Driivng/clip_0042.mp4,1
src/datasets/TrialMoonwalk/FixingonEarth/F1Driivng/clip_0027.mp4,1
src/datasets/TrialMoonwalk/FixingonEarth/F1Driivng/clip_0014.mp4,1
src/datasets/TrialMoonwalk/FixingonEarth/F1Driivng/clip_0008.mp4,1
src/datasets/TrialMoonwalk/FixingonEarth/F1Driivng/clip_0039.mp4,1
src/datasets/TrialMoonwalk/FixingonEarth/F1Driivng/clip_0026.mp4,1
