/home/leon-gold/Downloads/TrialMoonwalk/Earth/Falling/clip_0028.mp4,2
/home/leon-gold/Downloads/TrialMoonwalk/Earth/Falling/clip_0010.mp4,2
/home/leon-gold/Downloads/TrialMoonwalk/Earth/Falling/clip_0004.mp4,2
/home/leon-gold/Downloads/TrialMoonwalk/Earth/Falling/clip_0007.mp4,2
/home/leon-gold/Downloads/TrialMoonwalk/Earth/Falling/clip_0015.mp4,2
/home/leon-gold/Downloads/TrialMoonwalk/Earth/Falling/clip_0013.mp4,2
/home/leon-gold/Downloads/TrialMoonwalk/Earth/Falling/clip_0016.mp4,2
/home/leon-gold/Downloads/TrialMoonwalk/Earth/Falling/clip_0012.mp4,2
/home/leon-gold/Downloads/TrialMoonwalk/Earth/Falling/clip_0029.mp4,2
/home/leon-gold/Downloads/TrialMoonwalk/Earth/Falling/clip_0005.mp4,2
/home/leon-gold/Downloads/TrialMoonwalk/Earth/Falling/clip_0022.mp4,2
/home/leon-gold/Downloads/TrialMoonwalk/Earth/Falling/clip_0032.mp4,2
/home/leon-gold/Downloads/TrialMoonwalk/Earth/Falling/clip_0009.mp4,2
/home/leon-gold/Downloads/TrialMoonwalk/Earth/Falling/clip_0000.mp4,2
/home/leon-gold/Downloads/TrialMoonwalk/Earth/Falling/clip_0021.mp4,2
/home/leon-gold/Downloads/TrialMoonwalk/Earth/Falling/clip_0023.mp4,2
/home/leon-gold/Downloads/TrialMoonwalk/Earth/Falling/clip_0019.mp4,2
/home/leon-gold/Downloads/TrialMoonwalk/Earth/Falling/clip_0001.mp4,2
/home/leon-gold/Downloads/TrialMoonwalk/Earth/Falling/clip_0018.mp4,2
/home/leon-gold/Downloads/TrialMoonwalk/Earth/Falling/clip_0020.mp4,2
/home/leon-gold/Downloads/TrialMoonwalk/Earth/Falling/clip_0014.mp4,2
/home/leon-gold/Downloads/TrialMoonwalk/Earth/Falling/clip_0026.mp4,2
/home/leon-gold/Downloads/TrialMoonwalk/Earth/Jumping/clip_0010.mp4,5
/home/leon-gold/Downloads/TrialMoonwalk/Earth/Jumping/clip_0004.mp4,5
/home/leon-gold/Downloads/TrialMoonwalk/Earth/Jumping/clip_0007.mp4,5
/home/leon-gold/Downloads/TrialMoonwalk/Earth/Jumping/clip_0015.mp4,5
/home/leon-gold/Downloads/TrialMoonwalk/Earth/Jumping/clip_0013.mp4,5
/home/leon-gold/Downloads/TrialMoonwalk/Earth/Jumping/clip_0016.mp4,5
/home/leon-gold/Downloads/TrialMoonwalk/Earth/Jumping/clip_0003.mp4,5
/home/leon-gold/Downloads/TrialMoonwalk/Earth/Jumping/clip_0001 (2).mp4,5
/home/leon-gold/Downloads/TrialMoonwalk/Earth/Jumping/clip_0000 (2).mp4,5
/home/leon-gold/Downloads/TrialMoonwalk/Earth/Jumping/clip_0012.mp4,5
/home/leon-gold/Downloads/TrialMoonwalk/Earth/Jumping/clip_0005.mp4,5
/home/leon-gold/Downloads/TrialMoonwalk/Earth/Jumping/clip_0002.mp4,5
/home/leon-gold/Downloads/TrialMoonwalk/Earth/Jumping/clip_0009.mp4,5
/home/leon-gold/Downloads/TrialMoonwalk/Earth/Jumping/clip_0000.mp4,5
/home/leon-gold/Downloads/TrialMoonwalk/Earth/Jumping/clip_0003 (2).mp4,5
/home/leon-gold/Downloads/TrialMoonwalk/Earth/Jumping/clip_0011.mp4,5
/home/leon-gold/Downloads/TrialMoonwalk/Earth/Jumping/clip_0001.mp4,5
/home/leon-gold/Downloads/TrialMoonwalk/Earth/Jumping/clip_0006.mp4,5
/home/leon-gold/Downloads/TrialMoonwalk/Earth/Jumping/clip_0002 (2).mp4,5
/home/leon-gold/Downloads/TrialMoonwalk/Earth/Jumping/clip_0014.mp4,5
/home/leon-gold/Downloads/TrialMoonwalk/Earth/Jumping/clip_0008.mp4,5
/home/leon-gold/Downloads/TrialMoonwalk/Earth/Jumping/clip_0004 (2).mp4,5
/home/leon-gold/Downloads/TrialMoonwalk/Earth/Walking/clip_0028.mp4,3
/home/leon-gold/Downloads/TrialMoonwalk/Earth/Walking/clip_0035.mp4,3
/home/leon-gold/Downloads/TrialMoonwalk/Earth/Walking/clip_0010.mp4,3
/home/leon-gold/Downloads/TrialMoonwalk/Earth/Walking/clip_0040.mp4,3
/home/leon-gold/Downloads/TrialMoonwalk/Earth/Walking/clip_0004.mp4,3
/home/leon-gold/Downloads/TrialMoonwalk/Earth/Walking/clip_0015.mp4,3
/home/leon-gold/Downloads/TrialMoonwalk/Earth/Walking/clip_0013.mp4,3
/home/leon-gold/Downloads/TrialMoonwalk/Earth/Walking/clip_0034.mp4,3
/home/leon-gold/Downloads/TrialMoonwalk/Earth/Walking/clip_0016.mp4,3
/home/leon-gold/Downloads/TrialMoonwalk/Earth/Walking/clip_0003.mp4,3
/home/leon-gold/Downloads/TrialMoonwalk/Earth/Walking/clip_0017.mp4,3
/home/leon-gold/Downloads/TrialMoonwalk/Earth/Walking/clip_0031.mp4,3
/home/leon-gold/Downloads/TrialMoonwalk/Earth/Walking/clip_0012.mp4,3
/home/leon-gold/Downloads/TrialMoonwalk/Earth/Walking/clip_0029.mp4,3
/home/leon-gold/Downloads/TrialMoonwalk/Earth/Walking/clip_0005.mp4,3
/home/leon-gold/Downloads/TrialMoonwalk/Earth/Walking/clip_0022.mp4,3
/home/leon-gold/Downloads/TrialMoonwalk/Earth/Walking/clip_0002.mp4,3
/home/leon-gold/Downloads/TrialMoonwalk/Earth/Walking/clip_0046.mp4,3
/home/leon-gold/Downloads/TrialMoonwalk/Earth/Walking/clip_0033.mp4,3
/home/leon-gold/Downloads/TrialMoonwalk/Earth/Walking/clip_0032.mp4,3
/home/leon-gold/Downloads/TrialMoonwalk/Earth/Walking/clip_0009.mp4,3
/home/leon-gold/Downloads/TrialMoonwalk/Earth/Driving/clip_0018.mp4,1
/home/leon-gold/Downloads/TrialMoonwalk/Earth/Driving/clip_0030.mp4,1
/home/leon-gold/Downloads/TrialMoonwalk/Earth/Driving/clip_0164.mp4,1
/home/leon-gold/Downloads/TrialMoonwalk/Earth/Driving/clip_0155.mp4,1
/home/leon-gold/Downloads/TrialMoonwalk/Earth/Driving/clip_0064.mp4,1
/home/leon-gold/Downloads/TrialMoonwalk/Earth/Driving/clip_0084.mp4,1
/home/leon-gold/Downloads/TrialMoonwalk/Earth/Driving/clip_0103.mp4,1
/home/leon-gold/Downloads/TrialMoonwalk/Earth/Driving/clip_0006.mp4,1
/home/leon-gold/Downloads/TrialMoonwalk/Earth/Driving/clip_0036.mp4,1
/home/leon-gold/Downloads/TrialMoonwalk/Earth/Driving/clip_0119.mp4,1
/home/leon-gold/Downloads/TrialMoonwalk/Earth/Driving/clip_0165.mp4,1
/home/leon-gold/Downloads/TrialMoonwalk/Earth/Driving/clip_0096.mp4,1
/home/leon-gold/Downloads/TrialMoonwalk/Earth/Driving/clip_0070.mp4,1
/home/leon-gold/Downloads/TrialMoonwalk/Earth/Driving/clip_0020.mp4,1
/home/leon-gold/Downloads/TrialMoonwalk/Earth/Driving/clip_0129.mp4,1
/home/leon-gold/Downloads/TrialMoonwalk/Earth/Driving/clip_0159.mp4,1
/home/leon-gold/Downloads/TrialMoonwalk/Earth/Driving/clip_0067.mp4,1
/home/leon-gold/Downloads/TrialMoonwalk/Earth/Driving/clip_0169.mp4,1
/home/leon-gold/Downloads/TrialMoonwalk/Earth/Driving/clip_0042.mp4,1
/home/leon-gold/Downloads/TrialMoonwalk/Earth/Driving/clip_0027.mp4,1
/home/leon-gold/Downloads/TrialMoonwalk/Earth/Driving/clip_0171.mp4,1
/home/leon-gold/Downloads/TrialMoonwalk/Earth/Driving/clip_0066.mp4,1
src/Sim_Vids/Moon3/moonjumping(1)/moonjumping/clip_150.mp4,5
src/Sim_Vids/Moon3/moonjumping(1)/moonjumping/clip_160.mp4,5
src/Sim_Vids/Moon3/moonjumping(1)/moonjumping/clip_81.mp4,5
src/Sim_Vids/Moon3/moonjumping(1)/moonjumping/clip_113.mp4,5
src/Sim_Vids/Moon3/moonjumping(1)/moonjumping/clip_139.mp4,5
src/Sim_Vids/Moon3/moonjumping(1)/moonjumping/clip_5.mp4,5
src/Sim_Vids/Moon3/moonjumping(1)/moonjumping/clip_63.mp4,5
src/Sim_Vids/Moon3/moonjumping(1)/moonjumping/clip_102.mp4,5
src/Sim_Vids/Moon3/moonjumping(1)/moonjumping/clip_71.mp4,5
src/Sim_Vids/Moon3/moonjumping(1)/moonjumping/clip_24.mp4,5
src/Sim_Vids/Moon3/moonjumping(1)/moonjumping/clip_73.mp4,5
src/Sim_Vids/Moon3/moonjumping(1)/moonjumping/clip_135.mp4,5
src/Sim_Vids/Moon3/moonjumping(1)/moonjumping/clip_9.mp4,5
src/Sim_Vids/Moon3/moonjumping(1)/moonjumping/clip_38.mp4,5
src/Sim_Vids/Moon3/moonjumping(1)/moonjumping/clip_87.mp4,5
src/Sim_Vids/Moon3/moonjumping(1)/moonjumping/clip_23.mp4,5
src/Sim_Vids/Moon3/moonjumping(1)/moonjumping/clip_109.mp4,5
src/Sim_Vids/Moon3/moonjumping(1)/moonjumping/clip_126.mp4,5
src/Sim_Vids/Moon3/moonjumping(1)/moonjumping/clip_96.mp4,5
src/Sim_Vids/Moon3/moonjumping(1)/moonjumping/clip_90.mp4,5
src/Sim_Vids/Moon3/moonjumping(1)/moonjumping/clip_187.mp4,5
src/Sim_Vids/Moon3/moonjumping(1)/moonjumping/clip_183.mp4,5
src/Sim_Vids/Moon3/moonjumping(1)/moonjumping/clip_169.mp4,5
src/Sim_Vids/Moon3/moonjumping(1)/moonjumping/clip_7.mp4,5
src/Sim_Vids/Moon3/moonjumping(1)/moonjumping/clip_17.mp4,5
src/Sim_Vids/Moon3/moonjumping(1)/moonjumping/clip_108.mp4,5
src/Sim_Vids/Moon3/moonjumping(1)/moonjumping/clip_76.mp4,5
src/Sim_Vids/Moon3/moonjumping(1)/moonjumping/clip_180.mp4,5
src/Sim_Vids/Moon3/moonjumping(1)/moonjumping/clip_28.mp4,5
src/Sim_Vids/Moon3/moonjumping(1)/moonjumping/clip_84.mp4,5
src/Sim_Vids/Moon3/moonjumping(1)/moonjumping/clip_94.mp4,5
src/Sim_Vids/Moon3/moonjumping(1)/moonjumping/clip_191.mp4,5
src/Sim_Vids/Moon3/moonjumping(1)/moonjumping/clip_72.mp4,5
src/Sim_Vids/Moon3/moonjumping(1)/moonjumping/clip_6.mp4,5
src/Sim_Vids/Moon3/moonjumping(1)/moonjumping/clip_195.mp4,5
src/Sim_Vids/Moon3/moonjumping(1)/moonjumping/clip_20.mp4,5
src/Sim_Vids/Moon3/moonjumping(1)/moonjumping/clip_177.mp4,5
src/Sim_Vids/Moon3/moonjumping(1)/moonjumping/clip_64.mp4,5
src/Sim_Vids/Moon3/moonjumping(1)/moonjumping/clip_31.mp4,5
src/Sim_Vids/Moon3/moonjumping(1)/moonjumping/clip_161.mp4,5
src/Sim_Vids/Moon3/moonjumping(1)/moonjumping/clip_111.mp4,5
src/Sim_Vids/Moon3/moonjumping(1)/moonjumping/clip_49.mp4,5
src/Sim_Vids/Moon3/moonjumping(1)/moonjumping/clip_164.mp4,5
src/Sim_Vids/Moon3/moonjumping(1)/moonjumping/clip_78.mp4,5
src/Sim_Vids/Moon3/moonjumping(1)/moonjumping/clip_52.mp4,5
src/Sim_Vids/Moon3/moonjumping(1)/moonjumping/clip_86.mp4,5
src/Sim_Vids/Moon3/moonjumping(1)/moonjumping/clip_21.mp4,5
src/Sim_Vids/Moon3/moonjumping(1)/moonjumping/clip_141.mp4,5
src/Sim_Vids/Moon3/moonjumping(1)/moonjumping/clip_54.mp4,5
src/Sim_Vids/Moon3/moonjumping(1)/moonjumping/clip_153.mp4,5
src/Sim_Vids/Moon3/moonjumping(1)/moonjumping/clip_174.mp4,5
src/Sim_Vids/Moon3/moonjumping(1)/moonjumping/clip_51.mp4,5
src/Sim_Vids/Moon3/moonjumping(1)/moonjumping/clip_196.mp4,5
src/Sim_Vids/Moon3/moonjumping(1)/moonjumping/clip_104.mp4,5
src/Sim_Vids/Moon3/moonjumping(1)/moonjumping/clip_146.mp4,5
src/Sim_Vids/Moon3/moonjumping(1)/moonjumping/clip_98.mp4,5
src/Sim_Vids/Moon3/moonjumping(1)/moonjumping/clip_147.mp4,5
src/Sim_Vids/Moon3/moonjumping(1)/moonjumping/clip_2.mp4,5
src/Sim_Vids/Moon3/moonjumping(1)/moonjumping/clip_66.mp4,5
src/Sim_Vids/Moon3/moonjumping(1)/moonjumping/clip_181.mp4,5
src/Sim_Vids/Moon3/moonjumping(1)/moonjumping/clip_137.mp4,5
src/Sim_Vids/Moon3/moonjumping(1)/moonjumping/clip_171.mp4,5
src/Sim_Vids/Moon3/moonjumping(1)/moonjumping/clip_83.mp4,5
src/Sim_Vids/Moon3/moonjumping(1)/moonjumping/clip_103.mp4,5
src/Sim_Vids/Moon3/moonjumping(1)/moonjumping/clip_123.mp4,5
src/Sim_Vids/Moon3/moonjumping(1)/moonjumping/clip_74.mp4,5
src/Sim_Vids/Moon3/moonjumping(1)/moonjumping/clip_14.mp4,5
src/Sim_Vids/Moon3/moonjumping(1)/moonjumping/clip_131.mp4,5
src/Sim_Vids/Moon3/moonjumping(1)/moonjumping/clip_92.mp4,5
src/Sim_Vids/Moon3/moonjumping(1)/moonjumping/clip_200.mp4,5
src/Sim_Vids/Moon3/moonjumping(1)/moonjumping/clip_45.mp4,5
src/Sim_Vids/Moon3/moonjumping(1)/moonjumping/clip_13.mp4,5
src/Sim_Vids/Moon3/moonjumping(1)/moonjumping/clip_88.mp4,5
src/Sim_Vids/Moon3/moonjumping(1)/moonjumping/clip_3.mp4,5
src/Sim_Vids/Moon3/moonjumping(1)/moonjumping/clip_154.mp4,5
src/Sim_Vids/Moon3/moonjumping(1)/moonjumping/clip_53.mp4,5
src/Sim_Vids/Moon3/moonjumping(1)/moonjumping/clip_101.mp4,5
src/Sim_Vids/Moon3/moonjumping(1)/moonjumping/clip_158.mp4,5
src/Sim_Vids/Moon3/moonjumping(1)/moonjumping/clip_89.mp4,5
src/Sim_Vids/Moon3/moonjumping(1)/moonjumping/clip_112.mp4,5
src/Sim_Vids/Moon3/moonjumping(1)/moonjumping/clip_128.mp4,5
src/Sim_Vids/Moon3/moonjumping(1)/moonjumping/clip_95.mp4,5
src/Sim_Vids/Moon3/moonjumping(1)/moonjumping/clip_18.mp4,5
src/Sim_Vids/Moon3/moonjumping(1)/moonjumping/clip_27.mp4,5
src/Sim_Vids/Moon3/moonjumping(1)/moonjumping/clip_170.mp4,5
src/Sim_Vids/Moon3/moonjumping(1)/moonjumping/clip_12.mp4,5
src/Sim_Vids/Moon3/moonjumping(1)/moonjumping/clip_145.mp4,5
src/Sim_Vids/Moon3/moonjumping(1)/moonjumping/clip_134.mp4,5
src/Sim_Vids/Moon3/moonjumping(1)/moonjumping/clip_35.mp4,5
src/Sim_Vids/Moon3/moonjumping(1)/moonjumping/clip_189.mp4,5
src/Sim_Vids/Moon3/moonjumping(1)/moonjumping/clip_116.mp4,5
src/Sim_Vids/Moon3/moonjumping(1)/moonjumping/clip_155.mp4,5
src/Sim_Vids/Moon3/moonjumping(1)/moonjumping/clip_127.mp4,5
src/Sim_Vids/Moon3/moonjumping(1)/moonjumping/clip_175.mp4,5
src/Sim_Vids/Moon3/moonjumping(1)/moonjumping/clip_166.mp4,5
src/Sim_Vids/Moon3/moonjumping(1)/moonjumping/clip_41.mp4,5
src/Sim_Vids/Moon3/moonjumping(1)/moonjumping/clip_172.mp4,5
src/Sim_Vids/Moon3/moonjumping(1)/moonjumping/clip_144.mp4,5
src/Sim_Vids/Moon3/moonjumping(1)/moonjumping/clip_42.mp4,5
src/Sim_Vids/Moon3/moonjumping(1)/moonjumping/clip_26.mp4,5
src/Sim_Vids/Moon3/moonjumping(1)/moonjumping/clip_57.mp4,5
src/Sim_Vids/Moon3/moonjumping(1)/moonjumping/clip_199.mp4,5
src/Sim_Vids/Moon3/moonjumping(1)/moonjumping/clip_119.mp4,5
src/Sim_Vids/Moon3/moonjumping(1)/moonjumping/clip_77.mp4,5
src/Sim_Vids/Moon3/moonjumping(1)/moonjumping/clip_58.mp4,5
src/Sim_Vids/Moon3/moonjumping(1)/moonjumping/clip_163.mp4,5
src/Sim_Vids/Moon3/moonjumping(1)/moonjumping/clip_65.mp4,5
src/Sim_Vids/Moon3/moonjumping(1)/moonjumping/clip_99.mp4,5
src/Sim_Vids/Moon3/moonjumping(1)/moonjumping/clip_197.mp4,5
src/Sim_Vids/Moon3/moonjumping(1)/moonjumping/clip_106.mp4,5
src/Sim_Vids/Moon3/moonjumping(1)/moonjumping/clip_192.mp4,5
src/Sim_Vids/Moon3/moonjumping(1)/moonjumping/clip_167.mp4,5
src/Sim_Vids/Moon3/moonjumping(1)/moonjumping/clip_182.mp4,5
src/Sim_Vids/Moon3/moonjumping(1)/moonjumping/clip_11.mp4,5
src/Sim_Vids/Moon3/moonjumping(1)/moonjumping/clip_70.mp4,5
src/Sim_Vids/Moon3/moonjumping(1)/moonjumping/clip_10.mp4,5
src/Sim_Vids/Moon3/moonjumping(1)/moonjumping/clip_176.mp4,5
src/Sim_Vids/Moon3/moonjumping(1)/moonjumping/clip_47.mp4,5
src/Sim_Vids/Moon3/moonjumping(1)/moonjumping/clip_4.mp4,5
src/Sim_Vids/Moon3/moonjumping(1)/moonjumping/clip_132.mp4,5
src/Sim_Vids/Moon3/moonjumping(1)/moonjumping/clip_142.mp4,5
src/Sim_Vids/Moon3/moonjumping(1)/moonjumping/clip_201.mp4,5
src/Sim_Vids/Moon3/moonjumping(1)/moonjumping/clip_152.mp4,5
src/Sim_Vids/Moon3/moonjumping(1)/moonjumping/clip_22.mp4,5
src/Sim_Vids/Moon3/moonjumping(1)/moonjumping/clip_85.mp4,5
src/Sim_Vids/Moon3/moonjumping(1)/moonjumping/clip_69.mp4,5
src/Sim_Vids/Moon3/moonjumping(1)/moonjumping/clip_149.mp4,5
src/Sim_Vids/Moon3/moonjumping(1)/moonjumping/clip_194.mp4,5
src/Sim_Vids/Moon3/moonjumping(1)/moonjumping/clip_48.mp4,5
src/Sim_Vids/Moon3/moonjumping(1)/moonjumping/clip_36.mp4,5
src/Sim_Vids/Moon3/moonjumping(1)/moonjumping/clip_125.mp4,5
src/Sim_Vids/Moon3/moonjumping(1)/moonjumping/clip_59.mp4,5
src/Sim_Vids/Moon3/moonjumping(1)/moonjumping/clip_168.mp4,5
src/Sim_Vids/Moon3/moonjumping(1)/moonjumping/clip_79.mp4,5
src/Sim_Vids/Moon3/moonjumping(1)/moonjumping/clip_56.mp4,5
src/Sim_Vids/Moon3/moonjumping(1)/moonjumping/clip_67.mp4,5
src/Sim_Vids/Moon3/moonjumping(1)/moonjumping/clip_165.mp4,5
src/Sim_Vids/Moon3/moonjumping(1)/moonjumping/clip_29.mp4,5
src/Sim_Vids/Moon3/moonjumping(1)/moonjumping/clip_105.mp4,5
src/Sim_Vids/Moon3/moonjumping(1)/moonjumping/clip_129.mp4,5
src/Sim_Vids/Moon3/moonjumping(1)/moonjumping/clip_37.mp4,5
src/Sim_Vids/Moon3/moonjumping(1)/moonjumping/clip_50.mp4,5
src/Sim_Vids/Moon3/moonjumping(1)/moonjumping/clip_138.mp4,5
src/Sim_Vids/Moon3/moonjumping(1)/moonjumping/clip_82.mp4,5
src/Sim_Vids/Moon3/moonjumping(1)/moonjumping/clip_1.mp4,5
src/Sim_Vids/Moon3/moonjumping(1)/moonjumping/clip_80.mp4,5
src/Sim_Vids/Moon3/moonjumping(1)/moonjumping/clip_32.mp4,5
src/Sim_Vids/Moon3/moonjumping(1)/moonjumping/clip_185.mp4,5
src/Sim_Vids/Moon3/moonjumping(1)/moonjumping/clip_97.mp4,5
src/Sim_Vids/Moon3/moonjumping(1)/moonjumping/clip_190.mp4,5
src/Sim_Vids/Moon3/moonjumping(1)/moonjumping/clip_40.mp4,5
src/Sim_Vids/Moon3/moonjumping(1)/moonjumping/clip_60.mp4,5
src/Sim_Vids/Moon3/moonjumping(1)/moonjumping/clip_179.mp4,5
src/Sim_Vids/Moon3/moonjumping(1)/moonjumping/clip_186.mp4,5
src/Sim_Vids/Moon3/moonjumping(1)/moonjumping/clip_15.mp4,5
src/Sim_Vids/Moon3/moonjumping(1)/moonjumping/clip_156.mp4,5
src/Sim_Vids/Moon3/moonjumping(1)/moonjumping/clip_62.mp4,5
src/Sim_Vids/Moon3/moonjumping(1)/moonjumping/clip_34.mp4,5
src/Sim_Vids/Moon3/moonjumping(1)/moonjumping/clip_193.mp4,5
src/Sim_Vids/Moon3/moonjumping(1)/moonjumping/clip_118.mp4,5
src/Sim_Vids/Moon3/moonjumping(1)/moonjumping/clip_122.mp4,5
src/Sim_Vids/Moon3/moonjumping(1)/moonjumping/clip_198.mp4,5
src/Sim_Vids/Moon3/moonjumping(1)/moonjumping/clip_151.mp4,5
src/Sim_Vids/Moon3/moonjumping(1)/moonjumping/clip_143.mp4,5
src/Sim_Vids/Moon3/moonjumping(1)/moonjumping/clip_25.mp4,5
src/Sim_Vids/Moon3/moonjumping(1)/moonjumping/clip_16.mp4,5
src/Sim_Vids/Moon3/moonjumping(1)/moonjumping/clip_43.mp4,5
src/Sim_Vids/Moon3/moonjumping(1)/moonjumping/clip_140.mp4,5
src/Sim_Vids/Moon3/moonjumping(1)/moonjumping/clip_100.mp4,5
src/Sim_Vids/Moon3/moonjumping(1)/moonjumping/clip_188.mp4,5
src/Sim_Vids/Moon3/moonjumping(1)/moonjumping/clip_157.mp4,5
src/Sim_Vids/Moon3/moonjumping(1)/moonjumping/clip_159.mp4,5
src/Sim_Vids/Moon3/moonjumping(1)/moonjumping/clip_30.mp4,5
src/Sim_Vids/Moon3/moonjumping(1)/moonjumping/clip_75.mp4,5
src/Sim_Vids/Moon3/moonjumping(1)/moonjumping/clip_68.mp4,5
src/Sim_Vids/Moon3/moonjumping(1)/moonjumping/clip_130.mp4,5
src/Sim_Vids/Moon3/moonjumping(1)/moonjumping/clip_148.mp4,5
src/Sim_Vids/Moon3/moonjumping(1)/moonjumping/clip_136.mp4,5
src/Sim_Vids/Moon3/moonjumping(1)/moonjumping/clip_133.mp4,5
src/Sim_Vids/Moon3/moonjumping(1)/moonjumping/clip_19.mp4,5
src/Sim_Vids/Moon3/moonjumping(1)/moonjumping/clip_55.mp4,5
src/Sim_Vids/Moon3/moonjumping(1)/moonjumping/clip_115.mp4,5
src/Sim_Vids/Moon3/moonjumping(1)/moonjumping/clip_91.mp4,5
src/Sim_Vids/Moon3/moonjumping(1)/moonjumping/clip_8.mp4,5
src/Sim_Vids/Moon3/moonjumping(1)/moonjumping/clip_93.mp4,5
src/Sim_Vids/Moon3/moonjumping(1)/moonjumping/clip_46.mp4,5
src/Sim_Vids/Moon3/moonjumping(1)/moonjumping/clip_110.mp4,5
src/Sim_Vids/Moon3/moonjumping(1)/moonjumping/clip_114.mp4,5
src/Sim_Vids/Moon3/moonjumping(1)/moonjumping/clip_178.mp4,5
src/Sim_Vids/Moon3/moonjumping(1)/moonjumping/clip_124.mp4,5
src/Sim_Vids/Moon3/moonjumping(1)/moonjumping/clip_39.mp4,5
src/Sim_Vids/Moon3/moonjumping(1)/moonjumping/clip_173.mp4,5
src/Sim_Vids/Moon3/moonjumping(1)/moonjumping/clip_184.mp4,5
src/Sim_Vids/Moon3/moonjumping(1)/moonjumping/clip_120.mp4,5
src/Sim_Vids/Moon3/moonjumping(1)/moonjumping/clip_107.mp4,5
src/Sim_Vids/Moon3/moonjumping(1)/moonjumping/clip_44.mp4,5
src/Sim_Vids/Moon3/moonjumping(1)/moonjumping/clip_61.mp4,5
src/Sim_Vids/Moon3/moonjumping(1)/moonjumping/clip_121.mp4,5
src/Sim_Vids/Moon3/moonjumping(1)/moonjumping/clip_33.mp4,5
src/Sim_Vids/Moon3/moonjumping(1)/moonjumping/clip_117.mp4,5
src/Sim_Vids/Moon3/moonjumping(1)/moonjumping/clip_162.mp4,5
src/Sim_Vids/Moon3/moonjumping(1)/split_videos/clip_68_part1.mp4,5
src/Sim_Vids/Moon3/moonjumping(1)/split_videos/clip_96_part2.mp4,5
src/Sim_Vids/Moon3/moonjumping(1)/split_videos/clip_139_part2.mp4,5
src/Sim_Vids/Moon3/moonjumping(1)/split_videos/clip_56_part1.mp4,5
src/Sim_Vids/Moon3/moonjumping(1)/split_videos/clip_20_part1.mp4,5
src/Sim_Vids/Moon3/moonjumping(1)/split_videos/clip_67_part1.mp4,5
src/Sim_Vids/Moon3/moonjumping(1)/split_videos/clip_102_part2.mp4,5
src/Sim_Vids/Moon3/moonjumping(1)/split_videos/clip_77_part2.mp4,5
src/Sim_Vids/Moon3/moonjumping(1)/split_videos/clip_83_part2.mp4,5
src/Sim_Vids/Moon3/moonjumping(1)/split_videos/clip_97_part1.mp4,5
src/Sim_Vids/Moon3/moonjumping(1)/split_videos/clip_26_part2.mp4,5
src/Sim_Vids/Moon3/moonjumping(1)/split_videos/clip_49_part1.mp4,5
src/Sim_Vids/Moon3/moonjumping(1)/split_videos/clip_109_part2.mp4,5
src/Sim_Vids/Moon3/moonjumping(1)/split_videos/clip_24_part2.mp4,5
src/Sim_Vids/Moon3/moonjumping(1)/split_videos/clip_6_part1.mp4,5
src/Sim_Vids/Moon3/moonjumping(1)/split_videos/clip_56_part2.mp4,5
src/Sim_Vids/Moon3/moonjumping(1)/split_videos/clip_78_part2.mp4,5
src/Sim_Vids/Moon3/moonjumping(1)/split_videos/clip_91_part1.mp4,5
src/Sim_Vids/Moon3/moonjumping(1)/split_videos/clip_18_part1.mp4,5
src/Sim_Vids/Moon3/moonjumping(1)/split_videos/clip_35_part1.mp4,5
src/Sim_Vids/Moon3/moonjumping(1)/split_videos/clip_103_part2.mp4,5
src/Sim_Vids/Moon3/moonjumping(1)/split_videos/clip_128_part2.mp4,5
src/Sim_Vids/Moon3/moonjumping(1)/split_videos/clip_34_part2.mp4,5
src/Sim_Vids/Moon3/moonjumping(1)/split_videos/clip_106_part2.mp4,5
src/Sim_Vids/Moon3/moonjumping(1)/split_videos/clip_116_part2.mp4,5
src/Sim_Vids/Moon3/moonjumping(1)/split_videos/clip_10_part1.mp4,5
src/Sim_Vids/Moon3/moonjumping(1)/split_videos/clip_134_part1.mp4,5
src/Sim_Vids/Moon3/moonjumping(1)/split_videos/clip_53_part1.mp4,5
src/Sim_Vids/Moon3/moonjumping(1)/split_videos/clip_77_part1.mp4,5
src/Sim_Vids/Moon3/moonjumping(1)/split_videos/clip_120_part2.mp4,5
src/Sim_Vids/Moon3/moonjumping(1)/split_videos/clip_10_part2.mp4,5
src/Sim_Vids/Moon3/moonjumping(1)/split_videos/clip_95_part2.mp4,5
src/Sim_Vids/Moon3/moonjumping(1)/split_videos/clip_1_part1.mp4,5
src/Sim_Vids/Moon3/moonjumping(1)/split_videos/clip_29_part2.mp4,5
src/Sim_Vids/Moon3/moonjumping(1)/split_videos/clip_35_part2.mp4,5
src/Sim_Vids/Moon3/moonjumping(1)/split_videos/clip_16_part1.mp4,5
src/Sim_Vids/Moon3/moonjumping(1)/split_videos/clip_50_part2.mp4,5
src/Sim_Vids/Moon3/moonjumping(1)/split_videos/clip_37_part1.mp4,5
src/Sim_Vids/Moon3/moonjumping(1)/split_videos/clip_91_part2.mp4,5
src/Sim_Vids/Moon3/moonjumping(1)/split_videos/clip_43_part1.mp4,5
src/Sim_Vids/Moon3/moonjumping(1)/split_videos/clip_9_part2.mp4,5
src/Sim_Vids/Moon3/moonjumping(1)/split_videos/clip_97_part2.mp4,5
src/Sim_Vids/Moon3/moonjumping(1)/split_videos/clip_124_part2.mp4,5
src/Sim_Vids/Moon3/moonjumping(1)/split_videos/clip_62_part1.mp4,5
src/Sim_Vids/Moon3/moonjumping(1)/split_videos/clip_75_part1.mp4,5
src/Sim_Vids/Moon3/moonjumping(1)/split_videos/clip_67_part2.mp4,5
src/Sim_Vids/Moon3/moonjumping(1)/split_videos/clip_52_part1.mp4,5
src/Sim_Vids/Moon3/moonjumping(1)/split_videos/clip_136_part1.mp4,5
src/Sim_Vids/Moon3/moonjumping(1)/split_videos/clip_140_part2.mp4,5
src/Sim_Vids/Moon3/moonjumping(1)/split_videos/clip_49_part2.mp4,5
src/Sim_Vids/Moon3/moonjumping(1)/split_videos/clip_7_part2.mp4,5
src/Sim_Vids/Moon3/moonjumping(1)/split_videos/clip_63_part1.mp4,5
src/Sim_Vids/Moon3/moonjumping(1)/split_videos/clip_74_part2.mp4,5
src/Sim_Vids/Moon3/moonjumping(1)/split_videos/clip_3_part1.mp4,5
src/Sim_Vids/Moon3/moonjumping(1)/split_videos/clip_25_part1.mp4,5
src/Sim_Vids/Moon3/moonjumping(1)/split_videos/clip_119_part2.mp4,5
src/Sim_Vids/Moon3/moonjumping(1)/split_videos/clip_47_part1.mp4,5
src/Sim_Vids/Moon3/moonjumping(1)/split_videos/clip_42_part2.mp4,5
src/Sim_Vids/Moon3/moonjumping(1)/split_videos/clip_59_part2.mp4,5
src/Sim_Vids/Moon3/moonjumping(1)/split_videos/clip_65_part1.mp4,5
src/Sim_Vids/Moon3/moonjumping(1)/split_videos/clip_72_part2.mp4,5
src/Sim_Vids/Moon3/moonjumping(1)/split_videos/clip_44_part2.mp4,5
src/Sim_Vids/Moon3/moonjumping(1)/split_videos/clip_28_part1.mp4,5
src/Sim_Vids/Moon3/moonjumping(1)/split_videos/clip_7_part1.mp4,5
src/Sim_Vids/Moon3/moonjumping(1)/split_videos/clip_94_part1.mp4,5
src/Sim_Vids/Moon3/moonjumping(1)/split_videos/clip_74_part1.mp4,5
src/Sim_Vids/Moon3/moonjumping(1)/split_videos/clip_78_part1.mp4,5
src/Sim_Vids/Moon3/moonjumping(1)/split_videos/clip_73_part1.mp4,5
src/Sim_Vids/Moon3/moonjumping(1)/split_videos/clip_131_part1.mp4,5
src/Sim_Vids/Moon3/moonjumping(1)/split_videos/clip_141_part1.mp4,5
src/Sim_Vids/Moon3/moonjumping(1)/split_videos/clip_73_part2.mp4,5
src/Sim_Vids/Moon3/moonjumping(1)/split_videos/clip_51_part2.mp4,5
src/Sim_Vids/Moon3/moonjumping(1)/split_videos/clip_27_part1.mp4,5
src/Sim_Vids/Moon3/moonjumping(1)/split_videos/clip_141_part2.mp4,5
src/Sim_Vids/Moon3/moonjumping(1)/split_videos/clip_111_part1.mp4,5
src/Sim_Vids/Moon3/moonjumping(1)/split_videos/clip_13_part2.mp4,5
src/Sim_Vids/Moon3/moonjumping(1)/split_videos/clip_110_part1.mp4,5
src/Sim_Vids/Moon3/moonjumping(1)/split_videos/clip_119_part1.mp4,5
src/Sim_Vids/Moon3/moonjumping(1)/split_videos/clip_15_part2.mp4,5
src/Sim_Vids/Moon3/moonjumping(1)/split_videos/clip_70_part2.mp4,5
src/Sim_Vids/Moon3/moonjumping(1)/split_videos/clip_107_part2.mp4,5
src/Sim_Vids/Moon3/moonjumping(1)/split_videos/clip_14_part2.mp4,5
src/Sim_Vids/Moon3/moonjumping(1)/split_videos/clip_57_part2.mp4,5
src/Sim_Vids/Moon3/moonjumping(1)/split_videos/clip_121_part1.mp4,5
src/Sim_Vids/Moon3/moonjumping(1)/split_videos/clip_98_part1.mp4,5
src/Sim_Vids/Moon3/moonjumping(1)/split_videos/clip_12_part2.mp4,5
src/Sim_Vids/Moon3/moonjumping(1)/split_videos/clip_95_part1.mp4,5
src/Sim_Vids/Moon3/moonjumping(1)/split_videos/clip_28_part2.mp4,5
src/Sim_Vids/Moon3/moonjumping(1)/split_videos/clip_125_part2.mp4,5
src/Sim_Vids/Moon3/moonjumping(1)/split_videos/clip_101_part2.mp4,5
src/Sim_Vids/Moon3/moonjumping(1)/split_videos/clip_16_part2.mp4,5
src/Sim_Vids/Moon3/moonjumping(1)/split_videos/clip_132_part2.mp4,5
src/Sim_Vids/Moon3/moonjumping(1)/split_videos/clip_108_part2.mp4,5
src/Sim_Vids/Moon3/moonjumping(1)/split_videos/clip_134_part2.mp4,5
src/Sim_Vids/Moon3/moonjumping(1)/split_videos/clip_19_part1.mp4,5
src/Sim_Vids/Moon3/moonjumping(1)/split_videos/clip_106_part1.mp4,5
src/Sim_Vids/Moon3/moonjumping(1)/split_videos/clip_4_part2.mp4,5
src/Sim_Vids/Moon3/moonjumping(1)/split_videos/clip_23_part1.mp4,5
src/Sim_Vids/Moon3/moonjumping(1)/split_videos/clip_8_part2.mp4,5
src/Sim_Vids/Moon3/moonjumping(1)/split_videos/clip_20_part2.mp4,5
src/Sim_Vids/Moon3/moonjumping(1)/split_videos/clip_121_part2.mp4,5
src/Sim_Vids/Moon3/moonjumping(1)/split_videos/clip_94_part2.mp4,5
src/Sim_Vids/Moon3/moonjumping(1)/split_videos/clip_133_part1.mp4,5
src/Sim_Vids/Moon3/moonjumping(1)/split_videos/clip_46_part1.mp4,5
src/Sim_Vids/Moon3/moonjumping(1)/split_videos/clip_72_part1.mp4,5
src/Sim_Vids/Moon3/moonjumping(1)/split_videos/clip_129_part2.mp4,5
src/Sim_Vids/Moon3/moonjumping(1)/split_videos/clip_59_part1.mp4,5
src/Sim_Vids/Moon3/moonjumping(1)/split_videos/clip_103_part1.mp4,5
src/Sim_Vids/Moon3/moonjumping(1)/split_videos/clip_96_part1.mp4,5
src/Sim_Vids/Moon3/moonjumping(1)/split_videos/clip_138_part2.mp4,5
src/Sim_Vids/Moon3/moonjumping(1)/split_videos/clip_6_part2.mp4,5
src/Sim_Vids/Moon3/moonjumping(1)/split_videos/clip_45_part2.mp4,5
src/Sim_Vids/Moon3/moonjumping(1)/split_videos/clip_135_part1.mp4,5
src/Sim_Vids/Moon3/moonjumping(1)/split_videos/clip_41_part1.mp4,5
src/Sim_Vids/Moon3/moonjumping(1)/split_videos/clip_53_part2.mp4,5
src/Sim_Vids/Moon3/moonjumping(1)/split_videos/clip_38_part2.mp4,5
src/Sim_Vids/Moon3/moonjumping(1)/split_videos/clip_51_part1.mp4,5
src/Sim_Vids/Moon3/moonjumping(1)/split_videos/clip_61_part1.mp4,5
src/Sim_Vids/Moon3/moonjumping(1)/split_videos/clip_71_part1.mp4,5
src/Sim_Vids/Moon3/moonjumping(1)/split_videos/clip_128_part1.mp4,5
src/Sim_Vids/Moon3/moonjumping(1)/split_videos/clip_33_part2.mp4,5
src/Sim_Vids/Moon3/moonjumping(1)/split_videos/clip_9_part1.mp4,5
src/Sim_Vids/Moon3/moonjumping(1)/split_videos/clip_114_part1.mp4,5
src/Sim_Vids/Moon3/moonjumping(1)/split_videos/clip_102_part1.mp4,5
src/Sim_Vids/Moon3/moonjumping(1)/split_videos/clip_108_part1.mp4,5
src/Sim_Vids/Moon3/moonjumping(1)/split_videos/clip_101_part1.mp4,5
src/Sim_Vids/Moon3/moonjumping(1)/split_videos/clip_99_part1.mp4,5
src/Sim_Vids/Moon3/moonjumping(1)/split_videos/clip_1_part2.mp4,5
src/Sim_Vids/Moon3/moonjumping(1)/split_videos/clip_117_part1.mp4,5
src/Sim_Vids/Moon3/moonjumping(1)/split_videos/clip_11_part1.mp4,5
src/Sim_Vids/Moon3/moonjumping(1)/split_videos/clip_126_part1.mp4,5
src/Sim_Vids/Moon3/moonjumping(1)/split_videos/clip_40_part1.mp4,5
src/Sim_Vids/Moon3/moonjumping(1)/split_videos/clip_135_part2.mp4,5
src/Sim_Vids/Moon3/moonjumping(1)/split_videos/clip_83_part1.mp4,5
src/Sim_Vids/Moon3/moonjumping(1)/split_videos/clip_42_part1.mp4,5
src/Sim_Vids/Moon3/moonjumping(1)/split_videos/clip_54_part1.mp4,5
src/Sim_Vids/Moon3/moonjumping(1)/split_videos/clip_48_part1.mp4,5
src/Sim_Vids/Moon3/moonjumping(1)/split_videos/clip_127_part1.mp4,5
src/Sim_Vids/Moon3/moonjumping(1)/split_videos/clip_21_part1.mp4,5
src/Sim_Vids/Moon3/moonjumping(1)/split_videos/clip_86_part2.mp4,5
src/Sim_Vids/Moon3/moonjumping(1)/split_videos/clip_2_part2.mp4,5
src/Sim_Vids/Moon3/moonjumping(1)/split_videos/clip_34_part1.mp4,5
src/Sim_Vids/Moon3/moonjumping(1)/split_videos/clip_114_part2.mp4,5
src/Sim_Vids/Moon3/moonjumping(1)/split_videos/clip_138_part1.mp4,5
src/Sim_Vids/Moon3/moonjumping(1)/split_videos/clip_130_part1.mp4,5
src/Sim_Vids/Moon3/moonjumping(1)/split_videos/clip_126_part2.mp4,5
src/Sim_Vids/Moon3/moonjumping(1)/split_videos/clip_129_part1.mp4,5
src/Sim_Vids/Moon3/moonjumping(1)/split_videos/clip_13_part1.mp4,5
src/Sim_Vids/Moon3/moonjumping(1)/split_videos/clip_84_part1.mp4,5
src/Sim_Vids/Moon3/moonjumping(1)/split_videos/clip_100_part2.mp4,5
src/Sim_Vids/Moon3/moonjumping(1)/split_videos/clip_26_part1.mp4,5
src/Sim_Vids/Moon3/moonjumping(1)/split_videos/clip_55_part2.mp4,5
src/Sim_Vids/Moon3/moonjumping(1)/split_videos/clip_92_part2.mp4,5
src/Sim_Vids/Moon3/moonjumping(1)/split_videos/clip_112_part1.mp4,5
src/Sim_Vids/Moon3/moonjumping(1)/split_videos/clip_120_part1.mp4,5
src/Sim_Vids/Moon3/moonjumping(1)/split_videos/clip_118_part1.mp4,5
src/Sim_Vids/Moon3/moonjumping(1)/split_videos/clip_60_part1.mp4,5
src/Sim_Vids/Moon3/moonjumping(1)/split_videos/clip_98_part2.mp4,5
src/Sim_Vids/Moon3/moonjumping(1)/split_videos/clip_70_part1.mp4,5
src/Sim_Vids/Moon3/moonjumping(1)/split_videos/clip_87_part1.mp4,5
src/Sim_Vids/Moon3/moonjumping(1)/split_videos/clip_124_part1.mp4,5
src/Sim_Vids/Moon3/moonjumping(1)/split_videos/clip_139_part1.mp4,5
src/Sim_Vids/Moon3/moonjumping(1)/split_videos/clip_109_part1.mp4,5
src/Sim_Vids/Moon3/moonjumping(1)/split_videos/clip_122_part2.mp4,5
src/Sim_Vids/Moon3/moonjumping(1)/split_videos/clip_32_part1.mp4,5
src/Sim_Vids/Moon3/moonjumping(1)/split_videos/clip_93_part2.mp4,5
src/Sim_Vids/Moon3/moonjumping(1)/split_videos/clip_107_part1.mp4,5
src/Sim_Vids/Moon3/moonjumping(1)/split_videos/clip_39_part2.mp4,5
src/Sim_Vids/Moon3/moonjumping(1)/split_videos/clip_52_part2.mp4,5
src/Sim_Vids/Moon3/moonjumping(1)/split_videos/clip_61_part2.mp4,5
src/Sim_Vids/Moon3/moonjumping(1)/split_videos/clip_5_part1.mp4,5
src/Sim_Vids/Moon3/moonjumping(1)/split_videos/clip_137_part1.mp4,5
src/Sim_Vids/Moon3/moonjumping(1)/split_videos/clip_136_part2.mp4,5
src/Sim_Vids/Moon3/moonjumping(1)/split_videos/clip_133_part2.mp4,5
src/Sim_Vids/Moon3/moonjumping(1)/split_videos/clip_84_part2.mp4,5
src/Sim_Vids/Moon3/moonjumping(1)/split_videos/clip_29_part1.mp4,5
src/Sim_Vids/Moon3/moonjumping(1)/split_videos/clip_88_part2.mp4,5
src/Sim_Vids/Moon3/moonjumping(1)/split_videos/clip_93_part1.mp4,5
src/Sim_Vids/Moon3/moonjumping(1)/split_videos/clip_82_part2.mp4,5
src/Sim_Vids/Moon3/moonjumping(1)/split_videos/clip_64_part2.mp4,5
src/Sim_Vids/Moon3/moonjumping(1)/split_videos/clip_85_part2.mp4,5
src/Sim_Vids/Moon3/moonjumping(1)/split_videos/clip_5_part2.mp4,5
src/Sim_Vids/Moon3/moonjumping(1)/split_videos/clip_110_part2.mp4,5
src/Sim_Vids/Moon3/moonjumping(1)/split_videos/clip_41_part2.mp4,5
src/Sim_Vids/Moon3/moonjumping(1)/split_videos/clip_69_part2.mp4,5
src/Sim_Vids/Moon3/moonjumping(1)/split_videos/clip_76_part2.mp4,5
src/Sim_Vids/Moon3/moonjumping(1)/split_videos/clip_79_part1.mp4,5
src/Sim_Vids/Moon3/moonjumping(1)/split_videos/clip_118_part2.mp4,5
src/Sim_Vids/Moon3/moonjumping(1)/split_videos/clip_27_part2.mp4,5
src/Sim_Vids/Moon3/moonjumping(1)/split_videos/clip_40_part2.mp4,5
src/Sim_Vids/Moon3/moonjumping(1)/split_videos/clip_87_part2.mp4,5
src/Sim_Vids/Moon3/moonjumping(1)/split_videos/clip_105_part1.mp4,5
src/Sim_Vids/Moon3/moonjumping(1)/split_videos/clip_123_part2.mp4,5
src/Sim_Vids/Moon3/moonjumping(1)/split_videos/clip_3_part2.mp4,5
src/Sim_Vids/Moon3/moonjumping(1)/split_videos/clip_11_part2.mp4,5
src/Sim_Vids/Moon3/moonjumping(1)/split_videos/clip_38_part1.mp4,5
src/Sim_Vids/Moon3/moonjumping(1)/split_videos/clip_33_part1.mp4,5
src/Sim_Vids/Moon3/moonjumping(1)/split_videos/clip_19_part2.mp4,5
src/Sim_Vids/Moon3/moonjumping(1)/split_videos/clip_44_part1.mp4,5
src/Sim_Vids/Moon3/moonjumping(1)/split_videos/clip_81_part2.mp4,5
src/Sim_Vids/Moon3/moonjumping(1)/split_videos/clip_46_part2.mp4,5
src/Sim_Vids/Moon3/moonjumping(1)/split_videos/clip_86_part1.mp4,5
src/Sim_Vids/Moon3/moonjumping(1)/split_videos/clip_99_part2.mp4,5
src/Sim_Vids/Moon3/moonjumping(1)/split_videos/clip_125_part1.mp4,5
src/Sim_Vids/Moon3/moonjumping(1)/split_videos/clip_88_part1.mp4,5
src/Sim_Vids/Moon3/moonjumping(1)/split_videos/clip_76_part1.mp4,5
src/Sim_Vids/Moon3/moonjumping(1)/split_videos/clip_79_part2.mp4,5
src/Sim_Vids/Moon3/moonjumping(1)/split_videos/clip_30_part2.mp4,5
src/Sim_Vids/Moon3/moonjumping(1)/split_videos/clip_12_part1.mp4,5
src/Sim_Vids/Moon3/moonjumping(1)/split_videos/clip_111_part2.mp4,5
src/Sim_Vids/Moon3/moonjumping(1)/split_videos/clip_18_part2.mp4,5
src/Sim_Vids/Moon3/moonjumping(1)/split_videos/clip_66_part1.mp4,5
src/Sim_Vids/Moon3/moonjumping(1)/split_videos/clip_31_part2.mp4,5
src/Sim_Vids/Moon3/moonjumping(1)/split_videos/clip_43_part2.mp4,5
src/Sim_Vids/Moon3/moonjumping(1)/split_videos/clip_47_part2.mp4,5
src/Sim_Vids/Moon3/moonjumping(1)/split_videos/clip_55_part1.mp4,5
src/Sim_Vids/Moon3/moonjumping(1)/split_videos/clip_30_part1.mp4,5
src/Sim_Vids/Moon3/moonjumping(1)/split_videos/clip_80_part2.mp4,5
src/Sim_Vids/Moon3/moonjumping(1)/split_videos/clip_115_part1.mp4,5
src/Sim_Vids/Moon3/moonjumping(1)/split_videos/clip_116_part1.mp4,5
src/Sim_Vids/Moon3/moonjumping(1)/split_videos/clip_48_part2.mp4,5
src/Sim_Vids/Moon3/moonjumping(1)/split_videos/clip_14_part1.mp4,5
src/Sim_Vids/Moon3/moonjumping(1)/split_videos/clip_112_part2.mp4,5
src/Sim_Vids/Moon3/moonjumping(1)/split_videos/clip_32_part2.mp4,5
src/Sim_Vids/Moon3/moonjumping(1)/split_videos/clip_23_part2.mp4,5
src/Sim_Vids/Moon3/moonjumping(1)/split_videos/clip_117_part2.mp4,5
src/Sim_Vids/Moon3/moonjumping(1)/split_videos/clip_113_part2.mp4,5
src/Sim_Vids/Moon3/moonjumping(1)/split_videos/clip_81_part1.mp4,5
src/Sim_Vids/Moon3/moonjumping(1)/split_videos/clip_132_part1.mp4,5
src/Sim_Vids/Moon3/moonjumping(1)/split_videos/clip_104_part1.mp4,5
src/Sim_Vids/Moon3/moonjumping(1)/split_videos/clip_89_part1.mp4,5
src/Sim_Vids/Moon3/moonjumping(1)/split_videos/clip_37_part2.mp4,5
src/Sim_Vids/Moon3/moonjumping(1)/split_videos/clip_113_part1.mp4,5
src/Sim_Vids/Moon3/moonjumping(1)/split_videos/clip_31_part1.mp4,5
src/Sim_Vids/Moon3/moonjumping(1)/split_videos/clip_68_part2.mp4,5
src/Sim_Vids/Moon3/moonjumping(1)/split_videos/clip_2_part1.mp4,5
src/Sim_Vids/Moon3/moonjumping(1)/split_videos/clip_50_part1.mp4,5
src/Sim_Vids/Moon3/moonjumping(1)/split_videos/clip_71_part2.mp4,5
src/Sim_Vids/Moon3/moonjumping(1)/split_videos/clip_89_part2.mp4,5
src/Sim_Vids/Moon3/moonjumping(1)/split_videos/clip_64_part1.mp4,5
src/Sim_Vids/Moon3/moonjumping(1)/split_videos/clip_39_part1.mp4,5
src/Sim_Vids/Moon3/moonjumping(1)/split_videos/clip_25_part2.mp4,5
src/Sim_Vids/Moon3/moonjumping(1)/split_videos/clip_54_part2.mp4,5
src/Sim_Vids/Moon3/moonjumping(1)/split_videos/clip_58_part1.mp4,5
src/Sim_Vids/Moon3/moonjumping(1)/split_videos/clip_140_part1.mp4,5
src/Sim_Vids/Moon3/moonjumping(1)/split_videos/clip_66_part2.mp4,5
src/Sim_Vids/Moon3/moonjumping(1)/split_videos/clip_36_part1.mp4,5
src/Sim_Vids/Moon3/moonjumping(1)/split_videos/clip_57_part1.mp4,5
src/Sim_Vids/Moon3/moonjumping(1)/split_videos/clip_22_part2.mp4,5
src/Sim_Vids/Moon3/moonjumping(1)/split_videos/clip_58_part2.mp4,5
src/Sim_Vids/Moon3/moonjumping(1)/split_videos/clip_131_part2.mp4,5
src/Sim_Vids/Moon3/moonjumping(1)/split_videos/clip_90_part1.mp4,5
src/Sim_Vids/Moon3/moonjumping(1)/split_videos/clip_21_part2.mp4,5
src/Sim_Vids/Moon3/moonjumping(1)/split_videos/clip_17_part2.mp4,5
src/Sim_Vids/Moon3/moonjumping(1)/split_videos/clip_130_part2.mp4,5
src/Sim_Vids/Moon3/moonjumping(1)/split_videos/clip_8_part1.mp4,5
src/Sim_Vids/Moon3/moonjumping(1)/split_videos/clip_69_part1.mp4,5
src/Sim_Vids/Moon3/moonjumping(1)/split_videos/clip_22_part1.mp4,5
src/Sim_Vids/Moon3/moonjumping(1)/split_videos/clip_92_part1.mp4,5
src/Sim_Vids/Moon3/moonjumping(1)/split_videos/clip_82_part1.mp4,5
src/Sim_Vids/Moon3/moonjumping(1)/split_videos/clip_80_part1.mp4,5
src/Sim_Vids/Moon3/moonjumping(1)/split_videos/clip_127_part2.mp4,5
src/Sim_Vids/Moon3/moonjumping(1)/split_videos/clip_122_part1.mp4,5
src/Sim_Vids/Moon3/moonjumping(1)/split_videos/clip_17_part1.mp4,5
src/Sim_Vids/Moon3/moonjumping(1)/split_videos/clip_123_part1.mp4,5
src/Sim_Vids/Moon3/moonjumping(1)/split_videos/clip_63_part2.mp4,5
src/Sim_Vids/Moon3/moonjumping(1)/split_videos/clip_15_part1.mp4,5
src/Sim_Vids/Moon3/moonjumping(1)/split_videos/clip_45_part1.mp4,5
src/Sim_Vids/Moon3/moonjumping(1)/split_videos/clip_100_part1.mp4,5
src/Sim_Vids/Moon3/moonjumping(1)/split_videos/clip_4_part1.mp4,5
src/Sim_Vids/Moon3/moonjumping(1)/split_videos/clip_36_part2.mp4,5
src/Sim_Vids/Moon3/moonjumping(1)/split_videos/clip_24_part1.mp4,5
src/Sim_Vids/Moon3/moonjumping(1)/split_videos/clip_65_part2.mp4,5
src/Sim_Vids/Moon3/moonjumping(1)/split_videos/clip_90_part2.mp4,5
src/Sim_Vids/Moon3/moonjumping(1)/split_videos/clip_85_part1.mp4,5
src/Sim_Vids/Moon3/moonjumping(1)/split_videos/clip_137_part2.mp4,5
src/Sim_Vids/Moon3/moonjumping(1)/split_videos/clip_75_part2.mp4,5
src/Sim_Vids/Moon3/moonjumping(1)/split_videos/clip_105_part2.mp4,5
src/Sim_Vids/Moon3/moonjumping(1)/split_videos/clip_104_part2.mp4,5
src/Sim_Vids/Moon3/moonjumping(1)/split_videos/clip_62_part2.mp4,5
src/Sim_Vids/Moon3/moonjumping(1)/split_videos/clip_115_part2.mp4,5
src/Sim_Vids/Moon3/moonjumping(1)/split_videos/clip_60_part2.mp4,5
src/Sim_Vids/Trial_Walk/Forward-20_part_6.mp4,3
src/Sim_Vids/Trial_Walk/Forward-53_part_3.mp4,3
src/Sim_Vids/Trial_Walk/Walk_Left-86_part_1.mp4,3
src/Sim_Vids/Trial_Walk/Walk_Right-44_part_4.mp4,3
src/Sim_Vids/Trial_Walk/Forward-54_part_5.mp4,3
src/Sim_Vids/Trial_Walk/Walk_Right-58_part_1.mp4,3
src/Sim_Vids/Trial_Walk/Walk_Left-57_part_1.mp4,3
src/Sim_Vids/Trial_Walk/Forward-50_part_10.mp4,3
src/Sim_Vids/Trial_Walk/Forward-37_part_6.mp4,3
src/Sim_Vids/Trial_Walk/Walk_Right-13_part_1.mp4,3
src/Sim_Vids/Trial_Walk/Forward-46_part_2.mp4,3
src/Sim_Vids/Trial_Walk/Forward-58_part_2.mp4,3
src/Sim_Vids/Trial_Walk/Walk_Left-59_part_2.mp4,3
src/Sim_Vids/Trial_Walk/Forward-44_part_3.mp4,3
src/Sim_Vids/Trial_Walk/Walk_Left-88_part_2.mp4,3
src/Sim_Vids/Trial_Walk/Walk_Right-15_part_2.mp4,3
src/Sim_Vids/Trial_Walk/Forward-5_part_4.mp4,3
src/Sim_Vids/Trial_Walk/Walk_Right-39_part_1.mp4,3
src/Sim_Vids/Trial_Walk/clip_0008_part_4.mp4,3
src/Sim_Vids/Trial_Walk/Walk_Left-57_part_2.mp4,3
src/Sim_Vids/Trial_Walk/Walk_Left-105_part_1.mp4,3
src/Sim_Vids/Trial_Walk/Forward-44_part_5.mp4,3
src/Sim_Vids/Trial_Walk/Forward-49_part_9.mp4,3
src/Sim_Vids/Trial_Walk/Walk_Right-7_part_2.mp4,3
src/Sim_Vids/Trial_Walk/Walk_Left-101_part_1.mp4,3
src/Sim_Vids/Trial_Walk/Forward-2_part_6.mp4,3
src/Sim_Vids/Trial_Walk/Walk_Left-49_part_2.mp4,3
src/Sim_Vids/Trial_Walk/Forward-36_part_4.mp4,3
src/Sim_Vids/Trial_Walk/Walk_Left-3_part_2.mp4,3
src/Sim_Vids/Trial_Walk/Forward-36_part_6.mp4,3
src/Sim_Vids/Trial_Walk/Walk_Right-25_part_3.mp4,3
src/Sim_Vids/Trial_Walk/clip_0009_part_3.mp4,3
src/Sim_Vids/Trial_Walk/Walk_Left-85_part_2.mp4,3
src/Sim_Vids/Trial_Walk/clip_0009_part_5.mp4,3
src/Sim_Vids/Trial_Walk/Walk_Left-45_part_3.mp4,3
src/Sim_Vids/Trial_Walk/Walk_Right-22_part_6.mp4,3
src/Sim_Vids/Trial_Walk/Forward-1_part_1.mp4,3
src/Sim_Vids/Trial_Walk/Forward-10_part_3.mp4,3
src/Sim_Vids/Trial_Walk/Walk_Right-26_part_1.mp4,3
src/Sim_Vids/Trial_Walk/Forward-26_part_1.mp4,3
src/Sim_Vids/Trial_Walk/Walk_Right-51_part_1.mp4,3
src/Sim_Vids/Trial_Walk/Walk_Left-79_part_1.mp4,3
src/Sim_Vids/Trial_Walk/Walk_Left-112_part_1.mp4,3
src/Sim_Vids/Trial_Walk/Walk_Left-37_part_1.mp4,3
src/Sim_Vids/Trial_Walk/Forward-2_part_7.mp4,3
src/Sim_Vids/Trial_Walk/Walk_Right-62_part_4.mp4,3
src/Sim_Vids/Trial_Walk/Walk_Left-30_part_3.mp4,3
src/Sim_Vids/Trial_Walk/Walk_Left-104_part_1.mp4,3
src/Sim_Vids/Trial_Walk/Forward-54_part_6.mp4,3
src/Sim_Vids/Trial_Walk/Forward-49_part_1.mp4,3
src/Sim_Vids/Trial_Walk/Forward-54_part_4.mp4,3
src/Sim_Vids/Trial_Walk/Forward-5_part_5.mp4,3
src/Sim_Vids/Trial_Walk/clip_0004_part_1.mp4,3
src/Sim_Vids/Trial_Walk/Walk_Right-32_part_3.mp4,3
src/Sim_Vids/Trial_Walk/Walk_Left-43_part_2.mp4,3
src/Sim_Vids/Trial_Walk/Forward-26_part_2.mp4,3
src/Sim_Vids/Trial_Walk/Walk_Left-72_part_1.mp4,3
src/Sim_Vids/Trial_Walk/Walk_Left-46_part_2.mp4,3
src/Sim_Vids/Trial_Walk/clip_0013_part_1.mp4,3
src/Sim_Vids/Trial_Walk/Forward-42_part_3.mp4,3
src/Sim_Vids/Trial_Walk/Walk_Left-111_part_1.mp4,3
src/Sim_Vids/Trial_Walk/Forward-57_part_7.mp4,3
src/Sim_Vids/Trial_Walk/Forward-48_part_13.mp4,3
src/Sim_Vids/Trial_Walk/Walk_Left-29_part_3.mp4,3
src/Sim_Vids/Trial_Walk/Forward-22_part_7.mp4,3
src/Sim_Vids/Trial_Walk/Walk_Left-96_part_2.mp4,3
src/Sim_Vids/Trial_Walk/Walk_Left-10_part_1.mp4,3
src/Sim_Vids/Trial_Walk/Forward-57_part_8.mp4,3
src/Sim_Vids/Trial_Walk/clip_0017_part_2.mp4,3
src/Sim_Vids/Trial_Walk/Forward-21_part_5.mp4,3
src/Sim_Vids/Trial_Walk/Forward-14_part_3.mp4,3
src/Sim_Vids/Trial_Walk/Walk_Left-107_part_3.mp4,3
src/Sim_Vids/Trial_Walk/Forward-33_part_2.mp4,3
src/Sim_Vids/Trial_Walk/Walk_Left-2_part_2.mp4,3
src/Sim_Vids/Trial_Walk/Walk_Right-48_part_1.mp4,3
src/Sim_Vids/Trial_Walk/Walk_Left-101_part_2.mp4,3
src/Sim_Vids/Trial_Walk/Walk_Left-67_part_2.mp4,3
src/Sim_Vids/Trial_Walk/Walk_Right-3_part_2.mp4,3
src/Sim_Vids/Trial_Walk/Walk_Right-19_part_2.mp4,3
src/Sim_Vids/Trial_Walk/Walk_Left-35_part_1.mp4,3
src/Sim_Vids/Trial_Walk/Walk_Left-12_part_2.mp4,3
src/Sim_Vids/Trial_Walk/clip_0018_part_3.mp4,3
src/Sim_Vids/Trial_Walk/Walk_Right-62_part_3.mp4,3
src/Sim_Vids/Trial_Walk/Walk_Right-75_part_2.mp4,3
src/Sim_Vids/Trial_Walk/Forward-13_part_6.mp4,3
src/Sim_Vids/Trial_Walk/Towards-7_part_5.mp4,3
src/Sim_Vids/Trial_Walk/clip_0012_part_5.mp4,3
src/Sim_Vids/Trial_Walk/Forward-38_part_3.mp4,3
src/Sim_Vids/Trial_Walk/Forward-2_part_9.mp4,3
src/Sim_Vids/Trial_Walk/Walk_Right-14_part_1.mp4,3
src/Sim_Vids/Trial_Walk/Forward-28_part_7.mp4,3
src/Sim_Vids/Trial_Walk/Walk_Left-40_part_2.mp4,3
src/Sim_Vids/Trial_Walk/Walk_Left-104_part_2.mp4,3
src/Sim_Vids/Trial_Walk/Forward-40_part_7.mp4,3
src/Sim_Vids/Trial_Walk/clip_0005_part_1.mp4,3
src/Sim_Vids/Trial_Walk/Forward-6_part_3.mp4,3
src/Sim_Vids/Trial_Walk/Forward-24_part_6.mp4,3
src/Sim_Vids/Trial_Walk/Walk_Left-55_part_1.mp4,3
src/Sim_Vids/Trial_Walk/Forward-29_part_1.mp4,3
src/Sim_Vids/Trial_Walk/Towards-7_part_1.mp4,3
src/Sim_Vids/Trial_Walk/Walk_Left-101_part_2.mp4,3
src/Sim_Vids/Trial_Walk/Walk_Left-67_part_2.mp4,3
src/Sim_Vids/Trial_Walk/Walk_Right-3_part_2.mp4,3
src/Sim_Vids/Trial_Walk/Walk_Right-19_part_2.mp4,3
src/Sim_Vids/Trial_Walk/Walk_Left-35_part_1.mp4,3
src/Sim_Vids/Trial_Walk/Walk_Left-12_part_2.mp4,3
src/Sim_Vids/Trial_Walk/clip_0018_part_3.mp4,3
src/Sim_Vids/Trial_Walk/Walk_Right-62_part_3.mp4,3
src/Sim_Vids/Trial_Walk/Walk_Right-75_part_2.mp4,3
src/Sim_Vids/Trial_Walk/Forward-13_part_6.mp4,3
src/Sim_Vids/Trial_Walk/Towards-7_part_5.mp4,3
src/Sim_Vids/Trial_Walk/clip_0012_part_5.mp4,3
src/Sim_Vids/Trial_Walk/Forward-38_part_3.mp4,3
src/Sim_Vids/Trial_Walk/Forward-2_part_9.mp4,3
src/Sim_Vids/Trial_Walk/Walk_Right-14_part_1.mp4,3
src/Sim_Vids/Trial_Walk/Forward-28_part_7.mp4,3
src/Sim_Vids/Trial_Walk/Walk_Left-40_part_2.mp4,3
src/Sim_Vids/Trial_Walk/Walk_Left-104_part_2.mp4,3
src/Sim_Vids/Trial_Walk/Forward-40_part_7.mp4,3
src/Sim_Vids/Trial_Walk/clip_0005_part_1.mp4,3
src/Sim_Vids/Trial_Walk/Forward-6_part_3.mp4,3
src/Sim_Vids/Trial_Walk/Forward-24_part_6.mp4,3
src/Sim_Vids/Trial_Walk/Walk_Left-55_part_1.mp4,3
src/Sim_Vids/Trial_Walk/Forward-29_part_1.mp4,3
src/Sim_Vids/Trial_Walk/Towards-7_part_1.mp4,3
src/Sim_Vids/Trial_Walk/Forward-32_part_4.mp4,3
src/Sim_Vids/Trial_Walk/Walk_Left-48_part_3.mp4,3
src/Sim_Vids/Trial_Walk/clip_0020_part_6.mp4,3
src/Sim_Vids/Trial_Walk/Walk_Right-66_part_3.mp4,3
src/Sim_Vids/Trial_Walk/Walk_Left-97_part_2.mp4,3
src/Sim_Vids/Trial_Walk/Forward-2_part_5.mp4,3
src/Sim_Vids/Trial_Walk/Walk_Left-99_part_2.mp4,3
src/Sim_Vids/Trial_Walk/Forward-41_part_2.mp4,3
src/Sim_Vids/Trial_Walk/Walk_Left-74_part_1.mp4,3
src/Sim_Vids/Trial_Walk/Walk_Left-9_part_1.mp4,3
src/Sim_Vids/Trial_Walk/Walk_Left-89_part_1.mp4,3
src/Sim_Vids/Trial_Walk/Walk_Right-31_part_3.mp4,3
src/Sim_Vids/Trial_Walk/Walk_Right-19_part_1.mp4,3
src/Sim_Vids/Trial_Walk/Forward-24_part_1.mp4,3
src/Sim_Vids/Trial_Walk/Forward-48_part_6.mp4,3
src/Sim_Vids/Trial_Walk/Walk_Right-8_part_2.mp4,3
src/Sim_Vids/Trial_Walk/Walk_Right-11_part_1.mp4,3
src/Sim_Vids/Trial_Walk/Forward-9_part_3.mp4,3
src/Sim_Vids/Trial_Walk/Forward-41_part_6.mp4,3
src/Sim_Vids/Trial_Walk/Walk_Left-66_part_2.mp4,3
src/Sim_Vids/Trial_Walk/Forward-1_part_5.mp4,3
src/Sim_Vids/Trial_Walk/Walk_Left-25_part_1.mp4,3
src/Sim_Vids/Trial_Walk/Forward-52_part_2.mp4,3
src/Sim_Vids/Trial_Walk/Walk_Left-21_part_1.mp4,3
src/Sim_Vids/Trial_Walk/Walk_Right-77_part_3.mp4,3
src/Sim_Vids/Trial_Walk/Walk_Right-22_part_2.mp4,3
src/Sim_Vids/Trial_Walk/Forward-30_part_6.mp4,3
src/Sim_Vids/Trial_Walk/Forward-17_part_1.mp4,3
src/Sim_Vids/Trial_Walk/Walk_Left-78_part_2.mp4,3
src/Sim_Vids/Trial_Walk/Walk_Right-53_part_2.mp4,3
src/Sim_Vids/Trial_Walk/Forward-42_part_5.mp4,3
src/Sim_Vids/Trial_Walk/Walk_Left-9_part_3.mp4,3
src/Sim_Vids/Trial_Walk/Walk_Left-90_part_1.mp4,3
src/Sim_Vids/Trial_Walk/Walk_Left-50_part_1.mp4,3
src/Sim_Vids/Trial_Walk/Walk_Right-22_part_1.mp4,3
src/Sim_Vids/Trial_Walk/Walk_Left-8_part_2.mp4,3
src/Sim_Vids/Trial_Walk/Walk_Right-50_part_2.mp4,3
/home/leon-gold/jepa/src/Sim_Vids/Trial_Walk/Forward-20_part_6.mp4,3
/home/leon-gold/jepa/src/Sim_Vids/Trial_Walk/Forward-53_part_3.mp4,3
/home/leon-gold/jepa/src/Sim_Vids/Trial_Walk/Walk_Left-86_part_1.mp4,3
/home/leon-gold/jepa/src/Sim_Vids/Trial_Walk/Walk_Right-44_part_4.mp4,3
/home/leon-gold/jepa/src/Sim_Vids/Trial_Walk/Forward-54_part_5.mp4,3
/home/leon-gold/jepa/src/Sim_Vids/Trial_Walk/Walk_Right-58_part_1.mp4,3
/home/leon-gold/jepa/src/Sim_Vids/Trial_Walk/Walk_Left-57_part_1.mp4,3
/home/leon-gold/jepa/src/Sim_Vids/Trial_Walk/Forward-50_part_10.mp4,3
/home/leon-gold/jepa/src/Sim_Vids/Trial_Walk/Forward-37_part_6.mp4,3
/home/leon-gold/jepa/src/Sim_Vids/Trial_Walk/Walk_Right-13_part_1.mp4,3
/home/leon-gold/jepa/src/Sim_Vids/Trial_Walk/Forward-46_part_2.mp4,3
/home/leon-gold/jepa/src/Sim_Vids/Trial_Walk/Forward-58_part_2.mp4,3
/home/leon-gold/jepa/src/Sim_Vids/Trial_Walk/Walk_Left-59_part_2.mp4,3
/home/leon-gold/jepa/src/Sim_Vids/Trial_Walk/Forward-44_part_3.mp4,3
/home/leon-gold/jepa/src/Sim_Vids/Trial_Walk/Walk_Left-88_part_2.mp4,3
/home/leon-gold/jepa/src/Sim_Vids/Trial_Walk/Walk_Right-15_part_2.mp4,3
/home/leon-gold/jepa/src/Sim_Vids/Trial_Walk/Forward-5_part_4.mp4,3
/home/leon-gold/jepa/src/Sim_Vids/Trial_Walk/Walk_Right-39_part_1.mp4,3
src/Sim_Vids/Astronaut Walking Towards Rover/split_videos/clip_0028.mp4,3
src/Sim_Vids/Astronaut Walking Towards Rover/split_videos/Towards-27_part1.mp4,3
src/Sim_Vids/Astronaut Walking Towards Rover/split_videos/Towards-35_part1.mp4,3
src/Sim_Vids/Astronaut Walking Towards Rover/split_videos/Towards-15_part1.mp4,3
src/Sim_Vids/Astronaut Walking Towards Rover/split_videos/Towards-14_part1.mp4,3
src/Sim_Vids/Astronaut Walking Towards Rover/split_videos/Towards-31_part1.mp4,3
src/Sim_Vids/Astronaut Walking Towards Rover/split_videos/Towards-28_part1.mp4,3
src/Sim_Vids/Astronaut Walking Towards Rover/split_videos/clip_0023_part1.mp4,3
src/Sim_Vids/Astronaut Walking Towards Rover/split_videos/Towards-3_part2.mp4,3
src/Sim_Vids/Astronaut Walking Towards Rover/split_videos/Towards-12_part2.mp4,3
src/Sim_Vids/Astronaut Walking Towards Rover/split_videos/Towards-29_part2.mp4,3
src/Sim_Vids/Astronaut Walking Towards Rover/split_videos/Towards-35_part2.mp4,3
src/Sim_Vids/Astronaut Walking Towards Rover/split_videos/Towards-11_part2.mp4,3
src/Sim_Vids/Astronaut Walking Towards Rover/split_videos/Towards-20_part2.mp4,3
src/Sim_Vids/Astronaut Walking Towards Rover/split_videos/Towards-18_part1.mp4,3
src/Sim_Vids/Astronaut Walking Towards Rover/split_videos/Towards-25_part2.mp4,3
src/Sim_Vids/Astronaut Walking Towards Rover/split_videos/Towards-5_part2.mp4,3
src/Sim_Vids/Astronaut Walking Towards Rover/split_videos/clip_0022_part1.mp4,3
src/Sim_Vids/Astronaut Walking Towards Rover/split_videos/Towards-34_part2.mp4,3
src/Sim_Vids/Astronaut Walking Towards Rover/split_videos/Towards-22_part1.mp4,3
src/Sim_Vids/Astronaut Walking Towards Rover/split_videos/Towards-8_part2.mp4,3
/home/leon-gold/jepa/src/Sim_Vids/Moon3/Clipped/fall/fall-26.mp4,2
/home/leon-gold/jepa/src/Sim_Vids/Moon3/Clipped/fall/fall-66.mp4,2
/home/leon-gold/jepa/src/Sim_Vids/Moon3/Clipped/fall/Fall_2-86.mp4,2
/home/leon-gold/jepa/src/Sim_Vids/Moon3/Clipped/fall/Fall_2-80.mp4,2
/home/leon-gold/jepa/src/Sim_Vids/Moon3/Clipped/fall/Fall_2-52.mp4,2
/home/leon-gold/jepa/src/Sim_Vids/Moon3/Clipped/fall/Fall_2-33.mp4,2
/home/leon-gold/jepa/src/Sim_Vids/Moon3/Clipped/fall/Fall_2-55.mp4,2
/home/leon-gold/jepa/src/Sim_Vids/Moon3/Clipped/fall/fall-56.mp4,2
/home/leon-gold/jepa/src/Sim_Vids/Moon3/Clipped/fall/Fall_2-106.mp4,2
/home/leon-gold/jepa/src/Sim_Vids/Moon3/Clipped/fall/Fall_2-96.mp4,2
/home/leon-gold/jepa/src/Sim_Vids/Moon3/Clipped/fall/Fall_2-58.mp4,2
/home/leon-gold/jepa/src/Sim_Vids/Moon3/Clipped/fall/fall-27.mp4,2
/home/leon-gold/jepa/src/Sim_Vids/Moon3/Clipped/fall/Fall_2-79.mp4,2
/home/leon-gold/jepa/src/Sim_Vids/Moon3/Clipped/fall/fall-59.mp4,2
/home/leon-gold/jepa/src/Sim_Vids/Moon3/Clipped/fall/Fall_2-57.mp4,2
/home/leon-gold/jepa/src/Sim_Vids/Moon3/Clipped/fall/Fall_2-81.mp4,2
/home/leon-gold/jepa/src/Sim_Vids/Moon3/Clipped/fall/fall-2.mp4,2
/home/leon-gold/jepa/src/Sim_Vids/Moon3/Clipped/fall/Fall_2-5.mp4,2
/home/leon-gold/jepa/src/Sim_Vids/Moon3/Clipped/fall/fall-71.mp4,2
/home/leon-gold/jepa/src/Sim_Vids/Moon3/Clipped/fall/fall-46.mp4,2
/home/leon-gold/jepa/src/Sim_Vids/Moon3/Clipped/fall/Fall_2-2.mp4,2
/home/leon-gold/jepa/src/Sim_Vids/Moon3/Clipped/fall/fall-10.mp4,2
/home/leon-gold/jepa/src/Sim_Vids/Moon3/Clipped/fall/fall-18.mp4,2
/home/leon-gold/jepa/src/Sim_Vids/Moon3/Clipped/fall/Fall_2-41.mp4,2
/home/leon-gold/jepa/src/Sim_Vids/Moon3/Clipped/fall/Fall_2-95.mp4,2
/home/leon-gold/jepa/src/Sim_Vids/Moon3/Clipped/fall/Fall_2-47.mp4,2
/home/leon-gold/jepa/src/Sim_Vids/Moon3/Clipped/fall/Fall_2-105.mp4,2
/home/leon-gold/jepa/src/Sim_Vids/Moon3/Clipped/fall/fall-63.mp4,2
/home/leon-gold/jepa/src/Sim_Vids/Moon3/Clipped/fall/Fall_2-16.mp4,2
/home/leon-gold/jepa/src/Sim_Vids/Moon3/Clipped/fall/fall-12.mp4,2
/home/leon-gold/jepa/src/Sim_Vids/Moon3/Clipped/fall/Fall_2-94.mp4,2
/home/leon-gold/jepa/src/Sim_Vids/Moon3/Clipped/fall/Fall_2-69.mp4,2
/home/leon-gold/jepa/src/Sim_Vids/Moon3/Clipped/fall/Fall_2-93.mp4,2
/home/leon-gold/jepa/src/Sim_Vids/Moon3/Clipped/fall/Fall_2-88.mp4,2
/home/leon-gold/jepa/src/Sim_Vids/Moon3/Clipped/fall/Fall_2-9.mp4,2
/home/leon-gold/jepa/src/Sim_Vids/Moon3/Clipped/fall/fall-72.mp4,2
/home/leon-gold/jepa/src/Sim_Vids/Moon3/Clipped/fall/fall-7.mp4,2
/home/leon-gold/jepa/src/Sim_Vids/Moon3/Clipped/fall/fall-50.mp4,2
/home/leon-gold/jepa/src/Sim_Vids/Moon3/Clipped/fall/Fall_2-92.mp4,2
/home/leon-gold/jepa/src/Sim_Vids/Moon3/Clipped/fall/fall-67.mp4,2
/home/leon-gold/jepa/src/Sim_Vids/Moon3/Clipped/fall/Fall_2-68.mp4,2
/home/leon-gold/jepa/src/Sim_Vids/Moon3/Clipped/fall/Fall_2-102.mp4,2
/home/leon-gold/jepa/src/Sim_Vids/Moon3/Clipped/fall/fall-65.mp4,2
/home/leon-gold/jepa/src/Sim_Vids/Moon3/Clipped/fall/fall-24.mp4,2
/home/leon-gold/jepa/src/Sim_Vids/Moon3/Clipped/fall/Fall_2-113.mp4,2
/home/leon-gold/jepa/src/Sim_Vids/Moon3/Clipped/fall/Fall_2-23.mp4,2
/home/leon-gold/jepa/src/Sim_Vids/Moon3/Clipped/fall/Fall_2-104.mp4,2
/home/leon-gold/jepa/src/Sim_Vids/Moon3/Clipped/fall/Fall_2-36.mp4,2
/home/leon-gold/jepa/src/Sim_Vids/Moon3/Clipped/fall/Fall_2-32.mp4,2
/home/leon-gold/jepa/src/Sim_Vids/Moon3/Clipped/fall/Fall_2-73.mp4,2
/home/leon-gold/jepa/src/Sim_Vids/Moon3/Clipped/fall/fall-1.mp4,2
/home/leon-gold/jepa/src/Sim_Vids/Moon3/Clipped/fall/Fall_2-19.mp4,2
/home/leon-gold/jepa/src/Sim_Vids/Moon3/Clipped/fall/fall-33.mp4,2
/home/leon-gold/jepa/src/Sim_Vids/Moon3/Clipped/fall/Fall_2-72.mp4,2
/home/leon-gold/jepa/src/Sim_Vids/Moon3/Clipped/fall/fall-41.mp4,2
/home/leon-gold/jepa/src/Sim_Vids/Moon3/Clipped/fall/fall-29.mp4,2
/home/leon-gold/jepa/src/Sim_Vids/Moon3/Clipped/fall/fall-32.mp4,2
/home/leon-gold/jepa/src/Sim_Vids/Moon3/Clipped/fall/Fall_2-109.mp4,2
/home/leon-gold/jepa/src/Sim_Vids/Moon3/Clipped/fall/Fall_2-54.mp4,2
/home/leon-gold/jepa/src/Sim_Vids/Moon3/Clipped/fall/fall-76.mp4,2
/home/leon-gold/jepa/src/Sim_Vids/Moon3/Clipped/fall/fall-40.mp4,2
/home/leon-gold/jepa/src/Sim_Vids/Moon3/Clipped/fall/Fall_2-97.mp4,2
/home/leon-gold/jepa/src/Sim_Vids/Moon3/Clipped/fall/Fall_2-98.mp4,2
/home/leon-gold/jepa/src/Sim_Vids/Moon3/Clipped/fall/Fall_2-70.mp4,2
/home/leon-gold/jepa/src/Sim_Vids/Moon3/Clipped/fall/Fall_2-110.mp4,2
/home/leon-gold/jepa/src/Sim_Vids/Moon3/Clipped/fall/Fall_2-31.mp4,2
/home/leon-gold/jepa/src/Sim_Vids/Moon3/Clipped/fall/Fall_2-49.mp4,2
/home/leon-gold/jepa/src/Sim_Vids/Moon3/Clipped/fall/fall-5.mp4,2
/home/leon-gold/jepa/src/Sim_Vids/Moon3/Clipped/fall/fall-69.mp4,2
/home/leon-gold/jepa/src/Sim_Vids/Moon3/Clipped/fall/fall-60.mp4,2
/home/leon-gold/jepa/src/Sim_Vids/Moon3/Clipped/fall/Fall_2-66.mp4,2
/home/leon-gold/jepa/src/Sim_Vids/Moon3/Clipped/fall/fall-31.mp4,2
/home/leon-gold/jepa/src/Sim_Vids/Moon3/Clipped/fall/Fall_2-26.mp4,2
/home/leon-gold/jepa/src/Sim_Vids/Moon3/Clipped/fall/Fall_2-27.mp4,2
/home/leon-gold/jepa/src/Sim_Vids/Moon3/Clipped/fall/fall-61.mp4,2
/home/leon-gold/jepa/src/Sim_Vids/Moon3/Clipped/fall/fall-14.mp4,2
/home/leon-gold/jepa/src/Sim_Vids/Moon3/Clipped/fall/fall-11.mp4,2
/home/leon-gold/jepa/src/Sim_Vids/Moon3/Clipped/fall/fall-58.mp4,2
/home/leon-gold/jepa/src/Sim_Vids/Moon3/Clipped/fall/Fall_2-7.mp4,2
/home/leon-gold/jepa/src/Sim_Vids/Moon3/Clipped/fall/Fall_2-85.mp4,2
/home/leon-gold/jepa/src/Sim_Vids/Moon3/Clipped/fall/Fall_2-44.mp4,2
/home/leon-gold/jepa/src/Sim_Vids/Moon3/Clipped/fall/Fall_2-48.mp4,2
/home/leon-gold/jepa/src/Sim_Vids/Moon3/Clipped/fall/fall-19.mp4,2
/home/leon-gold/jepa/src/Sim_Vids/Moon3/Clipped/fall/fall-21.mp4,2
/home/leon-gold/jepa/src/Sim_Vids/Moon3/Clipped/fall/Fall_2-1.mp4,2
/home/leon-gold/jepa/src/Sim_Vids/Moon3/Clipped/fall/Fall_2-78.mp4,2
/home/leon-gold/jepa/src/Sim_Vids/Moon3/Clipped/fall/Fall_2-56.mp4,2
/home/leon-gold/jepa/src/Sim_Vids/Moon3/Clipped/fall/fall-51.mp4,2
/home/leon-gold/jepa/src/Sim_Vids/Moon3/Clipped/fall/Fall_2-83.mp4,2
/home/leon-gold/jepa/src/Sim_Vids/Moon3/Clipped/fall/Fall_2-12.mp4,2
/home/leon-gold/jepa/src/Sim_Vids/Moon3/Clipped/fall/Fall_2-17.mp4,2
/home/leon-gold/jepa/src/Sim_Vids/Moon3/Clipped/fall/Fall_2-11.mp4,2
/home/leon-gold/jepa/src/Sim_Vids/Moon3/Clipped/fall/Fall_2-28.mp4,2
/home/leon-gold/jepa/src/Sim_Vids/Moon3/Clipped/fall/fall-53.mp4,2
/home/leon-gold/jepa/src/Sim_Vids/Moon3/Clipped/fall/fall-64.mp4,2
/home/leon-gold/jepa/src/Sim_Vids/Moon3/Clipped/fall/fall-35.mp4,2
/home/leon-gold/jepa/src/Sim_Vids/Moon3/Clipped/fall/fall-68.mp4,2
/home/leon-gold/jepa/src/Sim_Vids/Moon3/Clipped/fall/fall-22.mp4,2
/home/leon-gold/jepa/src/Sim_Vids/Moon3/Clipped/fall/Fall_2-60.mp4,2
/home/leon-gold/jepa/src/Sim_Vids/Moon3/Clipped/fall/Fall_2-37.mp4,2
/home/leon-gold/jepa/src/Sim_Vids/Moon3/Clipped/fall/Fall_2-64.mp4,2
/home/leon-gold/jepa/src/Sim_Vids/Moon3/Clipped/fall/fall-49.mp4,2
/home/leon-gold/jepa/src/Sim_Vids/Moon3/Clipped/fall/Fall_2-77.mp4,2
/home/leon-gold/jepa/src/Sim_Vids/Moon3/Clipped/fall/Fall_2-15.mp4,2
/home/leon-gold/jepa/src/Sim_Vids/Moon3/Clipped/fall/Fall_2-43.mp4,2
/home/leon-gold/jepa/src/Sim_Vids/Moon3/Clipped/fall/fall-6.mp4,2
/home/leon-gold/jepa/src/Sim_Vids/Moon3/Clipped/fall/fall-39.mp4,2
/home/leon-gold/jepa/src/Sim_Vids/Moon3/Clipped/fall/Fall_2-82.mp4,2
/home/leon-gold/jepa/src/Sim_Vids/Moon3/Clipped/fall/Fall_2-51.mp4,2
/home/leon-gold/jepa/src/Sim_Vids/Moon3/Clipped/fall/Fall_2-63.mp4,2
/home/leon-gold/jepa/src/Sim_Vids/Moon3/Clipped/fall/Fall_2-13.mp4,2
/home/leon-gold/jepa/src/Sim_Vids/Moon3/Clipped/fall/Fall_2-71.mp4,2
/home/leon-gold/jepa/src/Sim_Vids/Moon3/Clipped/fall/fall-16.mp4,2
/home/leon-gold/jepa/src/Sim_Vids/Moon3/Clipped/fall/fall-44.mp4,2
/home/leon-gold/jepa/src/Sim_Vids/Moon3/Clipped/fall/Fall_2-42.mp4,2
/home/leon-gold/jepa/src/Sim_Vids/Moon3/Clipped/fall/Fall_2-99.mp4,2
/home/leon-gold/jepa/src/Sim_Vids/Moon3/Clipped/fall/Fall_2-29.mp4,2
/home/leon-gold/jepa/src/Sim_Vids/Moon3/Clipped/fall/Fall_2-46.mp4,2
/home/leon-gold/jepa/src/Sim_Vids/Moon3/Clipped/fall/Fall_2-45.mp4,2
/home/leon-gold/jepa/src/Sim_Vids/Moon3/Clipped/fall/fall-25.mp4,2
/home/leon-gold/jepa/src/Sim_Vids/Moon3/Clipped/fall/Fall_2-84.mp4,2
/home/leon-gold/jepa/src/Sim_Vids/Moon3/Clipped/fall/Fall_2-108.mp4,2
/home/leon-gold/jepa/src/Sim_Vids/Moon3/Clipped/fall/Fall_2-35.mp4,2
/home/leon-gold/jepa/src/Sim_Vids/Moon3/Clipped/fall/fall-52.mp4,2
/home/leon-gold/jepa/src/Sim_Vids/Moon3/Clipped/fall/fall-8.mp4,2
/home/leon-gold/jepa/src/Sim_Vids/Moon3/Clipped/fall/fall-75.mp4,2
/home/leon-gold/jepa/src/Sim_Vids/Moon3/Clipped/fall/fall-54.mp4,2
/home/leon-gold/jepa/src/Sim_Vids/Moon3/Clipped/fall/Fall_2-25.mp4,2
/home/leon-gold/jepa/src/Sim_Vids/Moon3/Clipped/fall/fall-13.mp4,2
/home/leon-gold/jepa/src/Sim_Vids/Moon3/Clipped/fall/Fall_2-76.mp4,2
/home/leon-gold/jepa/src/Sim_Vids/Moon3/Clipped/fall/Fall_2-53.mp4,2
/home/leon-gold/jepa/src/Sim_Vids/Moon3/Clipped/fall/fall-42.mp4,2
/home/leon-gold/jepa/src/Sim_Vids/Moon3/Clipped/fall/Fall_2-20.mp4,2
/home/leon-gold/jepa/src/Sim_Vids/Moon3/Clipped/fall/Fall_2-87.mp4,2
/home/leon-gold/jepa/src/Sim_Vids/Moon3/Clipped/fall/fall-47.mp4,2
/home/leon-gold/jepa/src/Sim_Vids/Moon3/Clipped/fall/Fall_2-61.mp4,2
/home/leon-gold/jepa/src/Sim_Vids/Moon3/Clipped/fall/fall-30.mp4,2
/home/leon-gold/jepa/src/Sim_Vids/Moon3/Clipped/fall/Fall_2-8.mp4,2
/home/leon-gold/jepa/src/Sim_Vids/Moon3/Clipped/fall/fall-70.mp4,2
/home/leon-gold/jepa/src/Sim_Vids/Moon3/Clipped/fall/Fall_2-100.mp4,2
/home/leon-gold/jepa/src/Sim_Vids/Moon3/Clipped/fall/Fall_2-30.mp4,2
/home/leon-gold/jepa/src/Sim_Vids/Moon3/Clipped/fall/fall-36.mp4,2
/home/leon-gold/jepa/src/Sim_Vids/Moon3/Clipped/fall/Fall_2-74.mp4,2
/home/leon-gold/jepa/src/Sim_Vids/Moon3/Clipped/fall/Fall_2-62.mp4,2
/home/leon-gold/jepa/src/Sim_Vids/Moon3/Clipped/fall/fall-37.mp4,2
/home/leon-gold/jepa/src/Sim_Vids/Moon3/Clipped/fall/Fall_2-112.mp4,2
/home/leon-gold/jepa/src/Sim_Vids/Moon3/Clipped/fall/fall-43.mp4,2
/home/leon-gold/jepa/src/Sim_Vids/Moon3/Clipped/fall/Fall_2-14.mp4,2
/home/leon-gold/jepa/src/Sim_Vids/Moon3/Clipped/fall/fall-3.mp4,2
/home/leon-gold/jepa/src/Sim_Vids/Moon3/Clipped/fall/Fall_2-22.mp4,2
/home/leon-gold/jepa/src/Sim_Vids/Moon3/Clipped/fall/Fall_2-40.mp4,2
/home/leon-gold/jepa/src/Sim_Vids/Moon3/Clipped/fall/Fall_2-89.mp4,2
/home/leon-gold/jepa/src/Sim_Vids/Moon3/Clipped/fall/Fall_2-4.mp4,2
/home/leon-gold/jepa/src/Sim_Vids/Moon3/Clipped/fall/fall-15.mp4,2
/home/leon-gold/jepa/src/Sim_Vids/Moon3/Clipped/fall/Fall_2-90.mp4,2
/home/leon-gold/jepa/src/Sim_Vids/Moon3/Clipped/fall/Fall_2-38.mp4,2
/home/leon-gold/jepa/src/Sim_Vids/Moon3/Clipped/fall/fall-34.mp4,2
/home/leon-gold/jepa/src/Sim_Vids/Moon3/Clipped/fall/fall-74.mp4,2
/home/leon-gold/jepa/src/Sim_Vids/Moon3/Clipped/fall/Fall_2-67.mp4,2
/home/leon-gold/jepa/src/Sim_Vids/Moon3/Clipped/fall/Fall_2-18.mp4,2
/home/leon-gold/jepa/src/Sim_Vids/Moon3/Clipped/fall/Fall_2-34.mp4,2
/home/leon-gold/jepa/src/Sim_Vids/Moon3/Clipped/fall/fall-48.mp4,2
/home/leon-gold/jepa/src/Sim_Vids/Moon3/Clipped/fall/Fall_2-91.mp4,2
/home/leon-gold/jepa/src/Sim_Vids/Moon3/Clipped/fall/Fall_2-107.mp4,2
/home/leon-gold/jepa/src/Sim_Vids/Moon3/Clipped/fall/Fall_2-6.mp4,2
/home/leon-gold/jepa/src/Sim_Vids/Moon3/Clipped/fall/fall-9.mp4,2
/home/leon-gold/jepa/src/Sim_Vids/Moon3/Clipped/fall/fall-57.mp4,2
/home/leon-gold/jepa/src/Sim_Vids/Moon3/Clipped/fall/Fall_2-75.mp4,2
/home/leon-gold/jepa/src/Sim_Vids/Moon3/Clipped/fall/fall-62.mp4,2
/home/leon-gold/jepa/src/Sim_Vids/Moon3/Clipped/fall/Fall_2-111.mp4,2
/home/leon-gold/jepa/src/Sim_Vids/Moon3/Clipped/fall/Fall_2-59.mp4,2
/home/leon-gold/jepa/src/Sim_Vids/Moon3/Clipped/fall/fall-17.mp4,2
/home/leon-gold/jepa/src/Sim_Vids/Moon3/Clipped/fall/Fall_2-24.mp4,2
/home/leon-gold/jepa/src/Sim_Vids/Moon3/Clipped/fall/fall-4.mp4,2
/home/leon-gold/jepa/src/Sim_Vids/Moon3/Clipped/fall/fall-45.mp4,2
/home/leon-gold/jepa/src/Sim_Vids/Moon3/Clipped/fall/Fall_2-114.mp4,2
/home/leon-gold/jepa/src/Sim_Vids/Moon3/Clipped/fall/fall-73.mp4,2
/home/leon-gold/jepa/src/Sim_Vids/Moon3/Clipped/fall/Fall_2-103.mp4,2
/home/leon-gold/jepa/src/Sim_Vids/Moon3/Clipped/fall/fall-23.mp4,2
/home/leon-gold/jepa/src/Sim_Vids/Moon3/Clipped/fall/fall-28.mp4,2
/home/leon-gold/jepa/src/Sim_Vids/Moon3/Clipped/fall/fall-20.mp4,2
/home/leon-gold/jepa/src/Sim_Vids/Moon3/Clipped/fall/Fall_2-39.mp4,2
/home/leon-gold/jepa/src/Sim_Vids/Moon3/Clipped/fall/Fall_2-65.mp4,2
/home/leon-gold/jepa/src/Sim_Vids/Moon3/Clipped/fall/Fall_2-3.mp4,2
/home/leon-gold/jepa/src/Sim_Vids/Moon3/Clipped/fall/fall-38.mp4,2
/home/leon-gold/jepa/src/Sim_Vids/Moon3/Clipped/fall/Fall_2-21.mp4,2
/home/leon-gold/jepa/src/Sim_Vids/Moon3/Clipped/fall/fall-55.mp4,2
/home/leon-gold/jepa/src/Sim_Vids/Moon3/Clipped/fall/Fall_2-50.mp4,2
/home/leon-gold/jepa/src/Sim_Vids/Moon3/Clipped/fall/Fall_2-10.mp4,2
/home/leon-gold/jepa/src/Sim_Vids/Moon3/Clipped/fall/Fall_2-101.mp4,2
src/Sim_Vids/Moon3/Clipped/fall/fall-59.mp4,2
src/Sim_Vids/Moon3/Clipped/fall/Fall_2-57.mp4,2
src/Sim_Vids/Moon3/Clipped/fall/Fall_2-81.mp4,2
src/Sim_Vids/Moon3/Clipped/fall/Fall_3-72.mp4,2
src/Sim_Vids/Moon3/Clipped/fall/Fall_3-105.mp4,2
src/Sim_Vids/Moon3/Clipped/fall/fall-2.mp4,2
src/Sim_Vids/Moon3/Clipped/fall/Fall_2-5.mp4,2
src/Sim_Vids/Moon3/Clipped/fall/Fall_3-18.mp4,2
src/Sim_Vids/Moon3/Clipped/fall/fall-71.mp4,2
src/Sim_Vids/Moon3/Clipped/fall/fall-46.mp4,2
src/Sim_Vids/Moon3/Clipped/fall/Fall_2-2.mp4,2
src/Sim_Vids/Moon3/Clipped/fall/fall-10.mp4,2
src/Sim_Vids/Moon3/Clipped/fall/fall-18.mp4,2
src/Sim_Vids/Moon3/Clipped/fall/Fall_2-41.mp4,2
src/Sim_Vids/Moon3/Clipped/fall/Fall_2-95.mp4,2
src/Sim_Vids/Moon3/Clipped/fall/Fall_2-47.mp4,2
src/Sim_Vids/Moon3/Clipped/fall/Fall_3-9.mp4,2
src/Sim_Vids/Moon3/Clipped/fall/Fall_3-100.mp4,2
src/Sim_Vids/Moon3/Clipped/fall/Fall_2-105.mp4,2
src/Sim_Vids/Moon3/Clipped/fall/Fall_3-43.mp4,2
src/Sim_Vids/Moon3/Clipped/fall/fall-63.mp4,2
src/Sim_Vids/Moon3/Clipped/fall/Fall_2-16.mp4,2
src/Sim_Vids/Moon3/Clipped/fall/fall-12.mp4,2
src/Sim_Vids/Moon3/Clipped/fall/Fall_2-94.mp4,2
src/Sim_Vids/Moon3/Clipped/fall/Fall_2-69.mp4,2
src/Sim_Vids/Moon3/Clipped/fall/Fall_3-3.mp4,2
src/Sim_Vids/Moon3/Clipped/fall/Fall_2-93.mp4,2
src/Sim_Vids/Moon3/Clipped/fall/Fall_3-81.mp4,2
src/Sim_Vids/Moon3/Clipped/fall/Fall_3-24.mp4,2
src/Sim_Vids/Moon3/Clipped/fall/Fall_3-5.mp4,2
src/Sim_Vids/Moon3/Clipped/fall/Fall_2-88.mp4,2
src/Sim_Vids/Moon3/Clipped/fall/Fall_2-9.mp4,2
src/Sim_Vids/Moon3/Clipped/fall/Fall_3-56.mp4,2
src/Sim_Vids/Moon3/Clipped/fall/fall-72.mp4,2
src/Sim_Vids/Moon3/Clipped/fall/fall-7.mp4,2
src/Sim_Vids/Moon3/Clipped/fall/Fall_3-35.mp4,2
src/Sim_Vids/Moon3/Clipped/fall/Fall_3-65.mp4,2
src/Sim_Vids/Moon3/Clipped/fall/fall-50.mp4,2
src/Sim_Vids/Moon3/Clipped/fall/Fall_2-92.mp4,2
src/Sim_Vids/Moon3/Clipped/fall/Fall_3-71.mp4,2
src/Sim_Vids/Moon3/Clipped/fall/Fall_3-21.mp4,2
src/Sim_Vids/Moon3/Clipped/fall/Fall_3-42.mp4,2
src/Sim_Vids/Moon3/Clipped/fall/fall-67.mp4,2
src/Sim_Vids/Moon3/Clipped/fall/Fall_2-68.mp4,2
src/Sim_Vids/Moon3/Clipped/fall/Fall_2-102.mp4,2
src/Sim_Vids/Moon3/Clipped/fall/Fall_3-38.mp4,2
src/Sim_Vids/Moon3/Clipped/fall/fall-65.mp4,2
src/Sim_Vids/Moon3/Clipped/fall/fall-24.mp4,2
src/Sim_Vids/Moon3/Clipped/fall/Fall_3-60.mp4,2
src/Sim_Vids/Moon3/Clipped/fall/Fall_2-113.mp4,2
src/Sim_Vids/Moon3/Clipped/fall/Fall_2-23.mp4,2
src/Sim_Vids/Moon3/Clipped/fall/Fall_2-104.mp4,2
src/Sim_Vids/Moon3/Clipped/fall/Fall_3-36.mp4,2
src/Sim_Vids/Moon3/Clipped/fall/Fall_2-36.mp4,2
src/Sim_Vids/Moon3/Clipped/fall/Fall_3-61.mp4,2
src/Sim_Vids/Moon3/Clipped/fall/Fall_2-32.mp4,2
src/Sim_Vids/Moon3/Clipped/fall/Fall_2-73.mp4,2
src/Sim_Vids/Moon3/Clipped/fall/fall-1.mp4,2
src/Sim_Vids/Moon3/Clipped/fall/Fall_2-19.mp4,2
src/Sim_Vids/Moon3/Clipped/fall/fall-33.mp4,2
src/Sim_Vids/Moon3/Clipped/fall/Fall_2-72.mp4,2
src/Sim_Vids/Moon3/Clipped/fall/fall-41.mp4,2
src/Sim_Vids/Moon3/Clipped/fall/Fall_3-7.mp4,2
src/Sim_Vids/Moon3/Clipped/fall/fall-29.mp4,2
src/Sim_Vids/Moon3/Clipped/fall/fall-32.mp4,2
src/Sim_Vids/Moon3/Clipped/fall/Fall_2-109.mp4,2
src/Sim_Vids/Moon3/Clipped/fall/Fall_2-54.mp4,2
src/Sim_Vids/Moon3/Clipped/fall/Fall_3-52.mp4,2
src/Sim_Vids/Moon3/Clipped/fall/fall-76.mp4,2
src/Sim_Vids/Moon3/Clipped/fall/fall-40.mp4,2
src/Sim_Vids/Moon3/Clipped/fall/Fall_2-97.mp4,2
src/Sim_Vids/Moon3/Clipped/fall/Fall_2-98.mp4,2
src/Sim_Vids/Moon3/Clipped/fall/Fall_2-70.mp4,2
src/Sim_Vids/Moon3/Clipped/fall/Fall_3-40.mp4,2
src/Sim_Vids/Moon3/Clipped/fall/Fall_2-110.mp4,2
src/Sim_Vids/Moon3/Clipped/fall/Fall_2-31.mp4,2
src/Sim_Vids/Moon3/Clipped/fall/Fall_2-49.mp4,2
src/Sim_Vids/Moon3/Clipped/fall/fall-5.mp4,2
src/Sim_Vids/Moon3/Clipped/fall/fall-69.mp4,2
src/Sim_Vids/Moon3/Clipped/fall/fall-60.mp4,2
src/Sim_Vids/Moon3/Clipped/fall/Fall_2-66.mp4,2
src/Sim_Vids/Moon3/Clipped/fall/Fall_3-1.mp4,2
src/Sim_Vids/Moon3/Clipped/fall/Fall_3-63.mp4,2
src/Sim_Vids/Moon3/Clipped/fall/fall-31.mp4,2
src/Sim_Vids/Moon3/Clipped/fall/Fall_3-73.mp4,2
src/Sim_Vids/Moon3/Clipped/fall/Fall_2-26.mp4,2
src/Sim_Vids/Moon3/Clipped/fall/Fall_2-27.mp4,2
src/Sim_Vids/Moon3/Clipped/fall/Fall_3-92.mp4,2
src/Sim_Vids/Moon3/Clipped/fall/fall-61.mp4,2
src/Sim_Vids/Moon3/Clipped/fall/fall-14.mp4,2
src/Sim_Vids/Moon3/Clipped/fall/Fall_3-32.mp4,2
src/Sim_Vids/Moon3/Clipped/fall/fall-11.mp4,2
src/Sim_Vids/Moon3/Clipped/fall/fall-58.mp4,2
src/Sim_Vids/Moon3/Clipped/fall/Fall_3-82.mp4,2
src/Sim_Vids/Moon3/Clipped/fall/Fall_2-7.mp4,2
src/Sim_Vids/Moon3/Clipped/fall/Fall_2-85.mp4,2
src/Sim_Vids/Moon3/Clipped/fall/Fall_2-44.mp4,2
src/Sim_Vids/Moon3/Clipped/fall/Fall_2-48.mp4,2
src/Sim_Vids/Moon3/Clipped/fall/fall-19.mp4,2
src/Sim_Vids/Moon3/Clipped/fall/fall-21.mp4,2
src/Sim_Vids/Moon3/Clipped/fall/Fall_2-1.mp4,2
src/Sim_Vids/Moon3/Clipped/fall/Fall_2-78.mp4,2
src/Sim_Vids/Moon3/Clipped/fall/Fall_3-70.mp4,2
src/Sim_Vids/Moon3/Clipped/fall/Fall_3-49.mp4,2
src/Sim_Vids/Moon3/Clipped/fall/Fall_3-85.mp4,2
src/Sim_Vids/Moon3/Clipped/fall/Fall_2-56.mp4,2
src/Sim_Vids/Moon3/Clipped/fall/fall-51.mp4,2
src/Sim_Vids/Moon3/Clipped/fall/Fall_2-83.mp4,2
src/Sim_Vids/Moon3/Clipped/fall/Fall_3-87.mp4,2
src/Sim_Vids/Moon3/Clipped/fall/Fall_3-99.mp4,2
src/Sim_Vids/Moon3/Clipped/fall/Fall_3-102.mp4,2
src/Sim_Vids/Moon3/Clipped/fall/Fall_3-30.mp4,2
src/Sim_Vids/Moon3/Clipped/fall/Fall_2-12.mp4,2
src/Sim_Vids/Moon3/Clipped/fall/Fall_2-17.mp4,2
src/Sim_Vids/Moon3/Clipped/fall/Fall_2-11.mp4,2
src/Sim_Vids/Moon3/Clipped/fall/Fall_2-28.mp4,2
src/Sim_Vids/Moon3/Clipped/fall/fall-53.mp4,2
src/Sim_Vids/Moon3/Clipped/fall/Fall_3-34.mp4,2
src/Sim_Vids/Moon3/Clipped/fall/fall-64.mp4,2
src/Sim_Vids/Moon3/Clipped/fall/fall-35.mp4,2
src/Sim_Vids/Moon3/Clipped/fall/fall-68.mp4,2
src/Sim_Vids/Moon3/Clipped/fall/Fall_3-10.mp4,2
src/Sim_Vids/Moon3/Clipped/fall/fall-22.mp4,2
src/Sim_Vids/Moon3/Clipped/fall/Fall_2-60.mp4,2
src/Sim_Vids/Moon3/Clipped/fall/Fall_2-37.mp4,2
src/Sim_Vids/Moon3/Clipped/fall/Fall_3-44.mp4,2
src/Sim_Vids/Moon3/Clipped/fall/Fall_2-64.mp4,2
src/Sim_Vids/Moon3/Clipped/fall/fall-49.mp4,2
src/Sim_Vids/Moon3/Clipped/fall/Fall_3-78.mp4,2
src/Sim_Vids/Moon3/Clipped/fall/Fall_3-12.mp4,2
src/Sim_Vids/Moon3/Clipped/fall/Fall_2-77.mp4,2
src/Sim_Vids/Moon3/Clipped/fall/Fall_3-39.mp4,2
src/Sim_Vids/Moon3/Clipped/fall/Fall_2-15.mp4,2
src/Sim_Vids/Moon3/Clipped/fall/Fall_3-50.mp4,2
src/Sim_Vids/Moon3/Clipped/fall/Fall_2-43.mp4,2
src/Sim_Vids/Moon3/Clipped/fall/Fall_3-54.mp4,2
src/Sim_Vids/Moon3/Clipped/fall/fall-6.mp4,2
src/Sim_Vids/Moon3/Clipped/fall/Fall_3-86.mp4,2
src/Sim_Vids/Moon3/Clipped/fall/Fall_3-97.mp4,2
src/Sim_Vids/Moon3/Clipped/fall/fall-39.mp4,2
src/Sim_Vids/Moon3/Clipped/fall/Fall_2-82.mp4,2
src/Sim_Vids/Moon3/Clipped/fall/Fall_2-51.mp4,2
src/Sim_Vids/Moon3/Clipped/fall/Fall_2-63.mp4,2
src/Sim_Vids/Moon3/Clipped/fall/Fall_2-13.mp4,2
src/Sim_Vids/Moon3/Clipped/fall/Fall_2-71.mp4,2
src/Sim_Vids/Moon3/Clipped/fall/Fall_3-31.mp4,2
src/Sim_Vids/Moon3/Clipped/fall/fall-16.mp4,2
src/Sim_Vids/Moon3/Clipped/fall/Fall_3-74.mp4,2
src/Sim_Vids/Moon3/Clipped/fall/Fall_3-58.mp4,2
src/Sim_Vids/Moon3/Clipped/fall/Fall_3-95.mp4,2
src/Sim_Vids/Moon3/Clipped/fall/Fall_3-68.mp4,2
src/Sim_Vids/Moon3/Clipped/fall/fall-44.mp4,2
src/Sim_Vids/Moon3/Clipped/fall/Fall_2-42.mp4,2
src/Sim_Vids/Moon3/Clipped/fall/Fall_3-51.mp4,2
src/Sim_Vids/Moon3/Clipped/fall/Fall_3-48.mp4,2
src/Sim_Vids/Moon3/Clipped/fall/Fall_2-99.mp4,2
src/Sim_Vids/Moon3/Clipped/fall/Fall_2-29.mp4,2
src/Sim_Vids/Moon3/Clipped/fall/Fall_3-25.mp4,2
src/Sim_Vids/Moon3/Clipped/fall/Fall_3-66.mp4,2
src/Sim_Vids/Moon3/Clipped/fall/Fall_3-15.mp4,2
src/Sim_Vids/Moon3/Clipped/fall/Fall_3-98.mp4,2
src/Sim_Vids/Moon3/Clipped/fall/Fall_3-79.mp4,2
src/Sim_Vids/Moon3/Clipped/fall/Fall_3-57.mp4,2
src/Sim_Vids/Moon3/Clipped/fall/Fall_2-46.mp4,2
src/Sim_Vids/Moon3/Clipped/fall/Fall_3-80.mp4,2
src/Sim_Vids/Moon3/Clipped/fall/Fall_3-101.mp4,2
src/Sim_Vids/Moon3/Clipped/fall/Fall_3-46.mp4,2
src/Sim_Vids/Moon3/Clipped/fall/Fall_2-45.mp4,2
src/Sim_Vids/Moon3/Clipped/fall/fall-25.mp4,2
src/Sim_Vids/Moon3/Clipped/fall/Fall_3-20.mp4,2
src/Sim_Vids/Moon3/Clipped/fall/Fall_3-47.mp4,2
src/Sim_Vids/Moon3/Clipped/fall/Fall_2-84.mp4,2
src/Sim_Vids/Moon3/Clipped/fall/Fall_3-88.mp4,2
src/Sim_Vids/Moon3/Clipped/fall/Fall_2-108.mp4,2
src/Sim_Vids/Moon3/Clipped/fall/Fall_2-35.mp4,2
src/Sim_Vids/Moon3/Clipped/fall/fall-52.mp4,2
src/Sim_Vids/Moon3/Clipped/fall/fall-8.mp4,2
src/Sim_Vids/Moon3/Clipped/fall/fall-75.mp4,2
src/Sim_Vids/Moon3/Clipped/fall/fall-54.mp4,2
src/Sim_Vids/Moon3/Clipped/fall/Fall_2-25.mp4,2
src/Sim_Vids/Moon3/Clipped/fall/fall-13.mp4,2
src/Sim_Vids/Moon3/Clipped/fall/Fall_3-17.mp4,2
src/Sim_Vids/Moon3/Clipped/fall/Fall_2-76.mp4,2
src/Sim_Vids/Moon3/Clipped/fall/Fall_3-29.mp4,2
src/Sim_Vids/Moon3/Clipped/fall/Fall_2-53.mp4,2
src/Sim_Vids/Moon3/Clipped/fall/fall-42.mp4,2
src/Sim_Vids/Moon3/Clipped/fall/Fall_3-67.mp4,2
src/Sim_Vids/Moon3/Clipped/fall/Fall_3-89.mp4,2
src/Sim_Vids/Moon3/Clipped/fall/Fall_3-62.mp4,2
src/Sim_Vids/Moon3/Clipped/fall/Fall_2-20.mp4,2
src/Sim_Vids/Moon3/Clipped/fall/Fall_2-87.mp4,2
src/Sim_Vids/Moon3/Clipped/fall/fall-47.mp4,2
src/Sim_Vids/Moon3/Clipped/fall/Fall_2-61.mp4,2
src/Sim_Vids/Moon3/Clipped/fall/fall-30.mp4,2
src/Sim_Vids/Moon3/Clipped/fall/Fall_2-8.mp4,2
src/Sim_Vids/Moon3/Clipped/fall/Fall_3-104.mp4,2
src/Sim_Vids/Moon3/Clipped/fall/fall-70.mp4,2
src/Sim_Vids/Moon3/Clipped/fall/Fall_2-100.mp4,2
src/Sim_Vids/Moon3/Clipped/fall/Fall_3-37.mp4,2
src/Sim_Vids/Moon3/Clipped/fall/Fall_3-69.mp4,2
src/Sim_Vids/Moon3/Clipped/fall/Fall_3-90.mp4,2
src/Sim_Vids/Moon3/Clipped/fall/Fall_3-96.mp4,2
src/Sim_Vids/Moon3/Clipped/fall/Fall_3-19.mp4,2
src/Sim_Vids/Moon3/Clipped/fall/Fall_2-30.mp4,2
src/Sim_Vids/Moon3/Clipped/fall/fall-36.mp4,2
src/Sim_Vids/Moon3/Clipped/fall/Fall_2-74.mp4,2
src/Sim_Vids/Moon3/Clipped/fall/Fall_3-83.mp4,2
src/Sim_Vids/Moon3/Clipped/fall/Fall_3-2.mp4,2
src/Sim_Vids/Moon3/Clipped/fall/Fall_2-62.mp4,2
src/Sim_Vids/Moon3/Clipped/fall/fall-37.mp4,2
src/Sim_Vids/Moon3/Clipped/fall/Fall_2-112.mp4,2
src/Sim_Vids/Moon3/Clipped/fall/fall-43.mp4,2
src/Sim_Vids/Moon3/Clipped/fall/Fall_3-93.mp4,2
src/Sim_Vids/Moon3/Clipped/fall/Fall_2-14.mp4,2
src/Sim_Vids/Moon3/Clipped/fall/Fall_3-55.mp4,2
src/Sim_Vids/Moon3/Clipped/fall/fall-3.mp4,2
src/Sim_Vids/Moon3/Clipped/fall/Fall_2-22.mp4,2
src/Sim_Vids/Moon3/Clipped/fall/Fall_2-40.mp4,2
src/Sim_Vids/Moon3/Clipped/fall/Fall_2-89.mp4,2
src/Sim_Vids/Moon3/Clipped/fall/Fall_3-28.mp4,2
src/Sim_Vids/Moon3/Clipped/fall/Fall_3-11.mp4,2
src/Sim_Vids/Moon3/Clipped/fall/Fall_2-4.mp4,2
src/Sim_Vids/Moon3/Clipped/fall/fall-15.mp4,2
src/Sim_Vids/Moon3/Clipped/fall/Fall_3-84.mp4,2
src/Sim_Vids/Moon3/Clipped/fall/Fall_2-90.mp4,2
src/Sim_Vids/Moon3/Clipped/fall/Fall_3-45.mp4,2
src/Sim_Vids/Moon3/Clipped/fall/Fall_2-38.mp4,2
src/Sim_Vids/Moon3/Clipped/fall/Fall_3-59.mp4,2
src/Sim_Vids/Moon3/Clipped/fall/fall-34.mp4,2
src/Sim_Vids/Moon3/Clipped/fall/Fall_3-103.mp4,2
src/Sim_Vids/Moon3/Clipped/fall/fall-74.mp4,2
src/Sim_Vids/Moon3/Clipped/fall/Fall_3-53.mp4,2
src/Sim_Vids/Moon3/Clipped/fall/Fall_2-67.mp4,2
src/Sim_Vids/Moon3/Clipped/fall/Fall_2-18.mp4,2
src/Sim_Vids/Moon3/Clipped/fall/Fall_2-34.mp4,2
src/Sim_Vids/Moon3/Clipped/fall/Fall_3-26.mp4,2
src/Sim_Vids/Moon3/Clipped/fall/Fall_3-33.mp4,2
src/Sim_Vids/Moon3/Clipped/fall/fall-48.mp4,2
src/Sim_Vids/Moon3/Clipped/fall/Fall_2-91.mp4,2
src/Sim_Vids/Moon3/Clipped/fall/Fall_2-107.mp4,2
src/Sim_Vids/Moon3/Clipped/fall/Fall_3-13.mp4,2
src/Sim_Vids/Moon3/Clipped/fall/Fall_2-6.mp4,2
src/Sim_Vids/Moon3/Clipped/fall/fall-9.mp4,2
src/Sim_Vids/Moon3/Clipped/fall/fall-57.mp4,2
src/Sim_Vids/Moon3/Clipped/fall/Fall_3-76.mp4,2
src/Sim_Vids/Moon3/Clipped/fall/Fall_2-75.mp4,2
src/Sim_Vids/Moon3/Clipped/fall/fall-62.mp4,2
src/Sim_Vids/Moon3/Clipped/fall/Fall_2-111.mp4,2
src/Sim_Vids/Moon3/Clipped/fall/Fall_2-59.mp4,2
src/Sim_Vids/Moon3/Clipped/fall/fall-17.mp4,2
src/Sim_Vids/Moon3/Clipped/fall/Fall_3-77.mp4,2
src/Sim_Vids/Moon3/Clipped/fall/Fall_2-24.mp4,2
src/Sim_Vids/Moon3/Clipped/fall/fall-4.mp4,2
src/Sim_Vids/Moon3/Clipped/fall/fall-45.mp4,2
src/Sim_Vids/Moon3/Clipped/fall/Fall_2-114.mp4,2
src/Sim_Vids/Moon3/Clipped/fall/Fall_3-23.mp4,2
src/Sim_Vids/Moon3/Clipped/fall/fall-73.mp4,2
src/Sim_Vids/Moon3/Clipped/fall/Fall_3-75.mp4,2
src/Sim_Vids/Moon3/Clipped/fall/Fall_3-27.mp4,2
src/Sim_Vids/Moon3/Clipped/fall/Fall_2-103.mp4,2
src/Sim_Vids/Moon3/Clipped/fall/Fall_3-91.mp4,2
src/Sim_Vids/Moon3/Clipped/fall/fall-23.mp4,2
src/Sim_Vids/Moon3/Clipped/fall/fall-28.mp4,2
src/Sim_Vids/Moon3/Clipped/fall/fall-20.mp4,2
src/Sim_Vids/Moon3/Clipped/fall/Fall_2-39.mp4,2
src/Sim_Vids/Moon3/Clipped/fall/Fall_2-65.mp4,2
src/Sim_Vids/Moon3/Clipped/fall/Fall_2-3.mp4,2
src/Sim_Vids/Moon3/Clipped/fall/fall-38.mp4,2
src/Sim_Vids/Moon3/Clipped/fall/Fall_2-21.mp4,2
src/Sim_Vids/Moon3/Clipped/fall/fall-55.mp4,2
src/Sim_Vids/Moon3/Clipped/fall/Fall_2-50.mp4,2
src/Sim_Vids/Moon3/Clipped/fall/Fall_2-10.mp4,2
src/Sim_Vids/Moon3/Clipped/fall/Fall_3-6.mp4,2
src/Sim_Vids/Moon3/Clipped/fall/Fall_3-4.mp4,2
src/Sim_Vids/Moon3/Clipped/fall/Fall_2-101.mp4,2
src/Sim_Vids/Moon3/driving_sim/driving_random-7_3.mp4,1
src/Sim_Vids/Moon3/driving_sim/driving_random-7_1.mp4,1
src/Sim_Vids/Moon3/driving_sim/driving_random-6_6.mp4,1
src/Sim_Vids/Moon3/driving_sim/driving_random-31_7.mp4,1
src/Sim_Vids/Moon3/driving_sim/driving_random-5_7.mp4,1
src/Sim_Vids/Moon3/driving_sim/driving_random-23_1.mp4,1
src/Sim_Vids/Moon3/driving_sim/driving_random-24_5.mp4,1
src/Sim_Vids/Moon3/driving_sim/driving_random-3_2.mp4,1
src/Sim_Vids/Moon3/driving_sim/driving_random-9_2.mp4,1
src/Sim_Vids/Moon3/driving_sim/driving_random-2_3.mp4,1
src/Sim_Vids/Moon3/driving_sim/driving_random-7_7.mp4,1
src/Sim_Vids/Moon3/driving_sim/driving_random-27_4.mp4,1
src/Sim_Vids/Moon3/driving_sim/driving_random-13_4.mp4,1
src/Sim_Vids/Moon3/driving_sim/driving_random-19_3.mp4,1
src/Sim_Vids/Moon3/driving_sim/driving_random-11_4.mp4,1
src/Sim_Vids/Moon3/driving_sim/driving_random-32_3.mp4,1
src/Sim_Vids/Moon3/driving_sim/driving_random-6_3.mp4,1
src/Sim_Vids/Moon3/driving_sim/driving_random-31_14.mp4,1
src/Sim_Vids/Moon3/driving_sim/driving_random-20_2.mp4,1
src/Sim_Vids/Moon3/driving_sim/driving_random-7_9.mp4,1
src/Sim_Vids/Moon3/driving_sim/driving_random-26_6.mp4,1
src/Sim_Vids/Moon3/driving_sim/driving_random-23_2.mp4,1
src/Sim_Vids/Moon3/driving_sim/driving_random-2_6.mp4,1
src/Sim_Vids/Moon3/driving_sim/driving_random-19_2.mp4,1
src/Sim_Vids/Moon3/driving_sim/driving_random-26_2.mp4,1
src/Sim_Vids/Moon3/driving_sim/driving_random-2_1.mp4,1
src/Sim_Vids/Moon3/driving_sim/driving_random-6_7.mp4,1
src/Sim_Vids/Moon3/driving_sim/driving_random-25_3.mp4,1
src/Sim_Vids/Moon3/driving_sim/driving_random-31_2.mp4,1
src/Sim_Vids/Moon3/driving_sim/driving_random-26_1.mp4,1
src/Sim_Vids/Moon3/driving_sim/driving_random-15_2.mp4,1
src/Sim_Vids/Moon3/driving_sim/driving_random-29_3.mp4,1
src/Sim_Vids/Moon3/driving_sim/driving_random-16_3.mp4,1
src/Sim_Vids/Moon3/driving_sim/driving_random-5_10.mp4,1
src/Sim_Vids/Moon3/driving_sim/driving_random-31_1.mp4,1
src/Sim_Vids/Moon3/driving_sim/driving_random-31_8.mp4,1
src/Sim_Vids/Moon3/driving_sim/driving_random-29_1.mp4,1
src/Sim_Vids/Moon3/driving_sim/driving_random-30_1.mp4,1
src/Sim_Vids/Moon3/driving_sim/driving_random-19_5.mp4,1
src/Sim_Vids/Moon3/driving_sim/driving_random-16_1.mp4,1
src/Sim_Vids/Moon3/driving_sim/driving_random-4_6.mp4,1
src/Sim_Vids/Moon3/driving_sim/driving_random-22_4.mp4,1
src/Sim_Vids/Moon3/driving_sim/driving_random-32_2.mp4,1
src/Sim_Vids/Moon3/driving_sim/driving_random-20_3.mp4,1
src/Sim_Vids/Moon3/driving_sim/driving_random-26_11.mp4,1
src/Sim_Vids/Moon3/driving_sim/driving_random-7_5.mp4,1
src/Sim_Vids/Moon3/driving_sim/driving_random-4_2.mp4,1
src/Sim_Vids/Moon3/driving_sim/driving_random-31_5.mp4,1
src/Sim_Vids/Moon3/driving_sim/driving_random-15_4.mp4,1
src/Sim_Vids/Moon3/driving_sim/driving_random-22_3.mp4,1
src/Sim_Vids/Moon3/driving_sim/driving_random-26_8.mp4,1
src/Sim_Vids/Moon3/driving_sim/driving_random-22_2.mp4,1
src/Sim_Vids/Moon3/driving_sim/driving_random-8_5.mp4,1
src/Sim_Vids/Moon3/driving_sim/driving_random-19_1.mp4,1
src/Sim_Vids/Moon3/driving_sim/driving_random-26_10.mp4,1
src/Sim_Vids/Moon3/driving_sim/driving_random-10_3.mp4,1
src/Sim_Vids/Moon3/driving_sim/driving_random-4_9.mp4,1
src/Sim_Vids/Moon3/driving_sim/driving_random-7_4.mp4,1
src/Sim_Vids/Moon3/driving_sim/driving_random-6_5.mp4,1
src/Sim_Vids/Moon3/driving_sim/driving_random-11_2.mp4,1
src/Sim_Vids/Moon3/driving_sim/driving_random-26_4.mp4,1
src/Sim_Vids/Moon3/driving_sim/driving_random-24_7.mp4,1
src/Sim_Vids/Moon3/driving_sim/driving_random-8_2.mp4,1
src/Sim_Vids/Moon3/driving_sim/driving_random-28_2.mp4,1
src/Sim_Vids/Moon3/driving_sim/driving_random-7_11.mp4,1
src/Sim_Vids/Moon3/driving_sim/driving_random-14_3.mp4,1
src/Sim_Vids/Moon3/driving_sim/driving_random-14_5.mp4,1
src/Sim_Vids/Moon3/driving_sim/driving_random-4_7.mp4,1
src/Sim_Vids/Moon3/driving_sim/driving_random-8_3.mp4,1
src/Sim_Vids/Moon3/driving_sim/driving_random-15_3.mp4,1
src/Sim_Vids/Moon3/driving_sim/driving_random-4_5.mp4,1
src/Sim_Vids/Moon3/driving_sim/driving_random-22_5.mp4,1
src/Sim_Vids/Moon3/driving_sim/driving_random-16_2.mp4,1
src/Sim_Vids/Moon3/driving_sim/driving_random-13_1.mp4,1
src/Sim_Vids/Moon3/driving_sim/driving_random-32_1.mp4,1
src/Sim_Vids/Moon3/driving_sim/driving_random-18_2.mp4,1
src/Sim_Vids/Moon3/driving_sim/driving_random-4_3.mp4,1
src/Sim_Vids/Moon3/driving_sim/driving_random-3_1.mp4,1
src/Sim_Vids/Moon3/driving_sim/driving_random-19_4.mp4,1
src/Sim_Vids/Moon3/driving_sim/driving_random-29_2.mp4,1
src/Sim_Vids/Moon3/driving_sim/driving_random-8_4.mp4,1
src/Sim_Vids/Moon3/driving_sim/driving_random-21_2.mp4,1
src/Sim_Vids/Moon3/driving_sim/driving_random-14_2.mp4,1
src/Sim_Vids/Moon3/driving_sim/driving_random-4_10.mp4,1
src/Sim_Vids/Moon3/driving_sim/driving_random-1_2.mp4,1
src/Sim_Vids/Moon3/driving_sim/driving_random-17_2.mp4,1
src/Sim_Vids/Moon3/driving_sim/driving_random-5_9.mp4,1
src/Sim_Vids/Moon3/driving_sim/driving_random-33_2.mp4,1
src/Sim_Vids/Moon3/driving_sim/driving_random-24_10.mp4,1
src/Sim_Vids/Moon3/driving_sim/driving_random-33_1.mp4,1
src/Sim_Vids/Moon3/driving_sim/driving_random-18_6.mp4,1
src/Sim_Vids/Moon3/driving_sim/driving_random-31_13.mp4,1
src/Sim_Vids/Moon3/driving_sim/driving_random-13_3.mp4,1
src/Sim_Vids/Moon3/driving_sim/driving_random-24_8.mp4,1
src/Sim_Vids/Moon3/driving_sim/driving_random-28_1.mp4,1
src/Sim_Vids/Moon3/driving_sim/driving_random-31_9.mp4,1
src/Sim_Vids/Moon3/driving_sim/driving_random-22_1.mp4,1
src/Sim_Vids/Moon3/driving_sim/driving_random-2_5.mp4,1
src/Sim_Vids/Moon3/driving_sim/driving_random-1_3.mp4,1
src/Sim_Vids/Moon3/driving_sim/driving_random-31_4.mp4,1
src/Sim_Vids/Moon3/driving_sim/driving_random-21_3.mp4,1
src/Sim_Vids/Moon3/driving_sim/driving_random-26_5.mp4,1
src/Sim_Vids/Moon3/driving_sim/driving_random-7_2.mp4,1
src/Sim_Vids/Moon3/driving_sim/driving_random-2_4.mp4,1
src/Sim_Vids/Moon3/driving_sim/driving_random-24_4.mp4,1
src/Sim_Vids/Moon3/driving_sim/driving_random-19_7.mp4,1
src/Sim_Vids/Moon3/driving_sim/driving_random-5_3.mp4,1
src/Sim_Vids/Moon3/driving_sim/driving_random-31_6.mp4,1
src/Sim_Vids/Moon3/driving_sim/driving_random-1_1.mp4,1
src/Sim_Vids/Moon3/driving_sim/driving_random-10_1.mp4,1
src/Sim_Vids/Moon3/driving_sim/driving_random-24_11.mp4,1
src/Sim_Vids/Moon3/driving_sim/driving_random-31_12.mp4,1
src/Sim_Vids/Moon3/driving_sim/driving_random-25_1.mp4,1
src/Sim_Vids/Moon3/driving_sim/driving_random-24_1.mp4,1
src/Sim_Vids/Moon3/driving_sim/driving_random-27_3.mp4,1
src/Sim_Vids/Moon3/driving_sim/driving_random-13_2.mp4,1
src/Sim_Vids/Moon3/driving_sim/driving_random-18_4.mp4,1
src/Sim_Vids/Moon3/driving_sim/driving_random-29_4.mp4,1
src/Sim_Vids/Moon3/driving_sim/driving_random-13_5.mp4,1
src/Sim_Vids/Moon3/driving_sim/driving_random-4_1.mp4,1
src/Sim_Vids/Moon3/driving_sim/driving_random-5_2.mp4,1
src/Sim_Vids/Moon3/driving_sim/driving_random-17_3.mp4,1
src/Sim_Vids/Moon3/driving_sim/driving_random-11_1.mp4,1
src/Sim_Vids/Moon3/driving_sim/driving_random-32_4.mp4,1
src/Sim_Vids/Moon3/driving_sim/driving_random-31_3.mp4,1
src/Sim_Vids/Moon3/driving_sim/driving_random-1_4.mp4,1
src/Sim_Vids/Moon3/driving_sim/driving_random-24_3.mp4,1
src/Sim_Vids/Moon3/driving_sim/driving_random-6_1.mp4,1
src/Sim_Vids/Moon3/driving_sim/driving_random-18_5.mp4,1
src/Sim_Vids/Moon3/driving_sim/driving_random-3_3.mp4,1
src/Sim_Vids/Moon3/driving_sim/driving_random-5_4.mp4,1
src/Sim_Vids/Moon3/driving_sim/driving_random-6_4.mp4,1
src/Sim_Vids/Moon3/driving_sim/driving_random-31_10.mp4,1
src/Sim_Vids/Moon3/driving_sim/driving_random-16_4.mp4,1
src/Sim_Vids/Moon3/driving_sim/driving_random-5_6.mp4,1
src/Sim_Vids/Moon3/driving_sim/driving_random-14_4.mp4,1
src/Sim_Vids/Moon3/driving_sim/driving_random-14_1.mp4,1
src/Sim_Vids/Moon3/driving_sim/driving_random-8_1.mp4,1
src/Sim_Vids/Moon3/driving_sim/driving_random-7_8.mp4,1
src/Sim_Vids/Moon3/driving_sim/driving_random-30_2.mp4,1
src/Sim_Vids/Moon3/driving_sim/driving_random-7_6.mp4,1
src/Sim_Vids/Moon3/driving_sim/driving_random-24_6.mp4,1
src/Sim_Vids/Moon3/driving_sim/driving_random-20_1.mp4,1
src/Sim_Vids/Moon3/driving_sim/driving_random-2_2.mp4,1
src/Sim_Vids/Moon3/driving_sim/driving_random-27_2.mp4,1
src/Sim_Vids/Moon3/driving_sim/driving_random-26_7.mp4,1
src/Sim_Vids/Moon3/driving_sim/driving_random-18_3.mp4,1
src/Sim_Vids/Moon3/driving_sim/driving_random-12_1.mp4,1
src/Sim_Vids/Moon3/driving_sim/driving_random-17_4.mp4,1
src/Sim_Vids/Moon3/driving_sim/driving_random-17_1.mp4,1
src/Sim_Vids/Moon3/driving_sim/driving_random-25_2.mp4,1
src/Sim_Vids/Moon3/driving_sim/driving_random-4_8.mp4,1
src/Sim_Vids/Moon3/driving_sim/driving_random-7_10.mp4,1
src/Sim_Vids/Moon3/driving_sim/driving_random-12_2.mp4,1
src/Sim_Vids/Moon3/driving_sim/driving_random-4_4.mp4,1
src/Sim_Vids/Moon3/driving_sim/driving_random-12_3.mp4,1
src/Sim_Vids/Moon3/driving_sim/driving_random-5_8.mp4,1
src/Sim_Vids/Moon3/driving_sim/driving_random-10_2.mp4,1
src/Sim_Vids/Moon3/driving_sim/driving_random-27_1.mp4,1
src/Sim_Vids/Moon3/driving_sim/driving_random-9_4.mp4,1
src/Sim_Vids/Moon3/driving_sim/driving_random-26_3.mp4,1
src/Sim_Vids/Moon3/driving_sim/driving_random-24_9.mp4,1
src/Sim_Vids/Moon3/driving_sim/driving_random-11_5.mp4,1
src/Sim_Vids/Moon3/driving_sim/driving_random-19_6.mp4,1
src/Sim_Vids/Moon3/driving_sim/driving_random-24_2.mp4,1
src/Sim_Vids/Moon3/driving_sim/driving_random-8_6.mp4,1
src/Sim_Vids/Moon3/driving_sim/driving_random-15_5.mp4,1
src/Sim_Vids/Moon3/driving_sim/driving_random-5_1.mp4,1
src/Sim_Vids/Moon3/driving_sim/driving_random-21_1.mp4,1
src/Sim_Vids/Moon3/driving_sim/driving_random-15_1.mp4,1
src/Sim_Vids/Moon3/driving_sim/driving_random-26_9.mp4,1
src/Sim_Vids/Moon3/driving_sim/driving_random-9_3.mp4,1
src/Sim_Vids/Moon3/driving_sim/driving_random-11_3.mp4,1
src/Sim_Vids/Moon3/driving_sim/driving_random-9_1.mp4,1
src/Sim_Vids/Moon3/driving_sim/driving_random-5_5.mp4,1
src/Sim_Vids/Moon3/driving_sim/driving_random-30_3.mp4,1
src/Sim_Vids/Moon3/driving_sim/driving_random-18_1.mp4,1
src/Sim_Vids/Moon3/driving_sim/driving_random-31_11.mp4,1
src/Sim_Vids/Moon3/driving_sim/driving_random-6_2.mp4,1
src/Sim_Vids/Big_Trial3_Class/Driving/clip_0028.mp4,1
src/Sim_Vids/Big_Trial3_Class/Driving/clip_0072.mp4,1
src/Sim_Vids/Big_Trial3_Class/Driving/clip_0088.mp4,1
src/Sim_Vids/Big_Trial3_Class/Driving/clip_0077.mp4,1
src/Sim_Vids/Big_Trial3_Class/Driving/clip_0062.mp4,1
src/Sim_Vids/Big_Trial3_Class/Driving/clip_0222.mp4,1
src/Sim_Vids/Big_Trial3_Class/Driving/clip_0120.mp4,1
src/Sim_Vids/Big_Trial3_Class/Driving/clip_0227.mp4,1
src/Sim_Vids/Big_Trial3_Class/Driving/clip_0035.mp4,1
src/Sim_Vids/Big_Trial3_Class/Driving/clip_0194.mp4,1
src/Sim_Vids/Big_Trial3_Class/Driving/clip_0050.mp4,1
src/Sim_Vids/Big_Trial3_Class/Driving/clip_0112.mp4,1
src/Sim_Vids/Big_Trial3_Class/Driving/clip_0092.mp4,1
src/Sim_Vids/Big_Trial3_Class/Driving/clip_0122.mp4,1
src/Sim_Vids/Big_Trial3_Class/Driving/clip_0273.mp4,1
src/Sim_Vids/Big_Trial3_Class/Driving/clip_0114.mp4,1
src/Sim_Vids/Big_Trial3_Class/Driving/clip_0160.mp4,1
src/Sim_Vids/Big_Trial3_Class/Driving/clip_0058.mp4,1
src/Sim_Vids/Big_Trial3_Class/Driving/clip_0245.mp4,1
src/Sim_Vids/Big_Trial3_Class/Driving/clip_0086.mp4,1
src/Sim_Vids/Big_Trial3_Class/Driving/clip_0181.mp4,1
src/Sim_Vids/Big_Trial3_Class/Driving/clip_0207.mp4,1
src/Sim_Vids/Big_Trial3_Class/Driving/clip_0010.mp4,1
src/Sim_Vids/Big_Trial3_Class/Driving/clip_0202.mp4,1
src/Sim_Vids/Big_Trial3_Class/Driving/clip_0158.mp4,1
src/Sim_Vids/Big_Trial3_Class/Driving/clip_0230.mp4,1
src/Sim_Vids/Big_Trial3_Class/Driving/clip_0060.mp4,1
src/Sim_Vids/Big_Trial3_Class/Driving/clip_0040.mp4,1
src/Sim_Vids/Big_Trial3_Class/Driving/clip_0145.mp4,1
src/Sim_Vids/Big_Trial3_Class/Driving/clip_0135.mp4,1
src/Sim_Vids/Big_Trial3_Class/Driving/clip_0178.mp4,1
src/Sim_Vids/Big_Trial3_Class/Driving/clip_0004.mp4,1
src/Sim_Vids/Big_Trial3_Class/Driving/clip_0183.mp4,1
src/Sim_Vids/Big_Trial3_Class/Driving/clip_0184.mp4,1
src/Sim_Vids/Big_Trial3_Class/Driving/clip_0117.mp4,1
src/Sim_Vids/Big_Trial3_Class/Driving/clip_0007.mp4,1
src/Sim_Vids/Big_Trial3_Class/Driving/clip_0083.mp4,1
src/Sim_Vids/Big_Trial3_Class/Driving/clip_0156.mp4,1
src/Sim_Vids/Big_Trial3_Class/Driving/clip_0257.mp4,1
src/Sim_Vids/Big_Trial3_Class/Driving/clip_0231.mp4,1
src/Sim_Vids/Big_Trial3_Class/Driving/clip_0116.mp4,1
src/Sim_Vids/Big_Trial3_Class/Driving/clip_0223.mp4,1
src/Sim_Vids/Big_Trial3_Class/Driving/clip_0015.mp4,1
src/Sim_Vids/Big_Trial3_Class/Driving/clip_0013.mp4,1
src/Sim_Vids/Big_Trial3_Class/Driving/clip_0189.mp4,1
src/Sim_Vids/Big_Trial3_Class/Driving/clip_0098.mp4,1
src/Sim_Vids/Big_Trial3_Class/Driving/clip_0250.mp4,1
src/Sim_Vids/Big_Trial3_Class/Driving/clip_0205.mp4,1
src/Sim_Vids/Big_Trial3_Class/Driving/clip_0090.mp4,1
src/Sim_Vids/Big_Trial3_Class/Driving/clip_0198.mp4,1
src/Sim_Vids/Big_Trial3_Class/Driving/clip_0148.mp4,1
src/Sim_Vids/Big_Trial3_Class/Driving/clip_0172.mp4,1
src/Sim_Vids/Big_Trial3_Class/Driving/clip_0109.mp4,1
src/Sim_Vids/Big_Trial3_Class/Driving/clip_0034.mp4,1
src/Sim_Vids/Big_Trial3_Class/Driving/clip_0196.mp4,1
src/Sim_Vids/Big_Trial3_Class/Driving/clip_0151.mp4,1
src/Sim_Vids/Big_Trial3_Class/Driving/clip_0233.mp4,1
src/Sim_Vids/Big_Trial3_Class/Driving/clip_0016.mp4,1
src/Sim_Vids/Big_Trial3_Class/Driving/clip_0219.mp4,1
src/Sim_Vids/Big_Trial3_Class/Driving/clip_0161.mp4,1
src/Sim_Vids/Big_Trial3_Class/Driving/clip_0275.mp4,1
src/Sim_Vids/Big_Trial3_Class/Driving/clip_0003.mp4,1
src/Sim_Vids/Big_Trial3_Class/Driving/clip_0048.mp4,1
src/Sim_Vids/Big_Trial3_Class/Driving/clip_0063.mp4,1
src/Sim_Vids/Big_Trial3_Class/Driving/clip_0185.mp4,1
src/Sim_Vids/Big_Trial3_Class/Driving/clip_0253.mp4,1
src/Sim_Vids/Big_Trial3_Class/Driving/clip_0144.mp4,1
src/Sim_Vids/Big_Trial3_Class/Driving/clip_0017.mp4,1
src/Sim_Vids/Big_Trial3_Class/Driving/clip_0097.mp4,1
src/Sim_Vids/Big_Trial3_Class/Driving/clip_0082.mp4,1
src/Sim_Vids/Big_Trial3_Class/Driving/clip_0134.mp4,1
src/Sim_Vids/Big_Trial3_Class/Driving/clip_0191.mp4,1
src/Sim_Vids/Big_Trial3_Class/Driving/clip_0278.mp4,1
src/Sim_Vids/Big_Trial3_Class/Driving/clip_0258.mp4,1
src/Sim_Vids/Big_Trial3_Class/Driving/clip_0263.mp4,1
src/Sim_Vids/Big_Trial3_Class/Driving/clip_0192.mp4,1
src/Sim_Vids/Big_Trial3_Class/Driving/clip_0149.mp4,1
src/Sim_Vids/Big_Trial3_Class/Driving/clip_0218.mp4,1
src/Sim_Vids/Big_Trial3_Class/Driving/clip_0093.mp4,1
src/Sim_Vids/Big_Trial3_Class/Driving/clip_0031.mp4,1
src/Sim_Vids/Big_Trial3_Class/Driving/clip_0210.mp4,1
src/Sim_Vids/Big_Trial3_Class/Driving/clip_0240.mp4,1
src/Sim_Vids/Big_Trial3_Class/Driving/clip_0131.mp4,1
src/Sim_Vids/Big_Trial3_Class/Driving/clip_0047.mp4,1
src/Sim_Vids/Big_Trial3_Class/Driving/clip_0199.mp4,1
src/Sim_Vids/Big_Trial3_Class/Driving/clip_0224.mp4,1
src/Sim_Vids/Big_Trial3_Class/Driving/clip_0201.mp4,1
src/Sim_Vids/Big_Trial3_Class/Driving/clip_0094.mp4,1
src/Sim_Vids/Big_Trial3_Class/Driving/clip_0235.mp4,1
src/Sim_Vids/Big_Trial3_Class/Driving/clip_0262.mp4,1
src/Sim_Vids/Big_Trial3_Class/Driving/clip_0059.mp4,1
src/Sim_Vids/Big_Trial3_Class/Driving/clip_0274.mp4,1
src/Sim_Vids/Big_Trial3_Class/Driving/clip_0091.mp4,1
src/Sim_Vids/Big_Trial3_Class/Driving/clip_0176.mp4,1
src/Sim_Vids/Big_Trial3_Class/Driving/clip_0213.mp4,1
src/Sim_Vids/Big_Trial3_Class/Driving/clip_0146.mp4,1
src/Sim_Vids/Big_Trial3_Class/Driving/clip_0246.mp4,1
src/Sim_Vids/Big_Trial3_Class/Driving/clip_0152.mp4,1
src/Sim_Vids/Big_Trial3_Class/Driving/clip_0281.mp4,1
src/Sim_Vids/Big_Trial3_Class/Driving/clip_0137.mp4,1
src/Sim_Vids/Big_Trial3_Class/Driving/clip_0107.mp4,1
src/Sim_Vids/Big_Trial3_Class/Driving/clip_0239.mp4,1
src/Sim_Vids/Big_Trial3_Class/Driving/clip_0264.mp4,1
src/Sim_Vids/Big_Trial3_Class/Driving/clip_0186.mp4,1
src/Sim_Vids/Big_Trial3_Class/Driving/clip_0166.mp4,1
src/Sim_Vids/Big_Trial3_Class/Driving/clip_0154.mp4,1
src/Sim_Vids/Big_Trial3_Class/Driving/clip_0079.mp4,1
src/Sim_Vids/Big_Trial3_Class/Driving/clip_0174.mp4,1
src/Sim_Vids/Big_Trial3_Class/Driving/clip_0012.mp4,1
src/Sim_Vids/Big_Trial3_Class/Driving/clip_0071.mp4,1
src/Sim_Vids/Big_Trial3_Class/Driving/clip_0069.mp4,1
src/Sim_Vids/Big_Trial3_Class/Driving/clip_0220.mp4,1
src/Sim_Vids/Big_Trial3_Class/Driving/clip_0261.mp4,1
src/Sim_Vids/Big_Trial3_Class/Driving/clip_0236.mp4,1
src/Sim_Vids/Big_Trial3_Class/Driving/clip_0029.mp4,1
src/Sim_Vids/Big_Trial3_Class/Driving/clip_0173.mp4,1
src/Sim_Vids/Big_Trial3_Class/Driving/clip_0005.mp4,1
src/Sim_Vids/Big_Trial3_Class/Driving/clip_0073.mp4,1
src/Sim_Vids/Big_Trial3_Class/Driving/clip_0022.mp4,1
src/Sim_Vids/Big_Trial3_Class/Driving/clip_0195.mp4,1
src/Sim_Vids/Big_Trial3_Class/Driving/clip_0249.mp4,1
src/Sim_Vids/Big_Trial3_Class/Driving/clip_0248.mp4,1
src/Sim_Vids/Big_Trial3_Class/Driving/clip_0076.mp4,1
src/Sim_Vids/Big_Trial3_Class/Driving/clip_0128.mp4,1
src/Sim_Vids/Big_Trial3_Class/Driving/clip_0101.mp4,1
src/Sim_Vids/Big_Trial3_Class/Driving/clip_0266.mp4,1
src/Sim_Vids/Big_Trial3_Class/Driving/clip_0142.mp4,1
src/Sim_Vids/Big_Trial3_Class/Driving/clip_0237.mp4,1
src/Sim_Vids/Big_Trial3_Class/Driving/clip_0203.mp4,1
src/Sim_Vids/Big_Trial3_Class/Driving/clip_0238.mp4,1
src/Sim_Vids/Big_Trial3_Class/Driving/clip_0002.mp4,1
src/Sim_Vids/Big_Trial3_Class/Driving/clip_0208.mp4,1
src/Sim_Vids/Big_Trial3_Class/Driving/clip_0046.mp4,1
src/Sim_Vids/Big_Trial3_Class/Driving/clip_0138.mp4,1
src/Sim_Vids/Big_Trial3_Class/Driving/clip_0167.mp4,1
src/Sim_Vids/Big_Trial3_Class/Driving/clip_0087.mp4,1
src/Sim_Vids/Big_Trial3_Class/Driving/clip_0179.mp4,1
src/Sim_Vids/Big_Trial3_Class/Driving/clip_0075.mp4,1
src/Sim_Vids/Big_Trial3_Class/Driving/clip_0276.mp4,1
src/Sim_Vids/Big_Trial3_Class/Driving/clip_0033.mp4,1
src/Sim_Vids/Big_Trial3_Class/Driving/clip_0065.mp4,1
src/Sim_Vids/Big_Trial3_Class/Driving/clip_0168.mp4,1
src/Sim_Vids/Big_Trial3_Class/Driving/clip_0140.mp4,1
src/Sim_Vids/Big_Trial3_Class/Driving/clip_0051.mp4,1
src/Sim_Vids/Big_Trial3_Class/Driving/clip_0252.mp4,1
src/Sim_Vids/Big_Trial3_Class/Driving/clip_0180.mp4,1
src/Sim_Vids/Big_Trial3_Class/Driving/clip_0055.mp4,1
src/Sim_Vids/Big_Trial3_Class/Driving/clip_0279.mp4,1
src/Sim_Vids/Big_Trial3_Class/Driving/clip_0123.mp4,1
src/Sim_Vids/Big_Trial3_Class/Driving/clip_0241.mp4,1
src/Sim_Vids/Big_Trial3_Class/Driving/clip_0242.mp4,1
src/Sim_Vids/Big_Trial3_Class/Driving/clip_0102.mp4,1
src/Sim_Vids/Big_Trial3_Class/Driving/clip_0197.mp4,1
src/Sim_Vids/Big_Trial3_Class/Driving/clip_0105.mp4,1
src/Sim_Vids/Big_Trial3_Class/Driving/clip_0271.mp4,1
src/Sim_Vids/Big_Trial3_Class/Driving/clip_0124.mp4,1
src/Sim_Vids/Big_Trial3_Class/Driving/clip_0255.mp4,1
src/Sim_Vids/Big_Trial3_Class/Driving/clip_0032.mp4,1
src/Sim_Vids/Big_Trial3_Class/Driving/clip_0267.mp4,1
src/Sim_Vids/Big_Trial3_Class/Driving/clip_0182.mp4,1
src/Sim_Vids/Big_Trial3_Class/Driving/clip_0110.mp4,1
src/Sim_Vids/Big_Trial3_Class/Driving/clip_0106.mp4,1
src/Sim_Vids/Big_Trial3_Class/Driving/clip_0009.mp4,1
src/Sim_Vids/Big_Trial3_Class/Driving/clip_0000.mp4,1
src/Sim_Vids/Big_Trial3_Class/Driving/clip_0272.mp4,1
src/Sim_Vids/Big_Trial3_Class/Driving/clip_0139.mp4,1
src/Sim_Vids/Big_Trial3_Class/Driving/clip_0054.mp4,1
src/Sim_Vids/Big_Trial3_Class/Driving/clip_0074.mp4,1
src/Sim_Vids/Big_Trial3_Class/Driving/clip_0190.mp4,1
src/Sim_Vids/Big_Trial3_Class/Driving/clip_0057.mp4,1
src/Sim_Vids/Big_Trial3_Class/Driving/clip_0056.mp4,1
src/Sim_Vids/Big_Trial3_Class/Driving/clip_0229.mp4,1
src/Sim_Vids/Big_Trial3_Class/Driving/clip_0115.mp4,1
src/Sim_Vids/Big_Trial3_Class/Driving/clip_0130.mp4,1
src/Sim_Vids/Big_Trial3_Class/Driving/clip_0133.mp4,1
src/Sim_Vids/Big_Trial3_Class/Driving/clip_0025.mp4,1
src/Sim_Vids/Big_Trial3_Class/Driving/clip_0153.mp4,1
src/Sim_Vids/Big_Trial3_Class/Driving/clip_0095.mp4,1
src/Sim_Vids/Big_Trial3_Class/Driving/clip_0089.mp4,1
src/Sim_Vids/Big_Trial3_Class/Driving/clip_0081.mp4,1
src/Sim_Vids/Big_Trial3_Class/Driving/clip_0085.mp4,1
src/Sim_Vids/Big_Trial3_Class/Driving/clip_0111.mp4,1
src/Sim_Vids/Big_Trial3_Class/Driving/clip_0282.mp4,1
src/Sim_Vids/Big_Trial3_Class/Driving/clip_0147.mp4,1
src/Sim_Vids/Big_Trial3_Class/Driving/clip_0041.mp4,1
src/Sim_Vids/Big_Trial3_Class/Driving/clip_0175.mp4,1
src/Sim_Vids/Big_Trial3_Class/Driving/clip_0259.mp4,1
src/Sim_Vids/Big_Trial3_Class/Driving/clip_0043.mp4,1
src/Sim_Vids/Big_Trial3_Class/Driving/clip_0127.mp4,1
src/Sim_Vids/Big_Trial3_Class/Driving/clip_0113.mp4,1
src/Sim_Vids/Big_Trial3_Class/Driving/clip_0141.mp4,1
src/Sim_Vids/Big_Trial3_Class/Driving/clip_0118.mp4,1
src/Sim_Vids/Big_Trial3_Class/Driving/clip_0211.mp4,1
src/Sim_Vids/Big_Trial3_Class/Driving/clip_0099.mp4,1
src/Sim_Vids/Big_Trial3_Class/Driving/clip_0037.mp4,1
src/Sim_Vids/Big_Trial3_Class/Driving/clip_0206.mp4,1
src/Sim_Vids/Big_Trial3_Class/Driving/clip_0053.mp4,1
src/Sim_Vids/Big_Trial3_Class/Driving/clip_0078.mp4,1
src/Sim_Vids/Big_Trial3_Class/Driving/clip_0256.mp4,1
src/Sim_Vids/Big_Trial3_Class/Driving/clip_0150.mp4,1
src/Sim_Vids/Big_Trial3_Class/Driving/clip_0187.mp4,1
src/Sim_Vids/Big_Trial3_Class/Driving/clip_0021.mp4,1
src/Sim_Vids/Big_Trial3_Class/Driving/clip_0204.mp4,1
src/Sim_Vids/Big_Trial3_Class/Driving/clip_0023.mp4,1
src/Sim_Vids/Big_Trial3_Class/Driving/clip_0061.mp4,1
src/Sim_Vids/Big_Trial3_Class/Driving/clip_0265.mp4,1
src/Sim_Vids/Big_Trial3_Class/Driving/clip_0038.mp4,1
src/Sim_Vids/Big_Trial3_Class/Driving/clip_0125.mp4,1
src/Sim_Vids/Big_Trial3_Class/Driving/clip_0244.mp4,1
src/Sim_Vids/Big_Trial3_Class/Driving/clip_0234.mp4,1
src/Sim_Vids/Big_Trial3_Class/Driving/clip_0024.mp4,1
src/Sim_Vids/Big_Trial3_Class/Driving/clip_0052.mp4,1
src/Sim_Vids/Big_Trial3_Class/Driving/clip_0049.mp4,1
src/Sim_Vids/Big_Trial3_Class/Driving/clip_0019.mp4,1
src/Sim_Vids/Big_Trial3_Class/Driving/clip_0170.mp4,1
src/Sim_Vids/Big_Trial3_Class/Driving/clip_0011.mp4,1
src/Sim_Vids/Big_Trial3_Class/Driving/clip_0228.mp4,1
src/Sim_Vids/Big_Trial3_Class/Driving/clip_0001.mp4,1
src/Sim_Vids/Big_Trial3_Class/Driving/clip_0018.mp4,1
src/Sim_Vids/Big_Trial3_Class/Driving/clip_0270.mp4,1
src/Sim_Vids/Big_Trial3_Class/Driving/clip_0030.mp4,1
src/Sim_Vids/Big_Trial3_Class/Driving/clip_0177.mp4,1
src/Sim_Vids/Big_Trial3_Class/Driving/clip_0232.mp4,1
src/Sim_Vids/Big_Trial3_Class/Driving/clip_0200.mp4,1
src/Sim_Vids/Big_Trial3_Class/Driving/clip_0164.mp4,1
src/Sim_Vids/Big_Trial3_Class/Driving/clip_0155.mp4,1
src/Sim_Vids/Big_Trial3_Class/Driving/clip_0064.mp4,1
src/Sim_Vids/Big_Trial3_Class/Driving/clip_0084.mp4,1
src/Sim_Vids/Big_Trial3_Class/Driving/clip_0103.mp4,1
src/Sim_Vids/Big_Trial3_Class/Driving/clip_0006.mp4,1
src/Sim_Vids/Big_Trial3_Class/Driving/clip_0217.mp4,1
src/Sim_Vids/Big_Trial3_Class/Driving/clip_0036.mp4,1
src/Sim_Vids/Big_Trial3_Class/Driving/clip_0251.mp4,1
src/Sim_Vids/Big_Trial3_Class/Driving/clip_0119.mp4,1
src/Sim_Vids/Big_Trial3_Class/Driving/clip_0226.mp4,1
src/Sim_Vids/Big_Trial3_Class/Driving/clip_0269.mp4,1
src/Sim_Vids/Big_Trial3_Class/Driving/clip_0165.mp4,1
src/Sim_Vids/Big_Trial3_Class/Driving/clip_0096.mp4,1
src/Sim_Vids/Big_Trial3_Class/Driving/clip_0070.mp4,1
src/Sim_Vids/Big_Trial3_Class/Driving/clip_0020.mp4,1
src/Sim_Vids/Big_Trial3_Class/Driving/clip_0129.mp4,1
src/Sim_Vids/Big_Trial3_Class/Driving/clip_0159.mp4,1
src/Sim_Vids/Big_Trial3_Class/Driving/clip_0221.mp4,1
src/Sim_Vids/Big_Trial3_Class/Driving/clip_0067.mp4,1
src/Sim_Vids/Big_Trial3_Class/Driving/clip_0169.mp4,1
src/Sim_Vids/Big_Trial3_Class/Driving/clip_0209.mp4,1
src/Sim_Vids/Big_Trial3_Class/Driving/clip_0215.mp4,1
src/Sim_Vids/Big_Trial3_Class/Driving/clip_0042.mp4,1
src/Sim_Vids/Big_Trial3_Class/Driving/clip_0243.mp4,1
src/Sim_Vids/Big_Trial3_Class/Driving/clip_0027.mp4,1
src/Sim_Vids/Big_Trial3_Class/Driving/clip_0171.mp4,1
src/Sim_Vids/Big_Trial3_Class/Driving/clip_0193.mp4,1
src/Sim_Vids/Big_Trial3_Class/Driving/clip_0212.mp4,1
src/Sim_Vids/Big_Trial3_Class/Driving/clip_0066.mp4,1
src/Sim_Vids/Big_Trial3_Class/Driving/clip_0044.mp4,1
src/Sim_Vids/Big_Trial3_Class/Driving/clip_0121.mp4,1
src/Sim_Vids/Big_Trial3_Class/Driving/clip_0014.mp4,1
src/Sim_Vids/Big_Trial3_Class/Driving/clip_0162.mp4,1
src/Sim_Vids/Big_Trial3_Class/Driving/clip_0163.mp4,1
src/Sim_Vids/Big_Trial3_Class/Driving/clip_0136.mp4,1
src/Sim_Vids/Big_Trial3_Class/Driving/clip_0008.mp4,1
src/Sim_Vids/Big_Trial3_Class/Driving/clip_0260.mp4,1
src/Sim_Vids/Big_Trial3_Class/Driving/clip_0068.mp4,1
src/Sim_Vids/Big_Trial3_Class/Driving/clip_0254.mp4,1
src/Sim_Vids/Big_Trial3_Class/Driving/clip_0277.mp4,1
src/Sim_Vids/Big_Trial3_Class/Driving/clip_0039.mp4,1
src/Sim_Vids/Big_Trial3_Class/Driving/clip_0080.mp4,1
src/Sim_Vids/Big_Trial3_Class/Driving/clip_0280.mp4,1
src/Sim_Vids/Big_Trial3_Class/Driving/clip_0026.mp4,1
src/Sim_Vids/Big_Trial3_Class/Driving/clip_0104.mp4,1
src/Sim_Vids/Big_Trial3_Class/Driving/clip_0126.mp4,1
src/Sim_Vids/Big_Trial3_Class/Driving/clip_0214.mp4,1
src/Sim_Vids/Big_Trial3_Class/Driving/clip_0188.mp4,1
src/Sim_Vids/Big_Trial3_Class/Driving/clip_0216.mp4,1
src/Sim_Vids/Big_Trial3_Class/Driving/clip_0108.mp4,1
src/Sim_Vids/Big_Trial3_Class/Driving/clip_0045.mp4,1
src/Sim_Vids/Big_Trial3_Class/Driving/clip_0225.mp4,1
src/Sim_Vids/Big_Trial3_Class/Driving/clip_0100.mp4,1
src/Sim_Vids/Big_Trial3_Class/Driving/clip_0247.mp4,1
src/Sim_Vids/Big_Trial3_Class/Driving/clip_0268.mp4,1
src/Sim_Vids/Big_Trial3_Class/Driving/clip_0157.mp4,1
src/Sim_Vids/Big_Trial3_Class/Driving/clip_0132.mp4,1
src/Sim_Vids/Big_Trial3_Class/Driving/clip_0143.mp4,1