/home/leon-gold/Downloads/TrialMoonwalk/Earth/Crouching/clip_0028.mp4,4
/home/leon-gold/Downloads/TrialMoonwalk/Earth/Crouching/clip_0035.mp4,4
/home/leon-gold/Downloads/TrialMoonwalk/Earth/Crouching/clip_0010.mp4,4
/home/leon-gold/Downloads/TrialMoonwalk/Earth/Crouching/clip_0040.mp4,4
/home/leon-gold/Downloads/TrialMoonwalk/Earth/Crouching/clip_0004.mp4,4
/home/leon-gold/Downloads/TrialMoonwalk/Earth/Crouching/clip_0007.mp4,4
/home/leon-gold/Downloads/TrialMoonwalk/Earth/Crouching/clip_0015.mp4,4
/home/leon-gold/Downloads/TrialMoonwalk/Earth/Crouching/clip_0013.mp4,4
/home/leon-gold/Downloads/TrialMoonwalk/Earth/Crouching/clip_0034.mp4,4
/home/leon-gold/Downloads/TrialMoonwalk/Earth/Crouching/clip_0016.mp4,4
/home/leon-gold/Downloads/TrialMoonwalk/Earth/Crouching/clip_0003.mp4,4
/home/leon-gold/Downloads/TrialMoonwalk/Earth/Crouching/clip_0048.mp4,4
/home/leon-gold/Downloads/TrialMoonwalk/Earth/Crouching/clip_0017.mp4,4
/home/leon-gold/Downloads/TrialMoonwalk/Earth/Crouching/clip_0031.mp4,4
/home/leon-gold/Downloads/TrialMoonwalk/Earth/Crouching/clip_0047.mp4,4
/home/leon-gold/Downloads/TrialMoonwalk/Earth/Crouching/clip_0012.mp4,4
/home/leon-gold/Downloads/TrialMoonwalk/Earth/Crouching/clip_0029.mp4,4
/home/leon-gold/Downloads/TrialMoonwalk/Earth/Crouching/clip_0005.mp4,4
/home/leon-gold/Downloads/TrialMoonwalk/Earth/Crouching/clip_0022.mp4,4
/home/leon-gold/Downloads/TrialMoonwalk/Earth/Crouching/clip_0002.mp4,4
/home/leon-gold/Downloads/TrialMoonwalk/Earth/Crouching/clip_0046.mp4,4
/home/leon-gold/Downloads/TrialMoonwalk/Earth/Crouching/clip_0033.mp4,4
/home/leon-gold/Downloads/TrialMoonwalk/Earth/Falling/clip_0028.mp4,2
/home/leon-gold/Downloads/TrialMoonwalk/Earth/Falling/clip_0010.mp4,2
/home/leon-gold/Downloads/TrialMoonwalk/Earth/Falling/clip_0004.mp4,2
/home/leon-gold/Downloads/TrialMoonwalk/Earth/Falling/clip_0007.mp4,2
/home/leon-gold/Downloads/TrialMoonwalk/Earth/Falling/clip_0015.mp4,2
/home/leon-gold/Downloads/TrialMoonwalk/Earth/Falling/clip_0013.mp4,2
/home/leon-gold/Downloads/TrialMoonwalk/Earth/Falling/clip_0016.mp4,2
/home/leon-gold/Downloads/TrialMoonwalk/Earth/Falling/clip_0012.mp4,2
/home/leon-gold/Downloads/TrialMoonwalk/Earth/Falling/clip_0029.mp4,2
/home/leon-gold/Downloads/TrialMoonwalk/Earth/Falling/clip_0005.mp4,2
/home/leon-gold/Downloads/TrialMoonwalk/Earth/Falling/clip_0022.mp4,2
/home/leon-gold/Downloads/TrialMoonwalk/Earth/Falling/clip_0032.mp4,2
/home/leon-gold/Downloads/TrialMoonwalk/Earth/Falling/clip_0009.mp4,2
/home/leon-gold/Downloads/TrialMoonwalk/Earth/Falling/clip_0000.mp4,2
/home/leon-gold/Downloads/TrialMoonwalk/Earth/Falling/clip_0021.mp4,2
/home/leon-gold/Downloads/TrialMoonwalk/Earth/Falling/clip_0023.mp4,2
/home/leon-gold/Downloads/TrialMoonwalk/Earth/Falling/clip_0019.mp4,2
/home/leon-gold/Downloads/TrialMoonwalk/Earth/Falling/clip_0001.mp4,2
/home/leon-gold/Downloads/TrialMoonwalk/Earth/Falling/clip_0018.mp4,2
/home/leon-gold/Downloads/TrialMoonwalk/Earth/Falling/clip_0020.mp4,2
/home/leon-gold/Downloads/TrialMoonwalk/Earth/Falling/clip_0014.mp4,2
/home/leon-gold/Downloads/TrialMoonwalk/Earth/Falling/clip_0026.mp4,2
/home/leon-gold/Downloads/TrialMoonwalk/Earth/Jumping/clip_0010.mp4,5
/home/leon-gold/Downloads/TrialMoonwalk/Earth/Jumping/clip_0004.mp4,5
/home/leon-gold/Downloads/TrialMoonwalk/Earth/Jumping/clip_0007.mp4,5
/home/leon-gold/Downloads/TrialMoonwalk/Earth/Jumping/clip_0015.mp4,5
/home/leon-gold/Downloads/TrialMoonwalk/Earth/Jumping/clip_0013.mp4,5
/home/leon-gold/Downloads/TrialMoonwalk/Earth/Jumping/clip_0016.mp4,5
/home/leon-gold/Downloads/TrialMoonwalk/Earth/Jumping/clip_0003.mp4,5
/home/leon-gold/Downloads/TrialMoonwalk/Earth/Jumping/clip_0001 (2).mp4,5
/home/leon-gold/Downloads/TrialMoonwalk/Earth/Jumping/clip_0000 (2).mp4,5
/home/leon-gold/Downloads/TrialMoonwalk/Earth/Jumping/clip_0012.mp4,5
/home/leon-gold/Downloads/TrialMoonwalk/Earth/Jumping/clip_0005.mp4,5
/home/leon-gold/Downloads/TrialMoonwalk/Earth/Jumping/clip_0002.mp4,5
/home/leon-gold/Downloads/TrialMoonwalk/Earth/Jumping/clip_0009.mp4,5
/home/leon-gold/Downloads/TrialMoonwalk/Earth/Jumping/clip_0000.mp4,5
/home/leon-gold/Downloads/TrialMoonwalk/Earth/Jumping/clip_0003 (2).mp4,5
/home/leon-gold/Downloads/TrialMoonwalk/Earth/Jumping/clip_0011.mp4,5
/home/leon-gold/Downloads/TrialMoonwalk/Earth/Jumping/clip_0001.mp4,5
/home/leon-gold/Downloads/TrialMoonwalk/Earth/Jumping/clip_0006.mp4,5
/home/leon-gold/Downloads/TrialMoonwalk/Earth/Jumping/clip_0002 (2).mp4,5
/home/leon-gold/Downloads/TrialMoonwalk/Earth/Jumping/clip_0014.mp4,5
/home/leon-gold/Downloads/TrialMoonwalk/Earth/Jumping/clip_0008.mp4,5
/home/leon-gold/Downloads/TrialMoonwalk/Earth/Jumping/clip_0004 (2).mp4,5
/home/leon-gold/Downloads/TrialMoonwalk/Earth/Walking/clip_0028.mp4,3
/home/leon-gold/Downloads/TrialMoonwalk/Earth/Walking/clip_0035.mp4,3
/home/leon-gold/Downloads/TrialMoonwalk/Earth/Walking/clip_0010.mp4,3
/home/leon-gold/Downloads/TrialMoonwalk/Earth/Walking/clip_0040.mp4,3
/home/leon-gold/Downloads/TrialMoonwalk/Earth/Walking/clip_0004.mp4,3
/home/leon-gold/Downloads/TrialMoonwalk/Earth/Walking/clip_0007.mp4,3
/home/leon-gold/Downloads/TrialMoonwalk/Earth/Walking/clip_0015.mp4,3
/home/leon-gold/Downloads/TrialMoonwalk/Earth/Walking/clip_0013.mp4,3
/home/leon-gold/Downloads/TrialMoonwalk/Earth/Walking/clip_0034.mp4,3
/home/leon-gold/Downloads/TrialMoonwalk/Earth/Walking/clip_0016.mp4,3
/home/leon-gold/Downloads/TrialMoonwalk/Earth/Walking/clip_0003.mp4,3
/home/leon-gold/Downloads/TrialMoonwalk/Earth/Walking/clip_0017.mp4,3
/home/leon-gold/Downloads/TrialMoonwalk/Earth/Walking/clip_0031.mp4,3
/home/leon-gold/Downloads/TrialMoonwalk/Earth/Walking/clip_0012.mp4,3
/home/leon-gold/Downloads/TrialMoonwalk/Earth/Walking/clip_0029.mp4,3
/home/leon-gold/Downloads/TrialMoonwalk/Earth/Walking/clip_0005.mp4,3
/home/leon-gold/Downloads/TrialMoonwalk/Earth/Walking/clip_0022.mp4,3
/home/leon-gold/Downloads/TrialMoonwalk/Earth/Walking/clip_0002.mp4,3
/home/leon-gold/Downloads/TrialMoonwalk/Earth/Walking/clip_0046.mp4,3
/home/leon-gold/Downloads/TrialMoonwalk/Earth/Walking/clip_0033.mp4,3
/home/leon-gold/Downloads/TrialMoonwalk/Earth/Walking/clip_0032.mp4,3
/home/leon-gold/Downloads/TrialMoonwalk/Earth/Walking/clip_0009.mp4,3
/home/leon-gold/Downloads/TrialMoonwalk/Earth/Driving/clip_0018.mp4,1
/home/leon-gold/Downloads/TrialMoonwalk/Earth/Driving/clip_0030.mp4,1
/home/leon-gold/Downloads/TrialMoonwalk/Earth/Driving/clip_0164.mp4,1
/home/leon-gold/Downloads/TrialMoonwalk/Earth/Driving/clip_0155.mp4,1
/home/leon-gold/Downloads/TrialMoonwalk/Earth/Driving/clip_0064.mp4,1
/home/leon-gold/Downloads/TrialMoonwalk/Earth/Driving/clip_0084.mp4,1
/home/leon-gold/Downloads/TrialMoonwalk/Earth/Driving/clip_0103.mp4,1
/home/leon-gold/Downloads/TrialMoonwalk/Earth/Driving/clip_0006.mp4,1
/home/leon-gold/Downloads/TrialMoonwalk/Earth/Driving/clip_0036.mp4,1
/home/leon-gold/Downloads/TrialMoonwalk/Earth/Driving/clip_0119.mp4,1
/home/leon-gold/Downloads/TrialMoonwalk/Earth/Driving/clip_0165.mp4,1
/home/leon-gold/Downloads/TrialMoonwalk/Earth/Driving/clip_0096.mp4,1
/home/leon-gold/Downloads/TrialMoonwalk/Earth/Driving/clip_0070.mp4,1
/home/leon-gold/Downloads/TrialMoonwalk/Earth/Driving/clip_0020.mp4,1
/home/leon-gold/Downloads/TrialMoonwalk/Earth/Driving/clip_0129.mp4,1
/home/leon-gold/Downloads/TrialMoonwalk/Earth/Driving/clip_0159.mp4,1
/home/leon-gold/Downloads/TrialMoonwalk/Earth/Driving/clip_0067.mp4,1
/home/leon-gold/Downloads/TrialMoonwalk/Earth/Driving/clip_0169.mp4,1
/home/leon-gold/Downloads/TrialMoonwalk/Earth/Driving/clip_0042.mp4,1
/home/leon-gold/Downloads/TrialMoonwalk/Earth/Driving/clip_0027.mp4,1
/home/leon-gold/Downloads/TrialMoonwalk/Earth/Driving/clip_0171.mp4,1
/home/leon-gold/Downloads/TrialMoonwalk/Earth/Driving/clip_0066.mp4,1
/home/leon-gold/Downloads/TrialMoonwalk/Earth/Servicing/clip_0008 (2).mp4,0
/home/leon-gold/Downloads/TrialMoonwalk/Earth/Servicing/clip_0009 (2).mp4,0
/home/leon-gold/Downloads/TrialMoonwalk/Earth/Servicing/clip_0010.mp4,0
/home/leon-gold/Downloads/TrialMoonwalk/Earth/Servicing/clip_0013 (2).mp4,0
/home/leon-gold/Downloads/TrialMoonwalk/Earth/Servicing/clip_0004.mp4,0
/home/leon-gold/Downloads/TrialMoonwalk/Earth/Servicing/clip_0007.mp4,0
/home/leon-gold/Downloads/TrialMoonwalk/Earth/Servicing/clip_0015.mp4,0
/home/leon-gold/Downloads/TrialMoonwalk/Earth/Servicing/clip_0013.mp4,0
/home/leon-gold/Downloads/TrialMoonwalk/Earth/Servicing/clip_0016.mp4,0
/home/leon-gold/Downloads/TrialMoonwalk/Earth/Servicing/clip_0003.mp4,0
/home/leon-gold/Downloads/TrialMoonwalk/Earth/Servicing/clip_0012 (2).mp4,0
/home/leon-gold/Downloads/TrialMoonwalk/Earth/Servicing/clip_0001 (2).mp4,0
/home/leon-gold/Downloads/TrialMoonwalk/Earth/Servicing/clip_0005 (2).mp4,0
/home/leon-gold/Downloads/TrialMoonwalk/Earth/Servicing/clip_0006 (2).mp4,0
/home/leon-gold/Downloads/TrialMoonwalk/Earth/Servicing/clip_0000 (2).mp4,0
/home/leon-gold/Downloads/TrialMoonwalk/Earth/Servicing/clip_0012.mp4,0
/home/leon-gold/Downloads/TrialMoonwalk/Earth/Servicing/clip_0005.mp4,0
/home/leon-gold/Downloads/TrialMoonwalk/Earth/Servicing/clip_0010 (2).mp4,0
/home/leon-gold/Downloads/TrialMoonwalk/Earth/Servicing/clip_0002.mp4,0
/home/leon-gold/Downloads/TrialMoonwalk/Earth/Servicing/clip_0007 (2).mp4,0
/home/leon-gold/Downloads/TrialMoonwalk/Earth/Servicing/clip_0011 (2).mp4,0
/home/leon-gold/Downloads/TrialMoonwalk/Earth/Servicing/clip_0009.mp4,0
/home/leon-gold/Downloads/TrialMoonwalk/Earth/Servicing/clip_0000.mp4,0

