src/Sim_Vids/Robot moving forward/clip_0071.mp4,0
src/Sim_Vids/Robot moving forward/clip_0069.mp4,0
src/Sim_Vids/Robot moving forward/clip_0070.mp4,0
src/Sim_Vids/Robot moving forward/clip_0068.mp4,0
src/Sim_Vids/Astronaut walking perpendicular wrt Rover/clip_0035.mp4,1
src/Sim_Vids/Astronaut walking perpendicular wrt Rover/clip_0007.mp4,1
src/Sim_Vids/Astronaut walking perpendicular wrt Rover/clip_0034.mp4,1
src/Sim_Vids/Astronaut walking perpendicular wrt Rover/clip_0031.mp4,1
src/Sim_Vids/Astronaut walking perpendicular wrt Rover/clip_0033.mp4,1
src/Sim_Vids/Astronaut walking perpendicular wrt Rover/clip_0032.mp4,1
src/Sim_Vids/Astronaut walking perpendicular wrt Rover/clip_0037.mp4,1
src/Sim_Vids/Astronaut walking perpendicular wrt Rover/clip_0006.mp4,1
src/Sim_Vids/Astronaut walking perpendicular wrt Rover/clip_0036.mp4,1
src/Sim_Vids/Astronaut walking perpendicular wrt Rover/clip_0008.mp4,1
src/Sim_Vids/Astronaut Crouch/Crouching-2.mp4,4
src/Sim_Vids/Astronaut Crouch/Crouching-20.mp4,4
src/Sim_Vids/Astronaut Crouch/Crouching-16.mp4,4
src/Sim_Vids/Astronaut Crouch/Crouching-28.mp4,4
src/Sim_Vids/Astronaut Crouch/Crouching-43.mp4,4
src/Sim_Vids/Astronaut Crouch/Crouching-29.mp4,4
src/Sim_Vids/Astronaut Crouch/Crouching-22.mp4,4
src/Sim_Vids/Astronaut Crouch/Crouching-27.mp4,4
src/Sim_Vids/Astronaut Crouch/Crouching-8.mp4,4
src/Sim_Vids/Astronaut Crouch/Crouching-21.mp4,4
src/Sim_Vids/Astronaut Crouch/Crouching-30.mp4,4
src/Sim_Vids/Astronaut Crouch/Crouching-32.mp4,4
src/Sim_Vids/Astronaut Crouch/Crouching-11.mp4,4
src/Sim_Vids/Astronaut Crouch/Crouching-36.mp4,4
src/Sim_Vids/Astronaut Crouch/Crouching-12.mp4,4
src/Sim_Vids/Astronaut Crouch/Crouching-15.mp4,4
src/Sim_Vids/Astronaut Crouch/Crouching-7.mp4,4
src/Sim_Vids/Astronaut Crouch/Crouching-45.mp4,4
src/Sim_Vids/Astronaut Crouch/Crouching-3.mp4,4
src/Sim_Vids/Astronaut Crouch/Crouching-1.mp4,4
src/Sim_Vids/Astronaut Crouch/Crouching-18.mp4,4
src/Sim_Vids/Astronaut Crouch/Crouching-23.mp4,4
src/Sim_Vids/Astronaut Crouch/clip_0051.mp4,4
src/Sim_Vids/Astronaut Crouch/clip_0055.mp4,4
src/Sim_Vids/Astronaut Crouch/Crouching-24.mp4,4
src/Sim_Vids/Astronaut Crouch/Crouching-39.mp4,4
src/Sim_Vids/Astronaut Crouch/Crouching-4.mp4,4
src/Sim_Vids/Astronaut Crouch/clip_0054.mp4,4
src/Sim_Vids/Astronaut Crouch/Crouching-34.mp4,4
src/Sim_Vids/Astronaut Crouch/clip_0057.mp4,4
src/Sim_Vids/Astronaut Crouch/clip_0056.mp4,4
src/Sim_Vids/Astronaut Crouch/Crouching-44.mp4,4
src/Sim_Vids/Astronaut Crouch/Crouching-14.mp4,4
src/Sim_Vids/Astronaut Crouch/Crouching-5.mp4,4
src/Sim_Vids/Astronaut Crouch/Crouching-31.mp4,4
src/Sim_Vids/Astronaut Crouch/Crouching-46.mp4,4
src/Sim_Vids/Astronaut Crouch/clip_0053.mp4,4
src/Sim_Vids/Astronaut Crouch/Crouching-25.mp4,4
src/Sim_Vids/Astronaut Crouch/clip_0052.mp4,4
src/Sim_Vids/Astronaut Crouch/Crouching-13.mp4,4
src/Sim_Vids/Astronaut Crouch/Crouching-9.mp4,4
src/Sim_Vids/Astronaut Crouch/Crouching-41.mp4,4
src/Sim_Vids/Astronaut Crouch/Crouching-33.mp4,4
src/Sim_Vids/Astronaut Crouch/Crouching-35.mp4,4
src/Sim_Vids/Astronaut Crouch/Crouching-19.mp4,4
src/Sim_Vids/Astronaut Crouch/Crouching-6.mp4,4
src/Sim_Vids/Astronaut Crouch/Crouching-38.mp4,4
src/Sim_Vids/Astronaut Crouch/Crouching-37.mp4,4
src/Sim_Vids/Astronaut Crouch/Crouching-10.mp4,4
src/Sim_Vids/Astronaut Crouch/Crouching-42.mp4,4
src/Sim_Vids/Astronaut Crouch/Crouching-40.mp4,4
src/Sim_Vids/Astronaut Crouch/Crouching-26.mp4,4
src/Sim_Vids/Astronaut Crouch/Crouching-17.mp4,4
src/Sim_Vids/Astronaut Crouch/Crouching-47.mp4,4
src/Sim_Vids/Astronaut turning/clip_0028.mp4,3
src/Sim_Vids/Astronaut turning/clip_0031.mp4,3
src/Sim_Vids/Astronaut turning/clip_0029.mp4,3
src/Sim_Vids/Astronaut turning/clip_0033.mp4,3
src/Sim_Vids/Astronaut turning/clip_0032.mp4,3
src/Sim_Vids/Astronaut turning/clip_0030.mp4,3
src/Sim_Vids/Astronaut turning/clip_0027.mp4,3
src/Sim_Vids/Astronaut turning/clip_0026.mp4,3
src/Sim_Vids/Astronaut hop/clip_0023.mp4,4
src/Sim_Vids/Astronaut hop/clip_0024.mp4,4
src/Sim_Vids/Astronaut pointing/clip_0050.mp4,5
src/Sim_Vids/Astronaut pointing/clip_0010.mp4,5
src/Sim_Vids/Astronaut pointing/clip_0040.mp4,5
src/Sim_Vids/Astronaut pointing/clip_0015.mp4,5
src/Sim_Vids/Astronaut pointing/clip_0013.mp4,5
src/Sim_Vids/Astronaut pointing/clip_0016.mp4,5
src/Sim_Vids/Astronaut pointing/clip_0048.mp4,5
src/Sim_Vids/Astronaut pointing/clip_0017.mp4,5
src/Sim_Vids/Astronaut pointing/clip_0047.mp4,5
src/Sim_Vids/Astronaut pointing/clip_0012.mp4,5
src/Sim_Vids/Astronaut pointing/clip_0022.mp4,5
src/Sim_Vids/Astronaut pointing/clip_0046.mp4,5
src/Sim_Vids/Astronaut pointing/clip_0009.mp4,5
src/Sim_Vids/Astronaut pointing/clip_0041.mp4,5
src/Sim_Vids/Astronaut pointing/clip_0043.mp4,5
src/Sim_Vids/Astronaut pointing/clip_0021.mp4,5
src/Sim_Vids/Astronaut pointing/clip_0038.mp4,5
src/Sim_Vids/Astronaut pointing/clip_0049.mp4,5
src/Sim_Vids/Astronaut pointing/clip_0019.mp4,5
src/Sim_Vids/Astronaut pointing/clip_0011.mp4,5
src/Sim_Vids/Astronaut pointing/clip_0018.mp4,5
src/Sim_Vids/Astronaut pointing/clip_0020.mp4,5
src/Sim_Vids/Astronaut pointing/clip_0042.mp4,5
src/Sim_Vids/Astronaut pointing/clip_0044.mp4,5
src/Sim_Vids/Astronaut pointing/clip_0014.mp4,5
src/Sim_Vids/Astronaut pointing/clip_0039.mp4,5
src/Sim_Vids/Astronaut pointing/clip_0045.mp4,5
src/Sim_Vids/Astronaut Walking Away from Rover/Forward-44.mp4,6
src/Sim_Vids/Astronaut Walking Away from Rover/Forward-55.mp4,6
src/Sim_Vids/Astronaut Walking Away from Rover/Forward-16.mp4,6
src/Sim_Vids/Astronaut Walking Away from Rover/clip_0010.mp4,6
src/Sim_Vids/Astronaut Walking Away from Rover/clip_0004.mp4,6
src/Sim_Vids/Astronaut Walking Away from Rover/Forward-13.mp4,6
src/Sim_Vids/Astronaut Walking Away from Rover/Forward-10.mp4,6
src/Sim_Vids/Astronaut Walking Away from Rover/clip_0007.mp4,6
src/Sim_Vids/Astronaut Walking Away from Rover/Forward-50.mp4,6
src/Sim_Vids/Astronaut Walking Away from Rover/clip_0015.mp4,6
src/Sim_Vids/Astronaut Walking Away from Rover/Forward-49.mp4,6
src/Sim_Vids/Astronaut Walking Away from Rover/clip_0013.mp4,6
src/Sim_Vids/Astronaut Walking Away from Rover/Forward-35.mp4,6
src/Sim_Vids/Astronaut Walking Away from Rover/Forward-17.mp4,6
src/Sim_Vids/Astronaut Walking Away from Rover/Forward-32.mp4,6
src/Sim_Vids/Astronaut Walking Away from Rover/clip_0016.mp4,6
src/Sim_Vids/Astronaut Walking Away from Rover/clip_0003.mp4,6
src/Sim_Vids/Astronaut Walking Away from Rover/Forward-43.mp4,6
src/Sim_Vids/Astronaut Walking Away from Rover/Forward-36.mp4,6
src/Sim_Vids/Astronaut Walking Away from Rover/Forward-57.mp4,6
src/Sim_Vids/Astronaut Walking Away from Rover/clip_0017.mp4,6
src/Sim_Vids/Astronaut Walking Away from Rover/Forward-51.mp4,6
src/Sim_Vids/Astronaut Walking Away from Rover/Forward-7.mp4,6
src/Sim_Vids/Astronaut Walking Away from Rover/Forward-18.mp4,6
src/Sim_Vids/Astronaut Walking Away from Rover/Forward-19.mp4,6
src/Sim_Vids/Astronaut Walking Away from Rover/Forward-48.mp4,6
src/Sim_Vids/Astronaut Walking Away from Rover/Forward-20.mp4,6
src/Sim_Vids/Astronaut Walking Away from Rover/Forward-14.mp4,6
src/Sim_Vids/Astronaut Walking Away from Rover/Forward-8.mp4,6
src/Sim_Vids/Astronaut Walking Away from Rover/Forward-37.mp4,6
src/Sim_Vids/Astronaut Walking Away from Rover/Forward-40.mp4,6
src/Sim_Vids/Astronaut Walking Away from Rover/Forward-58.mp4,6
src/Sim_Vids/Astronaut Walking Away from Rover/Forward-21.mp4,6
src/Sim_Vids/Astronaut Walking Away from Rover/Forward-5.mp4,6
src/Sim_Vids/Astronaut Walking Away from Rover/Forward-30.mp4,6
src/Sim_Vids/Astronaut Walking Away from Rover/Forward-29.mp4,6
src/Sim_Vids/Astronaut Walking Away from Rover/Forward-52.mp4,6
src/Sim_Vids/Astronaut Walking Away from Rover/clip_0012.mp4,6
src/Sim_Vids/Astronaut Walking Away from Rover/clip_0005.mp4,6
src/Sim_Vids/Astronaut Walking Away from Rover/Forward-33.mp4,6
src/Sim_Vids/Astronaut Walking Away from Rover/Forward-4.mp4,6
src/Sim_Vids/Astronaut Walking Away from Rover/Forward-1.mp4,6
src/Sim_Vids/Astronaut Walking Away from Rover/clip_0002.mp4,6
src/Sim_Vids/Astronaut Walking Away from Rover/Forward-24.mp4,6
src/Sim_Vids/Astronaut Walking Away from Rover/Forward-15.mp4,6
src/Sim_Vids/Astronaut Walking Away from Rover/Forward-54.mp4,6
src/Sim_Vids/Astronaut Walking Away from Rover/Forward-12.mp4,6
src/Sim_Vids/Astronaut Walking Away from Rover/clip_0009.mp4,6
src/Sim_Vids/Astronaut Walking Away from Rover/Forward-42.mp4,6
src/Sim_Vids/Astronaut Walking Away from Rover/clip_0000.mp4,6
src/Sim_Vids/Astronaut Walking Away from Rover/Forward-53.mp4,6
src/Sim_Vids/Astronaut Walking Away from Rover/Forward-34.mp4,6
src/Sim_Vids/Astronaut Walking Away from Rover/Forward-45.mp4,6
src/Sim_Vids/Astronaut Walking Away from Rover/Forward-3.mp4,6
src/Sim_Vids/Astronaut Walking Away from Rover/Forward-31.mp4,6
src/Sim_Vids/Astronaut Walking Away from Rover/Forward-28.mp4,6
src/Sim_Vids/Astronaut Walking Away from Rover/Forward-47.mp4,6
src/Sim_Vids/Astronaut Walking Away from Rover/Forward-56.mp4,6
src/Sim_Vids/Astronaut Walking Away from Rover/Forward-6.mp4,6
src/Sim_Vids/Astronaut Walking Away from Rover/Forward-25.mp4,6
src/Sim_Vids/Astronaut Walking Away from Rover/clip_0019.mp4,6
src/Sim_Vids/Astronaut Walking Away from Rover/Forward-2.mp4,6
src/Sim_Vids/Astronaut Walking Away from Rover/clip_0011.mp4,6
src/Sim_Vids/Astronaut Walking Away from Rover/clip_0001.mp4,6
src/Sim_Vids/Astronaut Walking Away from Rover/clip_0018.mp4,6
src/Sim_Vids/Astronaut Walking Away from Rover/Forward-38.mp4,6
src/Sim_Vids/Astronaut Walking Away from Rover/clip_0006.mp4,6
src/Sim_Vids/Astronaut Walking Away from Rover/Forward-41.mp4,6
src/Sim_Vids/Astronaut Walking Away from Rover/clip_0020.mp4,6
src/Sim_Vids/Astronaut Walking Away from Rover/Forward-46.mp4,6
src/Sim_Vids/Astronaut Walking Away from Rover/Forward-39.mp4,6
src/Sim_Vids/Astronaut Walking Away from Rover/clip_0014.mp4,6
src/Sim_Vids/Astronaut Walking Away from Rover/Forward-9.mp4,6
src/Sim_Vids/Astronaut Walking Away from Rover/Forward-22.mp4,6
src/Sim_Vids/Astronaut Walking Away from Rover/clip_0008.mp4,6
src/Sim_Vids/Astronaut Walking Away from Rover/Forward-23.mp4,6
src/Sim_Vids/Astronaut Walking Away from Rover/Forward-11.mp4,6
src/Sim_Vids/Astronaut Walking Away from Rover/Forward-27.mp4,6
src/Sim_Vids/Astronaut Walking Away from Rover/Forward-26.mp4,6
src/Sim_Vids/Astronaut Walking Towards Rover/clip_0028.mp4,7
src/Sim_Vids/Astronaut Walking Towards Rover/Towards-7.mp4,7
src/Sim_Vids/Astronaut Walking Towards Rover/Towards-37.mp4,7
src/Sim_Vids/Astronaut Walking Towards Rover/Towards-16.mp4,7
src/Sim_Vids/Astronaut Walking Towards Rover/Towards-26.mp4,7
src/Sim_Vids/Astronaut Walking Towards Rover/Towards-1.mp4,7
src/Sim_Vids/Astronaut Walking Towards Rover/Towards-9.mp4,7
src/Sim_Vids/Astronaut Walking Towards Rover/Towards-24.mp4,7
src/Sim_Vids/Astronaut Walking Towards Rover/Towards-31.mp4,7
src/Sim_Vids/Astronaut Walking Towards Rover/Towards-30.mp4,7
src/Sim_Vids/Astronaut Walking Towards Rover/Towards-12.mp4,7
src/Sim_Vids/Astronaut Walking Towards Rover/Towards-10.mp4,7
src/Sim_Vids/Astronaut Walking Towards Rover/Towards-5.mp4,7
src/Sim_Vids/Astronaut Walking Towards Rover/Towards-2.mp4,7
src/Sim_Vids/Astronaut Walking Towards Rover/Towards-3.mp4,7
src/Sim_Vids/Astronaut Walking Towards Rover/Towards-19.mp4,7
src/Sim_Vids/Astronaut Walking Towards Rover/Towards-11.mp4,7
src/Sim_Vids/Astronaut Walking Towards Rover/Towards-33.mp4,7
src/Sim_Vids/Astronaut Walking Towards Rover/Towards-29.mp4,7
src/Sim_Vids/Astronaut Walking Towards Rover/Towards-20.mp4,7
src/Sim_Vids/Astronaut Walking Towards Rover/clip_0029.mp4,7
src/Sim_Vids/Astronaut Walking Towards Rover/clip_0005.mp4,7
src/Sim_Vids/Astronaut Walking Towards Rover/Towards-25.mp4,7
src/Sim_Vids/Astronaut Walking Towards Rover/clip_0022.mp4,7
src/Sim_Vids/Astronaut Walking Towards Rover/Towards-21.mp4,7
src/Sim_Vids/Astronaut Walking Towards Rover/Towards-22.mp4,7
src/Sim_Vids/Astronaut Walking Towards Rover/Towards-27.mp4,7
src/Sim_Vids/Astronaut Walking Towards Rover/Towards-36.mp4,7
src/Sim_Vids/Astronaut Walking Towards Rover/Towards-8.mp4,7
src/Sim_Vids/Astronaut Walking Towards Rover/Towards-32.mp4,7
src/Sim_Vids/Astronaut Walking Towards Rover/Towards-38.mp4,7
src/Sim_Vids/Astronaut Walking Towards Rover/clip_0025.mp4,7
src/Sim_Vids/Astronaut Walking Towards Rover/Towards-35.mp4,7
src/Sim_Vids/Astronaut Walking Towards Rover/Towards-15.mp4,7
src/Sim_Vids/Astronaut Walking Towards Rover/clip_0021.mp4,7
src/Sim_Vids/Astronaut Walking Towards Rover/clip_0023.mp4,7
src/Sim_Vids/Astronaut Walking Towards Rover/Towards-13.mp4,7
src/Sim_Vids/Astronaut Walking Towards Rover/Towards-23.mp4,7
src/Sim_Vids/Astronaut Walking Towards Rover/clip_0024.mp4,7
src/Sim_Vids/Astronaut Walking Towards Rover/Towards-17.mp4,7
src/Sim_Vids/Astronaut Walking Towards Rover/Towards-18.mp4,7
src/Sim_Vids/Astronaut Walking Towards Rover/Towards-4.mp4,7
src/Sim_Vids/Astronaut Walking Towards Rover/Towards-34.mp4,7
src/Sim_Vids/Astronaut Walking Towards Rover/clip_0030.mp4,7
src/Sim_Vids/Astronaut Walking Towards Rover/Towards-14.mp4,7
src/Sim_Vids/Astronaut Walking Towards Rover/Towards-6.mp4,7
src/Sim_Vids/Astronaut Walking Towards Rover/Towards-39.mp4,7
src/Sim_Vids/Astronaut Walking Towards Rover/clip_0027.mp4,7
src/Sim_Vids/Astronaut Walking Towards Rover/clip_0026.mp4,7
src/Sim_Vids/Astronaut Walking Towards Rover/Towards-28.mp4,7
src/Sim_Vids/Astronaut waving/clip_0062.mp4,8
src/Sim_Vids/Astronaut waving/clip_0058.mp4,8
src/Sim_Vids/Astronaut waving/clip_0060.mp4,8
src/Sim_Vids/Astronaut waving/clip_0063.mp4,8
src/Sim_Vids/Astronaut waving/clip_0059.mp4,8
src/Sim_Vids/Astronaut waving/clip_0065.mp4,8
src/Sim_Vids/Astronaut waving/clip_0061.mp4,8
src/Sim_Vids/Astronaut waving/clip_0064.mp4,8
src/Sim_Vids/Astronaut waving/clip_0067.mp4,8
src/Sim_Vids/Astronaut waving/clip_0066.mp4,8
/home/leon-gold/Downloads/Apollo16_Moonwalking_clips_TRAIN-20240807T174728Z-001/Apollo16_Moonwalking_clips_TRAIN/Astronaut standing and servicing/clip_0098_clip5.mp4,9
/home/leon-gold/Downloads/Apollo16_Moonwalking_clips_TRAIN-20240807T174728Z-001/Apollo16_Moonwalking_clips_TRAIN/Astronaut standing and servicing/clip_0103_clip5.mp4,9
/home/leon-gold/Downloads/Apollo16_Moonwalking_clips_TRAIN-20240807T174728Z-001/Apollo16_Moonwalking_clips_TRAIN/Astronaut standing and servicing/clip_0098_clip4.mp4,9
/home/leon-gold/Downloads/Apollo16_Moonwalking_clips_TRAIN-20240807T174728Z-001/Apollo16_Moonwalking_clips_TRAIN/Astronaut standing and servicing/clip_0097_clip1.mp4,9
/home/leon-gold/Downloads/Apollo16_Moonwalking_clips_TRAIN-20240807T174728Z-001/Apollo16_Moonwalking_clips_TRAIN/Astronaut standing and servicing/clip_0097_clip2.mp4,9
/home/leon-gold/Downloads/Apollo16_Moonwalking_clips_TRAIN-20240807T174728Z-001/Apollo16_Moonwalking_clips_TRAIN/Astronaut standing and servicing/clip_0101_clip1.mp4,9
/home/leon-gold/Downloads/Apollo16_Moonwalking_clips_TRAIN-20240807T174728Z-001/Apollo16_Moonwalking_clips_TRAIN/Astronaut standing and servicing/clip_0098_clip6.mp4,9
/home/leon-gold/Downloads/Apollo16_Moonwalking_clips_TRAIN-20240807T174728Z-001/Apollo16_Moonwalking_clips_TRAIN/Astronaut standing and servicing/clip_0100_clip1.mp4,9
/home/leon-gold/Downloads/Apollo16_Moonwalking_clips_TRAIN-20240807T174728Z-001/Apollo16_Moonwalking_clips_TRAIN/Astronaut standing and servicing/clip_0098_clip21.mp4,9
/home/leon-gold/Downloads/Apollo16_Moonwalking_clips_TRAIN-20240807T174728Z-001/Apollo16_Moonwalking_clips_TRAIN/Astronaut standing and servicing/clip_0098_clip17.mp4,9
/home/leon-gold/Downloads/Apollo16_Moonwalking_clips_TRAIN-20240807T174728Z-001/Apollo16_Moonwalking_clips_TRAIN/Astronaut standing and servicing/clip_0101_clip6.mp4,9
/home/leon-gold/Downloads/Apollo16_Moonwalking_clips_TRAIN-20240807T174728Z-001/Apollo16_Moonwalking_clips_TRAIN/Astronaut standing and servicing/clip_0103_clip3.mp4,9
/home/leon-gold/Downloads/Apollo16_Moonwalking_clips_TRAIN-20240807T174728Z-001/Apollo16_Moonwalking_clips_TRAIN/Astronaut standing and servicing/clip_0102_clip4.mp4,9
/home/leon-gold/Downloads/Apollo16_Moonwalking_clips_TRAIN-20240807T174728Z-001/Apollo16_Moonwalking_clips_TRAIN/Astronaut standing and servicing/clip_0098_clip14.mp4,9
/home/leon-gold/Downloads/Apollo16_Moonwalking_clips_TRAIN-20240807T174728Z-001/Apollo16_Moonwalking_clips_TRAIN/Astronaut standing and servicing/clip_0099_clip2.mp4,9
/home/leon-gold/Downloads/Apollo16_Moonwalking_clips_TRAIN-20240807T174728Z-001/Apollo16_Moonwalking_clips_TRAIN/Astronaut standing and servicing/clip_0102_clip5.mp4,9
/home/leon-gold/Downloads/Apollo16_Moonwalking_clips_TRAIN-20240807T174728Z-001/Apollo16_Moonwalking_clips_TRAIN/Astronaut standing and servicing/clip_0099_clip8.mp4,9
/home/leon-gold/Downloads/Apollo16_Moonwalking_clips_TRAIN-20240807T174728Z-001/Apollo16_Moonwalking_clips_TRAIN/Astronaut standing and servicing/clip_0098_clip3.mp4,9
/home/leon-gold/Downloads/Apollo16_Moonwalking_clips_TRAIN-20240807T174728Z-001/Apollo16_Moonwalking_clips_TRAIN/Astronaut standing and servicing/clip_0101_clip8.mp4,9
/home/leon-gold/Downloads/Apollo16_Moonwalking_clips_TRAIN-20240807T174728Z-001/Apollo16_Moonwalking_clips_TRAIN/Astronaut standing and servicing/clip_0101_clip10.mp4,9
/home/leon-gold/Downloads/Apollo16_Moonwalking_clips_TRAIN-20240807T174728Z-001/Apollo16_Moonwalking_clips_TRAIN/Astronaut standing and servicing/clip_0101_clip9.mp4,9
/home/leon-gold/Downloads/Apollo16_Moonwalking_clips_TRAIN-20240807T174728Z-001/Apollo16_Moonwalking_clips_TRAIN/Astronaut standing and servicing/clip_0099_clip5.mp4,9
/home/leon-gold/Downloads/Apollo16_Moonwalking_clips_TRAIN-20240807T174728Z-001/Apollo16_Moonwalking_clips_TRAIN/Astronaut standing and servicing/clip_0101_clip3.mp4,9
/home/leon-gold/Downloads/Apollo16_Moonwalking_clips_TRAIN-20240807T174728Z-001/Apollo16_Moonwalking_clips_TRAIN/Astronaut standing and servicing/clip_0098_clip2.mp4,9
/home/leon-gold/Downloads/Apollo16_Moonwalking_clips_TRAIN-20240807T174728Z-001/Apollo16_Moonwalking_clips_TRAIN/Astronaut standing and servicing/clip_0098_clip13.mp4,9
/home/leon-gold/Downloads/Apollo16_Moonwalking_clips_TRAIN-20240807T174728Z-001/Apollo16_Moonwalking_clips_TRAIN/Astronaut standing and servicing/clip_0098_clip19.mp4,9
/home/leon-gold/Downloads/Apollo16_Moonwalking_clips_TRAIN-20240807T174728Z-001/Apollo16_Moonwalking_clips_TRAIN/Astronaut standing and servicing/clip_0098_clip7.mp4,9
/home/leon-gold/Downloads/Apollo16_Moonwalking_clips_TRAIN-20240807T174728Z-001/Apollo16_Moonwalking_clips_TRAIN/Astronaut standing and servicing/clip_0098_clip9.mp4,9
/home/leon-gold/Downloads/Apollo16_Moonwalking_clips_TRAIN-20240807T174728Z-001/Apollo16_Moonwalking_clips_TRAIN/Astronaut standing and servicing/clip_0100_clip3.mp4,9
/home/leon-gold/Downloads/Apollo16_Moonwalking_clips_TRAIN-20240807T174728Z-001/Apollo16_Moonwalking_clips_TRAIN/Astronaut standing and servicing/clip_0098_clip16.mp4,9
/home/leon-gold/Downloads/Apollo16_Moonwalking_clips_TRAIN-20240807T174728Z-001/Apollo16_Moonwalking_clips_TRAIN/Astronaut standing and servicing/clip_0098_clip1.mp4,9
/home/leon-gold/Downloads/Apollo16_Moonwalking_clips_TRAIN-20240807T174728Z-001/Apollo16_Moonwalking_clips_TRAIN/Astronaut standing and servicing/clip_0101_clip5.mp4,9
/home/leon-gold/Downloads/Apollo16_Moonwalking_clips_TRAIN-20240807T174728Z-001/Apollo16_Moonwalking_clips_TRAIN/Astronaut standing and servicing/clip_0101_clip12.mp4,9
/home/leon-gold/Downloads/Apollo16_Moonwalking_clips_TRAIN-20240807T174728Z-001/Apollo16_Moonwalking_clips_TRAIN/Astronaut standing and servicing/clip_0099_clip7.mp4,9
/home/leon-gold/Downloads/Apollo16_Moonwalking_clips_TRAIN-20240807T174728Z-001/Apollo16_Moonwalking_clips_TRAIN/Astronaut standing and servicing/clip_0098_clip11.mp4,9
/home/leon-gold/Downloads/Apollo16_Moonwalking_clips_TRAIN-20240807T174728Z-001/Apollo16_Moonwalking_clips_TRAIN/Astronaut standing and servicing/clip_0102_clip7.mp4,9
/home/leon-gold/Downloads/Apollo16_Moonwalking_clips_TRAIN-20240807T174728Z-001/Apollo16_Moonwalking_clips_TRAIN/Astronaut standing and servicing/clip_0102_clip6.mp4,9
/home/leon-gold/Downloads/Apollo16_Moonwalking_clips_TRAIN-20240807T174728Z-001/Apollo16_Moonwalking_clips_TRAIN/Astronaut standing and servicing/clip_0099_clip9.mp4,9
/home/leon-gold/Downloads/Apollo16_Moonwalking_clips_TRAIN-20240807T174728Z-001/Apollo16_Moonwalking_clips_TRAIN/Astronaut standing and servicing/clip_0101_clip7.mp4,9
/home/leon-gold/Downloads/Apollo16_Moonwalking_clips_TRAIN-20240807T174728Z-001/Apollo16_Moonwalking_clips_TRAIN/Astronaut standing and servicing/clip_0098_clip8.mp4,9
/home/leon-gold/Downloads/Apollo16_Moonwalking_clips_TRAIN-20240807T174728Z-001/Apollo16_Moonwalking_clips_TRAIN/Astronaut standing and servicing/clip_0099_clip3.mp4,9
/home/leon-gold/Downloads/Apollo16_Moonwalking_clips_TRAIN-20240807T174728Z-001/Apollo16_Moonwalking_clips_TRAIN/Astronaut standing and servicing/clip_0103_clip4.mp4,9
/home/leon-gold/Downloads/Apollo16_Moonwalking_clips_TRAIN-20240807T174728Z-001/Apollo16_Moonwalking_clips_TRAIN/Astronaut standing and servicing/clip_0103_clip1.mp4,9
/home/leon-gold/Downloads/Apollo16_Moonwalking_clips_TRAIN-20240807T174728Z-001/Apollo16_Moonwalking_clips_TRAIN/Astronaut standing and servicing/clip_0098_clip15.mp4,9
/home/leon-gold/Downloads/Apollo16_Moonwalking_clips_TRAIN-20240807T174728Z-001/Apollo16_Moonwalking_clips_TRAIN/Astronaut standing and servicing/clip_0102_clip3.mp4,9
/home/leon-gold/Downloads/Apollo16_Moonwalking_clips_TRAIN-20240807T174728Z-001/Apollo16_Moonwalking_clips_TRAIN/Astronaut standing and servicing/clip_0099_clip1.mp4,9
/home/leon-gold/Downloads/Apollo16_Moonwalking_clips_TRAIN-20240807T174728Z-001/Apollo16_Moonwalking_clips_TRAIN/Astronaut standing and servicing/clip_0103_clip2.mp4,9
/home/leon-gold/Downloads/Apollo16_Moonwalking_clips_TRAIN-20240807T174728Z-001/Apollo16_Moonwalking_clips_TRAIN/Astronaut standing and servicing/clip_0098_clip10.mp4,9
/home/leon-gold/Downloads/Apollo16_Moonwalking_clips_TRAIN-20240807T174728Z-001/Apollo16_Moonwalking_clips_TRAIN/Astronaut standing and servicing/clip_0101_clip2.mp4,9
/home/leon-gold/Downloads/Apollo16_Moonwalking_clips_TRAIN-20240807T174728Z-001/Apollo16_Moonwalking_clips_TRAIN/Astronaut standing and servicing/clip_0101_clip4.mp4,9
/home/leon-gold/Downloads/Apollo16_Moonwalking_clips_TRAIN-20240807T174728Z-001/Apollo16_Moonwalking_clips_TRAIN/Astronaut standing and servicing/clip_0099_clip6.mp4,9
/home/leon-gold/Downloads/Apollo16_Moonwalking_clips_TRAIN-20240807T174728Z-001/Apollo16_Moonwalking_clips_TRAIN/Astronaut standing and servicing/clip_0098_clip20.mp4,9
/home/leon-gold/Downloads/Apollo16_Moonwalking_clips_TRAIN-20240807T174728Z-001/Apollo16_Moonwalking_clips_TRAIN/Astronaut standing and servicing/clip_0102_clip2.mp4,9
/home/leon-gold/Downloads/Apollo16_Moonwalking_clips_TRAIN-20240807T174728Z-001/Apollo16_Moonwalking_clips_TRAIN/Astronaut standing and servicing/clip_0099_clip4.mp4,9
/home/leon-gold/Downloads/Apollo16_Moonwalking_clips_TRAIN-20240807T174728Z-001/Apollo16_Moonwalking_clips_TRAIN/Astronaut standing and servicing/clip_0100_clip2.mp4,9
/home/leon-gold/Downloads/Apollo16_Moonwalking_clips_TRAIN-20240807T174728Z-001/Apollo16_Moonwalking_clips_TRAIN/Astronaut standing and servicing/clip_0102_clip1.mp4,9
/home/leon-gold/Downloads/Apollo16_Moonwalking_clips_TRAIN-20240807T174728Z-001/Apollo16_Moonwalking_clips_TRAIN/Astronaut standing and servicing/clip_0101_clip11.mp4,9
/home/leon-gold/Downloads/Apollo16_Moonwalking_clips_TRAIN-20240807T174728Z-001/Apollo16_Moonwalking_clips_TRAIN/Simulated Rover Driving/clip_0090_clip2.mp4,10
/home/leon-gold/Downloads/Apollo16_Moonwalking_clips_TRAIN-20240807T174728Z-001/Apollo16_Moonwalking_clips_TRAIN/Simulated Rover Driving/clip_0095_clip7.mp4,10
/home/leon-gold/Downloads/Apollo16_Moonwalking_clips_TRAIN-20240807T174728Z-001/Apollo16_Moonwalking_clips_TRAIN/Simulated Rover Driving/clip_0095_clip11.mp4,10
/home/leon-gold/Downloads/Apollo16_Moonwalking_clips_TRAIN-20240807T174728Z-001/Apollo16_Moonwalking_clips_TRAIN/Simulated Rover Driving/clip_0095_clip6.mp4,10
/home/leon-gold/Downloads/Apollo16_Moonwalking_clips_TRAIN-20240807T174728Z-001/Apollo16_Moonwalking_clips_TRAIN/Simulated Rover Driving/clip_0095_clip12.mp4,10
/home/leon-gold/Downloads/Apollo16_Moonwalking_clips_TRAIN-20240807T174728Z-001/Apollo16_Moonwalking_clips_TRAIN/Simulated Rover Driving/clip_0095_clip10.mp4,10
/home/leon-gold/Downloads/Apollo16_Moonwalking_clips_TRAIN-20240807T174728Z-001/Apollo16_Moonwalking_clips_TRAIN/Simulated Rover Driving/clip_0095_clip1.mp4,10
/home/leon-gold/Downloads/Apollo16_Moonwalking_clips_TRAIN-20240807T174728Z-001/Apollo16_Moonwalking_clips_TRAIN/Simulated Rover Driving/clip_0096_clip4.mp4,10
/home/leon-gold/Downloads/Apollo16_Moonwalking_clips_TRAIN-20240807T174728Z-001/Apollo16_Moonwalking_clips_TRAIN/Simulated Rover Driving/clip_0093_clip1.mp4,10
/home/leon-gold/Downloads/Apollo16_Moonwalking_clips_TRAIN-20240807T174728Z-001/Apollo16_Moonwalking_clips_TRAIN/Simulated Rover Driving/clip_0095_clip5.mp4,10
/home/leon-gold/Downloads/Apollo16_Moonwalking_clips_TRAIN-20240807T174728Z-001/Apollo16_Moonwalking_clips_TRAIN/Simulated Rover Driving/clip_0092_clip1.mp4,10
/home/leon-gold/Downloads/Apollo16_Moonwalking_clips_TRAIN-20240807T174728Z-001/Apollo16_Moonwalking_clips_TRAIN/Simulated Rover Driving/clip_0094_clip1.mp4,10
/home/leon-gold/Downloads/Apollo16_Moonwalking_clips_TRAIN-20240807T174728Z-001/Apollo16_Moonwalking_clips_TRAIN/Simulated Rover Driving/clip_0091_clip1.mp4,10
/home/leon-gold/Downloads/Apollo16_Moonwalking_clips_TRAIN-20240807T174728Z-001/Apollo16_Moonwalking_clips_TRAIN/Simulated Rover Driving/clip_0096_clip1.mp4,10
/home/leon-gold/Downloads/Apollo16_Moonwalking_clips_TRAIN-20240807T174728Z-001/Apollo16_Moonwalking_clips_TRAIN/Simulated Rover Driving/clip_0090_clip3.mp4,10
/home/leon-gold/Downloads/Apollo16_Moonwalking_clips_TRAIN-20240807T174728Z-001/Apollo16_Moonwalking_clips_TRAIN/Simulated Rover Driving/clip_0095_clip9.mp4,10
/home/leon-gold/Downloads/Apollo16_Moonwalking_clips_TRAIN-20240807T174728Z-001/Apollo16_Moonwalking_clips_TRAIN/Simulated Rover Driving/clip_0095_clip3.mp4,10
/home/leon-gold/Downloads/Apollo16_Moonwalking_clips_TRAIN-20240807T174728Z-001/Apollo16_Moonwalking_clips_TRAIN/Simulated Rover Driving/clip_0090_clip1.mp4,10
/home/leon-gold/Downloads/Apollo16_Moonwalking_clips_TRAIN-20240807T174728Z-001/Apollo16_Moonwalking_clips_TRAIN/Simulated Rover Driving/clip_0095_clip4.mp4,10
/home/leon-gold/Downloads/Apollo16_Moonwalking_clips_TRAIN-20240807T174728Z-001/Apollo16_Moonwalking_clips_TRAIN/Simulated Rover Driving/clip_0096_clip3.mp4,10
/home/leon-gold/Downloads/Apollo16_Moonwalking_clips_TRAIN-20240807T174728Z-001/Apollo16_Moonwalking_clips_TRAIN/Simulated Rover Driving/clip_0095_clip2.mp4,10
/home/leon-gold/Downloads/Apollo16_Moonwalking_clips_TRAIN-20240807T174728Z-001/Apollo16_Moonwalking_clips_TRAIN/Simulated Rover Driving/clip_0096_clip5.mp4,10
/home/leon-gold/Downloads/Apollo16_Moonwalking_clips_TRAIN-20240807T174728Z-001/Apollo16_Moonwalking_clips_TRAIN/Astronaut driving car/clip_0088_clip5.mp4,11
/home/leon-gold/Downloads/Apollo16_Moonwalking_clips_TRAIN-20240807T174728Z-001/Apollo16_Moonwalking_clips_TRAIN/Astronaut driving car/clip_0088_clip11.mp4,11
/home/leon-gold/Downloads/Apollo16_Moonwalking_clips_TRAIN-20240807T174728Z-001/Apollo16_Moonwalking_clips_TRAIN/Astronaut driving car/clip_0088_clip17.mp4,11
/home/leon-gold/Downloads/Apollo16_Moonwalking_clips_TRAIN-20240807T174728Z-001/Apollo16_Moonwalking_clips_TRAIN/Astronaut driving car/clip_0088_clip3.mp4,11
/home/leon-gold/Downloads/Apollo16_Moonwalking_clips_TRAIN-20240807T174728Z-001/Apollo16_Moonwalking_clips_TRAIN/Astronaut driving car/clip_0088_clip18.mp4,11
/home/leon-gold/Downloads/Apollo16_Moonwalking_clips_TRAIN-20240807T174728Z-001/Apollo16_Moonwalking_clips_TRAIN/Astronaut driving car/clip_0088_clip23.mp4,11
/home/leon-gold/Downloads/Apollo16_Moonwalking_clips_TRAIN-20240807T174728Z-001/Apollo16_Moonwalking_clips_TRAIN/Astronaut driving car/clip_0088_clip19.mp4,11
/home/leon-gold/Downloads/Apollo16_Moonwalking_clips_TRAIN-20240807T174728Z-001/Apollo16_Moonwalking_clips_TRAIN/Astronaut driving car/clip_0088_clip2.mp4,11
/home/leon-gold/Downloads/Apollo16_Moonwalking_clips_TRAIN-20240807T174728Z-001/Apollo16_Moonwalking_clips_TRAIN/Astronaut driving car/clip_0088_clip1.mp4,11
/home/leon-gold/Downloads/Apollo16_Moonwalking_clips_TRAIN-20240807T174728Z-001/Apollo16_Moonwalking_clips_TRAIN/Astronaut driving car/clip_0088_clip15.mp4,11
/home/leon-gold/Downloads/Apollo16_Moonwalking_clips_TRAIN-20240807T174728Z-001/Apollo16_Moonwalking_clips_TRAIN/Astronaut driving car/clip_0088_clip4.mp4,11
/home/leon-gold/Downloads/Apollo16_Moonwalking_clips_TRAIN-20240807T174728Z-001/Apollo16_Moonwalking_clips_TRAIN/Astronaut driving car/clip_0088_clip16.mp4,11
/home/leon-gold/Downloads/Apollo16_Moonwalking_clips_TRAIN-20240807T174728Z-001/Apollo16_Moonwalking_clips_TRAIN/Astronaut driving car/clip_0088_clip21.mp4,11
/home/leon-gold/Downloads/Apollo16_Moonwalking_clips_TRAIN-20240807T174728Z-001/Apollo16_Moonwalking_clips_TRAIN/Astronaut driving car/clip_0088_clip9.mp4,11
/home/leon-gold/Downloads/Apollo16_Moonwalking_clips_TRAIN-20240807T174728Z-001/Apollo16_Moonwalking_clips_TRAIN/Astronaut driving car/clip_0088_clip6.mp4,11
/home/leon-gold/Downloads/Apollo16_Moonwalking_clips_TRAIN-20240807T174728Z-001/Apollo16_Moonwalking_clips_TRAIN/Astronaut driving car/clip_0088_clip22.mp4,11
/home/leon-gold/Downloads/Apollo16_Moonwalking_clips_TRAIN-20240807T174728Z-001/Apollo16_Moonwalking_clips_TRAIN/Astronaut driving car/clip_0088_clip10.mp4,11
/home/leon-gold/Downloads/Apollo16_Moonwalking_clips_TRAIN-20240807T174728Z-001/Apollo16_Moonwalking_clips_TRAIN/Astronaut driving car/clip_0088_clip7.mp4,11
/home/leon-gold/Downloads/Apollo16_Moonwalking_clips_TRAIN-20240807T174728Z-001/Apollo16_Moonwalking_clips_TRAIN/Astronaut driving car/clip_0088_clip8.mp4,11
/home/leon-gold/Downloads/Apollo16_Moonwalking_clips_TRAIN-20240807T174728Z-001/Apollo16_Moonwalking_clips_TRAIN/Astronaut driving car/clip_0088_clip20.mp4,11
/home/leon-gold/Downloads/Apollo16_Moonwalking_clips_TRAIN-20240807T174728Z-001/Apollo16_Moonwalking_clips_TRAIN/Astronaut driving car/clip_0088_clip13.mp4,11
/home/leon-gold/Downloads/Apollo16_Moonwalking_clips_TRAIN-20240807T174728Z-001/Apollo16_Moonwalking_clips_TRAIN/Astronaut driving car/clip_0088_clip12.mp4,11
/home/leon-gold/Downloads/Apollo16_Moonwalking_clips_TRAIN-20240807T174728Z-001/Apollo16_Moonwalking_clips_TRAIN/Astronaut picking up object/clip_0067_clip4.mp4,12
/home/leon-gold/Downloads/Apollo16_Moonwalking_clips_TRAIN-20240807T174728Z-001/Apollo16_Moonwalking_clips_TRAIN/Astronaut picking up object/clip_0063_clip1.mp4,12
/home/leon-gold/Downloads/Apollo16_Moonwalking_clips_TRAIN-20240807T174728Z-001/Apollo16_Moonwalking_clips_TRAIN/Astronaut picking up object/clip_0067_clip2.mp4,12
/home/leon-gold/Downloads/Apollo16_Moonwalking_clips_TRAIN-20240807T174728Z-001/Apollo16_Moonwalking_clips_TRAIN/Astronaut picking up object/clip_0065_clip1.mp4,12
/home/leon-gold/Downloads/Apollo16_Moonwalking_clips_TRAIN-20240807T174728Z-001/Apollo16_Moonwalking_clips_TRAIN/Astronaut picking up object/clip_0067_clip3.mp4,12
/home/leon-gold/Downloads/Apollo16_Moonwalking_clips_TRAIN-20240807T174728Z-001/Apollo16_Moonwalking_clips_TRAIN/Astronaut picking up object/clip_0064_clip1.mp4,12
/home/leon-gold/Downloads/Apollo16_Moonwalking_clips_TRAIN-20240807T174728Z-001/Apollo16_Moonwalking_clips_TRAIN/Astronaut picking up object/clip_0068_clip1.mp4,12
/home/leon-gold/Downloads/Apollo16_Moonwalking_clips_TRAIN-20240807T174728Z-001/Apollo16_Moonwalking_clips_TRAIN/Astronaut picking up object/clip_0066_clip1.mp4,12
/home/leon-gold/Downloads/Apollo16_Moonwalking_clips_TRAIN-20240807T174728Z-001/Apollo16_Moonwalking_clips_TRAIN/Astronaut stepping/clip_0019_clip1.mp4,13
/home/leon-gold/Downloads/Apollo16_Moonwalking_clips_TRAIN-20240807T174728Z-001/Apollo16_Moonwalking_clips_TRAIN/Astronaut stepping/clip_0026_clip2.mp4,13
/home/leon-gold/Downloads/Apollo16_Moonwalking_clips_TRAIN-20240807T174728Z-001/Apollo16_Moonwalking_clips_TRAIN/Astronaut stepping/clip_0024_clip9.mp4,13
/home/leon-gold/Downloads/Apollo16_Moonwalking_clips_TRAIN-20240807T174728Z-001/Apollo16_Moonwalking_clips_TRAIN/Astronaut stepping/clip_0015_clip1.mp4,13
/home/leon-gold/Downloads/Apollo16_Moonwalking_clips_TRAIN-20240807T174728Z-001/Apollo16_Moonwalking_clips_TRAIN/Astronaut stepping/clip_0016_clip1.mp4,13
/home/leon-gold/Downloads/Apollo16_Moonwalking_clips_TRAIN-20240807T174728Z-001/Apollo16_Moonwalking_clips_TRAIN/Astronaut stepping/clip_0029_clip3.mp4,13
/home/leon-gold/Downloads/Apollo16_Moonwalking_clips_TRAIN-20240807T174728Z-001/Apollo16_Moonwalking_clips_TRAIN/Astronaut stepping/clip_0024_clip6.mp4,13
/home/leon-gold/Downloads/Apollo16_Moonwalking_clips_TRAIN-20240807T174728Z-001/Apollo16_Moonwalking_clips_TRAIN/Astronaut stepping/clip_0018_clip2.mp4,13
/home/leon-gold/Downloads/Apollo16_Moonwalking_clips_TRAIN-20240807T174728Z-001/Apollo16_Moonwalking_clips_TRAIN/Astronaut stepping/clip_0031_clip1.mp4,13
/home/leon-gold/Downloads/Apollo16_Moonwalking_clips_TRAIN-20240807T174728Z-001/Apollo16_Moonwalking_clips_TRAIN/Astronaut stepping/clip_0026_clip1.mp4,13
/home/leon-gold/Downloads/Apollo16_Moonwalking_clips_TRAIN-20240807T174728Z-001/Apollo16_Moonwalking_clips_TRAIN/Astronaut stepping/clip_0024_clip5.mp4,13
/home/leon-gold/Downloads/Apollo16_Moonwalking_clips_TRAIN-20240807T174728Z-001/Apollo16_Moonwalking_clips_TRAIN/Astronaut stepping/clip_0023_clip3.mp4,13
/home/leon-gold/Downloads/Apollo16_Moonwalking_clips_TRAIN-20240807T174728Z-001/Apollo16_Moonwalking_clips_TRAIN/Astronaut stepping/clip_0017_clip1.mp4,13
/home/leon-gold/Downloads/Apollo16_Moonwalking_clips_TRAIN-20240807T174728Z-001/Apollo16_Moonwalking_clips_TRAIN/Astronaut stepping/clip_0023_clip2.mp4,13
/home/leon-gold/Downloads/Apollo16_Moonwalking_clips_TRAIN-20240807T174728Z-001/Apollo16_Moonwalking_clips_TRAIN/Astronaut stepping/clip_0022_clip2.mp4,13
/home/leon-gold/Downloads/Apollo16_Moonwalking_clips_TRAIN-20240807T174728Z-001/Apollo16_Moonwalking_clips_TRAIN/Astronaut stepping/clip_0010_clip2.mp4,13
/home/leon-gold/Downloads/Apollo16_Moonwalking_clips_TRAIN-20240807T174728Z-001/Apollo16_Moonwalking_clips_TRAIN/Astronaut stepping/clip_0021_clip1.mp4,13
/home/leon-gold/Downloads/Apollo16_Moonwalking_clips_TRAIN-20240807T174728Z-001/Apollo16_Moonwalking_clips_TRAIN/Astronaut stepping/clip_0014_clip1.mp4,13
/home/leon-gold/Downloads/Apollo16_Moonwalking_clips_TRAIN-20240807T174728Z-001/Apollo16_Moonwalking_clips_TRAIN/Astronaut stepping/clip_0011_clip1.mp4,13
/home/leon-gold/Downloads/Apollo16_Moonwalking_clips_TRAIN-20240807T174728Z-001/Apollo16_Moonwalking_clips_TRAIN/Astronaut stepping/clip_0024_clip7.mp4,13
/home/leon-gold/Downloads/Apollo16_Moonwalking_clips_TRAIN-20240807T174728Z-001/Apollo16_Moonwalking_clips_TRAIN/Astronaut stepping/clip_0020_clip1.mp4,13
/home/leon-gold/Downloads/Apollo16_Moonwalking_clips_TRAIN-20240807T174728Z-001/Apollo16_Moonwalking_clips_TRAIN/Astronaut stepping/clip_0031_clip2.mp4,13
/home/leon-gold/Downloads/Apollo16_Moonwalking_clips_TRAIN-20240807T174728Z-001/Apollo16_Moonwalking_clips_TRAIN/Astronaut stepping/clip_0025_clip1.mp4,13
/home/leon-gold/Downloads/Apollo16_Moonwalking_clips_TRAIN-20240807T174728Z-001/Apollo16_Moonwalking_clips_TRAIN/Astronaut stepping/clip_0018_clip1.mp4,13
/home/leon-gold/Downloads/Apollo16_Moonwalking_clips_TRAIN-20240807T174728Z-001/Apollo16_Moonwalking_clips_TRAIN/Astronaut stepping/clip_0027_clip1.mp4,13
/home/leon-gold/Downloads/Apollo16_Moonwalking_clips_TRAIN-20240807T174728Z-001/Apollo16_Moonwalking_clips_TRAIN/Astronaut stepping/clip_0028_clip1.mp4,13
/home/leon-gold/Downloads/Apollo16_Moonwalking_clips_TRAIN-20240807T174728Z-001/Apollo16_Moonwalking_clips_TRAIN/Astronaut stepping/clip_0024_clip8.mp4,13
/home/leon-gold/Downloads/Apollo16_Moonwalking_clips_TRAIN-20240807T174728Z-001/Apollo16_Moonwalking_clips_TRAIN/Astronaut stepping/clip_0009_clip1.mp4,13
/home/leon-gold/Downloads/Apollo16_Moonwalking_clips_TRAIN-20240807T174728Z-001/Apollo16_Moonwalking_clips_TRAIN/Astronaut stepping/clip_0022_clip1.mp4,13
/home/leon-gold/Downloads/Apollo16_Moonwalking_clips_TRAIN-20240807T174728Z-001/Apollo16_Moonwalking_clips_TRAIN/Astronaut stepping/clip_0022_clip3.mp4,13
/home/leon-gold/Downloads/Apollo16_Moonwalking_clips_TRAIN-20240807T174728Z-001/Apollo16_Moonwalking_clips_TRAIN/Astronaut stepping/clip_0010_clip1.mp4,13
/home/leon-gold/Downloads/Apollo16_Moonwalking_clips_TRAIN-20240807T174728Z-001/Apollo16_Moonwalking_clips_TRAIN/Astronaut stepping/clip_0024_clip1.mp4,13
/home/leon-gold/Downloads/Apollo16_Moonwalking_clips_TRAIN-20240807T174728Z-001/Apollo16_Moonwalking_clips_TRAIN/Astronaut stepping/clip_0016_clip2.mp4,13
/home/leon-gold/Downloads/Apollo16_Moonwalking_clips_TRAIN-20240807T174728Z-001/Apollo16_Moonwalking_clips_TRAIN/Astronaut stepping/clip_0028_clip2.mp4,13
/home/leon-gold/Downloads/Apollo16_Moonwalking_clips_TRAIN-20240807T174728Z-001/Apollo16_Moonwalking_clips_TRAIN/Astronaut stepping/clip_0013_clip1.mp4,13
/home/leon-gold/Downloads/Apollo16_Moonwalking_clips_TRAIN-20240807T174728Z-001/Apollo16_Moonwalking_clips_TRAIN/Astronaut stepping/clip_0027_clip2.mp4,13
/home/leon-gold/Downloads/Apollo16_Moonwalking_clips_TRAIN-20240807T174728Z-001/Apollo16_Moonwalking_clips_TRAIN/Astronaut stepping/clip_0024_clip4.mp4,13
/home/leon-gold/Downloads/Apollo16_Moonwalking_clips_TRAIN-20240807T174728Z-001/Apollo16_Moonwalking_clips_TRAIN/Astronaut stepping/clip_0030_clip1.mp4,13
/home/leon-gold/Downloads/Apollo16_Moonwalking_clips_TRAIN-20240807T174728Z-001/Apollo16_Moonwalking_clips_TRAIN/Astronaut stepping/clip_0022_clip4.mp4,13
/home/leon-gold/Downloads/Apollo16_Moonwalking_clips_TRAIN-20240807T174728Z-001/Apollo16_Moonwalking_clips_TRAIN/Astronaut stepping/clip_0026_clip3.mp4,13
/home/leon-gold/Downloads/Apollo16_Moonwalking_clips_TRAIN-20240807T174728Z-001/Apollo16_Moonwalking_clips_TRAIN/Astronaut stepping/clip_0024_clip2.mp4,13
/home/leon-gold/Downloads/Apollo16_Moonwalking_clips_TRAIN-20240807T174728Z-001/Apollo16_Moonwalking_clips_TRAIN/Astronaut stepping/clip_0019_clip2.mp4,13
/home/leon-gold/Downloads/Apollo16_Moonwalking_clips_TRAIN-20240807T174728Z-001/Apollo16_Moonwalking_clips_TRAIN/Astronaut stepping/clip_0023_clip1.mp4,13
/home/leon-gold/Downloads/Apollo16_Moonwalking_clips_TRAIN-20240807T174728Z-001/Apollo16_Moonwalking_clips_TRAIN/Astronaut stepping/clip_0029_clip1.mp4,13
/home/leon-gold/Downloads/Apollo16_Moonwalking_clips_TRAIN-20240807T174728Z-001/Apollo16_Moonwalking_clips_TRAIN/Astronaut stepping/clip_0024_clip3.mp4,13
/home/leon-gold/Downloads/Apollo16_Moonwalking_clips_TRAIN-20240807T174728Z-001/Apollo16_Moonwalking_clips_TRAIN/Astronaut stepping/clip_0012_clip1.mp4,13