src/datasets/TrialMoonwalk/Driving/clip_0034.mp4,1
src/datasets/TrialMoonwalk/Driving/clip_0016.mp4,1
src/datasets/TrialMoonwalk/Driving/clip_0003.mp4,1
src/datasets/TrialMoonwalk/Driving/clip_0048.mp4,1
src/datasets/TrialMoonwalk/Driving/clip_0063.mp4,1
src/datasets/TrialMoonwalk/Driving/clip_0017.mp4,1
src/datasets/TrialMoonwalk/Driving/clip_0031.mp4,1
src/datasets/TrialMoonwalk/Driving/clip_0047.mp4,1
src/datasets/TrialMoonwalk/Driving/clip_0059.mp4,1
src/datasets/TrialMoonwalk/Driving/clip_0012.mp4,1
src/datasets/TrialMoonwalk/Driving/clip_0029.mp4,1
src/datasets/TrialMoonwalk/Driving/clip_0005.mp4,1
src/datasets/TrialMoonwalk/Driving/clip_0022.mp4,1
src/datasets/TrialMoonwalk/Servicing/clip_0003.mp4,2
src/datasets/TrialMoonwalk/Servicing/clip_0017.mp4,2
src/datasets/TrialMoonwalk/Servicing/clip_0031.mp4,2
src/datasets/TrialMoonwalk/Servicing/clip_0047.mp4,2
src/datasets/TrialMoonwalk/Servicing/clip_0012.mp4,2
src/datasets/TrialMoonwalk/Servicing/clip_0029.mp4,2
src/datasets/TrialMoonwalk/Servicing/clip_0005.mp4,2
src/datasets/TrialMoonwalk/Servicing/clip_0022.mp4,2
src/datasets/TrialMoonwalk/Servicing/clip_0002.mp4,2
src/datasets/TrialMoonwalk/Servicing/clip_0046.mp4,2
src/datasets/TrialMoonwalk/Servicing/clip_0033.mp4,2
src/datasets/TrialMoonwalk/Servicing/clip_0032.mp4,2
src/datasets/TrialMoonwalk/Servicing/clip_0009.mp4,2
src/Sim_Vids/Trial_Driving1/Astronaut hopping/leaping/stepping/clip_0029.mp4,3
src/Sim_Vids/Trial_Driving1/Astronaut hopping/leaping/stepping/clip_0005.mp4,3
src/Sim_Vids/Trial_Driving1/Astronaut hopping/leaping/stepping/clip_0022.mp4,3
src/Sim_Vids/Trial_Driving1/Astronaut hopping/leaping/stepping/clip_0002.mp4,3
src/Sim_Vids/Trial_Driving1/Astronaut hopping/leaping/stepping/clip_0046.mp4,3
src/Sim_Vids/Trial_Driving1/Astronaut hopping/leaping/stepping/clip_0033.mp4,3
src/Sim_Vids/Trial_Driving1/Astronaut hopping/leaping/stepping/clip_0051.mp4,3
src/Sim_Vids/Trial_Driving1/Astronaut hopping/leaping/stepping/clip_0032.mp4,3
src/Sim_Vids/Trial_Driving1/Astronaut hopping/leaping/stepping/clip_0009.mp4,3
src/Sim_Vids/Trial_Driving1/Astronaut hopping/leaping/stepping/clip_0000.mp4,3
src/Sim_Vids/Trial_Driving1/Astronaut hopping/leaping/stepping/clip_0025.mp4,3
src/Sim_Vids/Trial_Driving1/Astronaut hopping/leaping/stepping/clip_0041.mp4,3
src/Sim_Vids/Trial_Driving1/Astronaut hopping/leaping/stepping/clip_0043.mp4,3