/home/leon-gold/Downloads/TrialMoonwalk/Earth/Crouching/clip_0028.mp4,4
/home/leon-gold/Downloads/TrialMoonwalk/Earth/Crouching/clip_0035.mp4,4
/home/leon-gold/Downloads/TrialMoonwalk/Earth/Crouching/clip_0010.mp4,4
/home/leon-gold/Downloads/TrialMoonwalk/Earth/Crouching/clip_0040.mp4,4
/home/leon-gold/Downloads/TrialMoonwalk/Earth/Crouching/clip_0004.mp4,4
/home/leon-gold/Downloads/TrialMoonwalk/Earth/Crouching/clip_0007.mp4,4
/home/leon-gold/Downloads/TrialMoonwalk/Earth/Crouching/clip_0015.mp4,4
/home/leon-gold/Downloads/TrialMoonwalk/Earth/Crouching/clip_0013.mp4,4
/home/leon-gold/Downloads/TrialMoonwalk/Earth/Crouching/clip_0034.mp4,4
/home/leon-gold/Downloads/TrialMoonwalk/Earth/Crouching/clip_0016.mp4,4
/home/leon-gold/Downloads/TrialMoonwalk/Earth/Crouching/clip_0003.mp4,4
/home/leon-gold/Downloads/TrialMoonwalk/Earth/Crouching/clip_0048.mp4,4
/home/leon-gold/Downloads/TrialMoonwalk/Earth/Crouching/clip_0017.mp4,4
/home/leon-gold/Downloads/TrialMoonwalk/Earth/Crouching/clip_0031.mp4,4
/home/leon-gold/Downloads/TrialMoonwalk/Earth/Crouching/clip_0047.mp4,4
/home/leon-gold/Downloads/TrialMoonwalk/Earth/Crouching/clip_0012.mp4,4
/home/leon-gold/Downloads/TrialMoonwalk/Earth/Crouching/clip_0029.mp4,4
/home/leon-gold/Downloads/TrialMoonwalk/Earth/Crouching/clip_0005.mp4,4
/home/leon-gold/Downloads/TrialMoonwalk/Earth/Crouching/clip_0022.mp4,4
/home/leon-gold/Downloads/TrialMoonwalk/Earth/Crouching/clip_0002.mp4,4
/home/leon-gold/Downloads/TrialMoonwalk/Earth/Crouching/clip_0046.mp4,4
/home/leon-gold/Downloads/TrialMoonwalk/Earth/Crouching/clip_0033.mp4,4
/home/leon-gold/Downloads/TrialMoonwalk/Earth/Crouching/clip_0032.mp4,4
/home/leon-gold/Downloads/TrialMoonwalk/Earth/Crouching/clip_0009.mp4,4
/home/leon-gold/Downloads/TrialMoonwalk/Earth/Crouching/clip_0000.mp4,4
/home/leon-gold/Downloads/TrialMoonwalk/Earth/Crouching/clip_0025.mp4,4
/home/leon-gold/Downloads/TrialMoonwalk/Earth/Crouching/clip_0041.mp4,4
/home/leon-gold/Downloads/TrialMoonwalk/Earth/Crouching/clip_0043.mp4,4
/home/leon-gold/Downloads/TrialMoonwalk/Earth/Crouching/clip_0037.mp4,4
/home/leon-gold/Downloads/TrialMoonwalk/Earth/Crouching/clip_0021.mp4,4
/home/leon-gold/Downloads/TrialMoonwalk/Earth/Crouching/clip_0023.mp4,4
/home/leon-gold/Downloads/TrialMoonwalk/Earth/Crouching/clip_0038.mp4,4
/home/leon-gold/Downloads/TrialMoonwalk/Earth/Crouching/clip_0024.mp4,4
/home/leon-gold/Downloads/TrialMoonwalk/Earth/Crouching/clip_0049.mp4,4
/home/leon-gold/Downloads/TrialMoonwalk/Earth/Crouching/clip_0019.mp4,4
/home/leon-gold/Downloads/TrialMoonwalk/Earth/Crouching/clip_0011.mp4,4
/home/leon-gold/Downloads/TrialMoonwalk/Earth/Crouching/clip_0001.mp4,4
/home/leon-gold/Downloads/TrialMoonwalk/Earth/Crouching/clip_0018.mp4,4
/home/leon-gold/Downloads/TrialMoonwalk/Earth/Crouching/clip_0030.mp4,4
/home/leon-gold/Downloads/TrialMoonwalk/Earth/Crouching/clip_0006.mp4,4
/home/leon-gold/Downloads/TrialMoonwalk/Earth/Crouching/clip_0036.mp4,4
/home/leon-gold/Downloads/TrialMoonwalk/Earth/Crouching/clip_0020.mp4,4
/home/leon-gold/Downloads/TrialMoonwalk/Earth/Crouching/clip_0042.mp4,4
/home/leon-gold/Downloads/TrialMoonwalk/Earth/Crouching/clip_0027.mp4,4
/home/leon-gold/Downloads/TrialMoonwalk/Earth/Crouching/clip_0044.mp4,4
/home/leon-gold/Downloads/TrialMoonwalk/Earth/Crouching/clip_0014.mp4,4
/home/leon-gold/Downloads/TrialMoonwalk/Earth/Crouching/clip_0008.mp4,4
/home/leon-gold/Downloads/TrialMoonwalk/Earth/Crouching/clip_0039.mp4,4
/home/leon-gold/Downloads/TrialMoonwalk/Earth/Crouching/clip_0026.mp4,4
/home/leon-gold/Downloads/TrialMoonwalk/Earth/Crouching/clip_0045.mp4,4
/home/leon-gold/Downloads/TrialMoonwalk/Earth/Falling/clip_0028.mp4,2
/home/leon-gold/Downloads/TrialMoonwalk/Earth/Falling/clip_0010.mp4,2
/home/leon-gold/Downloads/TrialMoonwalk/Earth/Falling/clip_0004.mp4,2
/home/leon-gold/Downloads/TrialMoonwalk/Earth/Falling/clip_0007.mp4,2
/home/leon-gold/Downloads/TrialMoonwalk/Earth/Falling/clip_0015.mp4,2
/home/leon-gold/Downloads/TrialMoonwalk/Earth/Falling/clip_0013.mp4,2
/home/leon-gold/Downloads/TrialMoonwalk/Earth/Falling/clip_0016.mp4,2
/home/leon-gold/Downloads/TrialMoonwalk/Earth/Falling/clip_0012.mp4,2
/home/leon-gold/Downloads/TrialMoonwalk/Earth/Falling/clip_0029.mp4,2
/home/leon-gold/Downloads/TrialMoonwalk/Earth/Falling/clip_0005.mp4,2
/home/leon-gold/Downloads/TrialMoonwalk/Earth/Falling/clip_0022.mp4,2
/home/leon-gold/Downloads/TrialMoonwalk/Earth/Falling/clip_0032.mp4,2
/home/leon-gold/Downloads/TrialMoonwalk/Earth/Falling/clip_0009.mp4,2
/home/leon-gold/Downloads/TrialMoonwalk/Earth/Falling/clip_0000.mp4,2
/home/leon-gold/Downloads/TrialMoonwalk/Earth/Falling/clip_0021.mp4,2
/home/leon-gold/Downloads/TrialMoonwalk/Earth/Falling/clip_0023.mp4,2
/home/leon-gold/Downloads/TrialMoonwalk/Earth/Falling/clip_0019.mp4,2
/home/leon-gold/Downloads/TrialMoonwalk/Earth/Falling/clip_0001.mp4,2
/home/leon-gold/Downloads/TrialMoonwalk/Earth/Falling/clip_0018.mp4,2
/home/leon-gold/Downloads/TrialMoonwalk/Earth/Falling/clip_0020.mp4,2
/home/leon-gold/Downloads/TrialMoonwalk/Earth/Falling/clip_0014.mp4,2
/home/leon-gold/Downloads/TrialMoonwalk/Earth/Falling/clip_0026.mp4,2
/home/leon-gold/Downloads/TrialMoonwalk/Earth/Jumping/clip_0010.mp4,5
/home/leon-gold/Downloads/TrialMoonwalk/Earth/Jumping/clip_0004.mp4,5
/home/leon-gold/Downloads/TrialMoonwalk/Earth/Jumping/clip_0007.mp4,5
/home/leon-gold/Downloads/TrialMoonwalk/Earth/Jumping/clip_0015.mp4,5
/home/leon-gold/Downloads/TrialMoonwalk/Earth/Jumping/clip_0013.mp4,5
/home/leon-gold/Downloads/TrialMoonwalk/Earth/Jumping/clip_0016.mp4,5
/home/leon-gold/Downloads/TrialMoonwalk/Earth/Jumping/clip_0003.mp4,5
/home/leon-gold/Downloads/TrialMoonwalk/Earth/Jumping/clip_0001 (2).mp4,5
/home/leon-gold/Downloads/TrialMoonwalk/Earth/Jumping/clip_0000 (2).mp4,5
/home/leon-gold/Downloads/TrialMoonwalk/Earth/Jumping/clip_0012.mp4,5
/home/leon-gold/Downloads/TrialMoonwalk/Earth/Jumping/clip_0005.mp4,5
/home/leon-gold/Downloads/TrialMoonwalk/Earth/Jumping/clip_0002.mp4,5
/home/leon-gold/Downloads/TrialMoonwalk/Earth/Jumping/clip_0009.mp4,5
/home/leon-gold/Downloads/TrialMoonwalk/Earth/Jumping/clip_0000.mp4,5
/home/leon-gold/Downloads/TrialMoonwalk/Earth/Jumping/clip_0003 (2).mp4,5
/home/leon-gold/Downloads/TrialMoonwalk/Earth/Jumping/clip_0011.mp4,5
/home/leon-gold/Downloads/TrialMoonwalk/Earth/Jumping/clip_0001.mp4,5
/home/leon-gold/Downloads/TrialMoonwalk/Earth/Jumping/clip_0006.mp4,5
/home/leon-gold/Downloads/TrialMoonwalk/Earth/Jumping/clip_0002 (2).mp4,5
/home/leon-gold/Downloads/TrialMoonwalk/Earth/Jumping/clip_0014.mp4,5
/home/leon-gold/Downloads/TrialMoonwalk/Earth/Jumping/clip_0008.mp4,5
/home/leon-gold/Downloads/TrialMoonwalk/Earth/Jumping/clip_0004 (2).mp4,5
/home/leon-gold/Downloads/TrialMoonwalk/Earth/Walking/clip_0028.mp4,3
/home/leon-gold/Downloads/TrialMoonwalk/Earth/Walking/clip_0035.mp4,3
/home/leon-gold/Downloads/TrialMoonwalk/Earth/Walking/clip_0010.mp4,3
/home/leon-gold/Downloads/TrialMoonwalk/Earth/Walking/clip_0040.mp4,3
/home/leon-gold/Downloads/TrialMoonwalk/Earth/Walking/clip_0004.mp4,3
/home/leon-gold/Downloads/TrialMoonwalk/Earth/Walking/clip_0007.mp4,3
/home/leon-gold/Downloads/TrialMoonwalk/Earth/Walking/clip_0015.mp4,3
/home/leon-gold/Downloads/TrialMoonwalk/Earth/Walking/clip_0013.mp4,3
/home/leon-gold/Downloads/TrialMoonwalk/Earth/Walking/clip_0034.mp4,3
/home/leon-gold/Downloads/TrialMoonwalk/Earth/Walking/clip_0016.mp4,3
/home/leon-gold/Downloads/TrialMoonwalk/Earth/Walking/clip_0003.mp4,3
/home/leon-gold/Downloads/TrialMoonwalk/Earth/Walking/clip_0017.mp4,3
/home/leon-gold/Downloads/TrialMoonwalk/Earth/Walking/clip_0031.mp4,3
/home/leon-gold/Downloads/TrialMoonwalk/Earth/Walking/clip_0012.mp4,3
/home/leon-gold/Downloads/TrialMoonwalk/Earth/Walking/clip_0029.mp4,3
/home/leon-gold/Downloads/TrialMoonwalk/Earth/Walking/clip_0005.mp4,3
/home/leon-gold/Downloads/TrialMoonwalk/Earth/Walking/clip_0022.mp4,3
/home/leon-gold/Downloads/TrialMoonwalk/Earth/Walking/clip_0002.mp4,3
/home/leon-gold/Downloads/TrialMoonwalk/Earth/Walking/clip_0046.mp4,3
/home/leon-gold/Downloads/TrialMoonwalk/Earth/Walking/clip_0033.mp4,3
/home/leon-gold/Downloads/TrialMoonwalk/Earth/Walking/clip_0032.mp4,3
/home/leon-gold/Downloads/TrialMoonwalk/Earth/Walking/clip_0009.mp4,3
/home/leon-gold/Downloads/TrialMoonwalk/Earth/Walking/clip_0000.mp4,3
/home/leon-gold/Downloads/TrialMoonwalk/Earth/Walking/clip_0025.mp4,3
/home/leon-gold/Downloads/TrialMoonwalk/Earth/Walking/clip_0041.mp4,3
/home/leon-gold/Downloads/TrialMoonwalk/Earth/Walking/clip_0043.mp4,3
/home/leon-gold/Downloads/TrialMoonwalk/Earth/Walking/clip_0037.mp4,3
/home/leon-gold/Downloads/TrialMoonwalk/Earth/Walking/clip_0021.mp4,3
/home/leon-gold/Downloads/TrialMoonwalk/Earth/Walking/clip_0023.mp4,3
/home/leon-gold/Downloads/TrialMoonwalk/Earth/Walking/clip_0038.mp4,3
/home/leon-gold/Downloads/TrialMoonwalk/Earth/Walking/clip_0024.mp4,3
/home/leon-gold/Downloads/TrialMoonwalk/Earth/Walking/clip_0019.mp4,3
/home/leon-gold/Downloads/TrialMoonwalk/Earth/Walking/clip_0011.mp4,3
/home/leon-gold/Downloads/TrialMoonwalk/Earth/Walking/clip_0001.mp4,3
/home/leon-gold/Downloads/TrialMoonwalk/Earth/Walking/clip_0018.mp4,3
/home/leon-gold/Downloads/TrialMoonwalk/Earth/Walking/clip_0030.mp4,3
/home/leon-gold/Downloads/TrialMoonwalk/Earth/Walking/clip_0006.mp4,3
/home/leon-gold/Downloads/TrialMoonwalk/Earth/Walking/clip_0036.mp4,3
/home/leon-gold/Downloads/TrialMoonwalk/Earth/Walking/clip_0020.mp4,3
/home/leon-gold/Downloads/TrialMoonwalk/Earth/Walking/clip_0042.mp4,3
/home/leon-gold/Downloads/TrialMoonwalk/Earth/Walking/clip_0027.mp4,3
/home/leon-gold/Downloads/TrialMoonwalk/Earth/Walking/clip_0044.mp4,3
/home/leon-gold/Downloads/TrialMoonwalk/Earth/Walking/clip_0014.mp4,3
/home/leon-gold/Downloads/TrialMoonwalk/Earth/Walking/clip_0008.mp4,3
/home/leon-gold/Downloads/TrialMoonwalk/Earth/Walking/clip_0039.mp4,3
/home/leon-gold/Downloads/TrialMoonwalk/Earth/Walking/clip_0026.mp4,3
/home/leon-gold/Downloads/TrialMoonwalk/Earth/Walking/clip_0045.mp4,3
/home/leon-gold/Downloads/TrialMoonwalk/Earth/Driving/clip_0028.mp4,1
/home/leon-gold/Downloads/TrialMoonwalk/Earth/Driving/clip_0072.mp4,1
/home/leon-gold/Downloads/TrialMoonwalk/Earth/Driving/clip_0088.mp4,1
/home/leon-gold/Downloads/TrialMoonwalk/Earth/Driving/clip_0077.mp4,1
/home/leon-gold/Downloads/TrialMoonwalk/Earth/Driving/clip_0062.mp4,1
/home/leon-gold/Downloads/TrialMoonwalk/Earth/Driving/clip_0120.mp4,1
/home/leon-gold/Downloads/TrialMoonwalk/Earth/Driving/clip_0035.mp4,1
/home/leon-gold/Downloads/TrialMoonwalk/Earth/Driving/clip_0050.mp4,1
/home/leon-gold/Downloads/TrialMoonwalk/Earth/Driving/clip_0112.mp4,1
/home/leon-gold/Downloads/TrialMoonwalk/Earth/Driving/clip_0092.mp4,1
/home/leon-gold/Downloads/TrialMoonwalk/Earth/Driving/clip_0122.mp4,1
/home/leon-gold/Downloads/TrialMoonwalk/Earth/Driving/clip_0114.mp4,1
/home/leon-gold/Downloads/TrialMoonwalk/Earth/Driving/clip_0160.mp4,1
/home/leon-gold/Downloads/TrialMoonwalk/Earth/Driving/clip_0058.mp4,1
/home/leon-gold/Downloads/TrialMoonwalk/Earth/Driving/clip_0086.mp4,1
/home/leon-gold/Downloads/TrialMoonwalk/Earth/Driving/clip_0010.mp4,1
/home/leon-gold/Downloads/TrialMoonwalk/Earth/Driving/clip_0158.mp4,1
/home/leon-gold/Downloads/TrialMoonwalk/Earth/Driving/clip_0060.mp4,1
/home/leon-gold/Downloads/TrialMoonwalk/Earth/Driving/clip_0040.mp4,1
/home/leon-gold/Downloads/TrialMoonwalk/Earth/Driving/clip_0145.mp4,1
/home/leon-gold/Downloads/TrialMoonwalk/Earth/Driving/clip_0135.mp4,1
/home/leon-gold/Downloads/TrialMoonwalk/Earth/Driving/clip_0004.mp4,1
/home/leon-gold/Downloads/TrialMoonwalk/Earth/Driving/clip_0117.mp4,1
/home/leon-gold/Downloads/TrialMoonwalk/Earth/Driving/clip_0007.mp4,1
/home/leon-gold/Downloads/TrialMoonwalk/Earth/Driving/clip_0083.mp4,1
/home/leon-gold/Downloads/TrialMoonwalk/Earth/Driving/clip_0156.mp4,1
/home/leon-gold/Downloads/TrialMoonwalk/Earth/Driving/clip_0116.mp4,1
/home/leon-gold/Downloads/TrialMoonwalk/Earth/Driving/clip_0015.mp4,1
/home/leon-gold/Downloads/TrialMoonwalk/Earth/Driving/clip_0013.mp4,1
/home/leon-gold/Downloads/TrialMoonwalk/Earth/Driving/clip_0098.mp4,1
/home/leon-gold/Downloads/TrialMoonwalk/Earth/Driving/clip_0090.mp4,1
/home/leon-gold/Downloads/TrialMoonwalk/Earth/Driving/clip_0148.mp4,1
/home/leon-gold/Downloads/TrialMoonwalk/Earth/Driving/clip_0172.mp4,1
/home/leon-gold/Downloads/TrialMoonwalk/Earth/Driving/clip_0109.mp4,1
/home/leon-gold/Downloads/TrialMoonwalk/Earth/Driving/clip_0034.mp4,1
/home/leon-gold/Downloads/TrialMoonwalk/Earth/Driving/clip_0151.mp4,1
/home/leon-gold/Downloads/TrialMoonwalk/Earth/Driving/clip_0016.mp4,1
/home/leon-gold/Downloads/TrialMoonwalk/Earth/Driving/clip_0161.mp4,1
/home/leon-gold/Downloads/TrialMoonwalk/Earth/Driving/clip_0003.mp4,1
/home/leon-gold/Downloads/TrialMoonwalk/Earth/Driving/clip_0048.mp4,1
/home/leon-gold/Downloads/TrialMoonwalk/Earth/Driving/clip_0063.mp4,1
/home/leon-gold/Downloads/TrialMoonwalk/Earth/Driving/clip_0144.mp4,1
/home/leon-gold/Downloads/TrialMoonwalk/Earth/Driving/clip_0017.mp4,1
/home/leon-gold/Downloads/TrialMoonwalk/Earth/Driving/clip_0097.mp4,1
/home/leon-gold/Downloads/TrialMoonwalk/Earth/Driving/clip_0082.mp4,1
/home/leon-gold/Downloads/TrialMoonwalk/Earth/Driving/clip_0134.mp4,1
/home/leon-gold/Downloads/TrialMoonwalk/Earth/Driving/clip_0149.mp4,1
/home/leon-gold/Downloads/TrialMoonwalk/Earth/Driving/clip_0093.mp4,1
/home/leon-gold/Downloads/TrialMoonwalk/Earth/Driving/clip_0031.mp4,1
/home/leon-gold/Downloads/TrialMoonwalk/Earth/Driving/clip_0131.mp4,1
/home/leon-gold/Downloads/TrialMoonwalk/Earth/Driving/clip_0047.mp4,1
/home/leon-gold/Downloads/TrialMoonwalk/Earth/Driving/clip_0094.mp4,1
/home/leon-gold/Downloads/TrialMoonwalk/Earth/Driving/clip_0059.mp4,1
/home/leon-gold/Downloads/TrialMoonwalk/Earth/Driving/clip_0091.mp4,1
/home/leon-gold/Downloads/TrialMoonwalk/Earth/Driving/clip_0176.mp4,1
/home/leon-gold/Downloads/TrialMoonwalk/Earth/Driving/clip_0146.mp4,1
/home/leon-gold/Downloads/TrialMoonwalk/Earth/Driving/clip_0152.mp4,1
/home/leon-gold/Downloads/TrialMoonwalk/Earth/Driving/clip_0137.mp4,1
/home/leon-gold/Downloads/TrialMoonwalk/Earth/Driving/clip_0107.mp4,1
/home/leon-gold/Downloads/TrialMoonwalk/Earth/Driving/clip_0166.mp4,1
/home/leon-gold/Downloads/TrialMoonwalk/Earth/Driving/clip_0154.mp4,1
/home/leon-gold/Downloads/TrialMoonwalk/Earth/Driving/clip_0079.mp4,1
/home/leon-gold/Downloads/TrialMoonwalk/Earth/Driving/clip_0174.mp4,1
/home/leon-gold/Downloads/TrialMoonwalk/Earth/Driving/clip_0012.mp4,1
/home/leon-gold/Downloads/TrialMoonwalk/Earth/Driving/clip_0071.mp4,1
/home/leon-gold/Downloads/TrialMoonwalk/Earth/Driving/clip_0069.mp4,1
/home/leon-gold/Downloads/TrialMoonwalk/Earth/Driving/clip_0029.mp4,1
/home/leon-gold/Downloads/TrialMoonwalk/Earth/Driving/clip_0173.mp4,1
/home/leon-gold/Downloads/TrialMoonwalk/Earth/Driving/clip_0005.mp4,1
/home/leon-gold/Downloads/TrialMoonwalk/Earth/Driving/clip_0073.mp4,1
/home/leon-gold/Downloads/TrialMoonwalk/Earth/Driving/clip_0022.mp4,1
/home/leon-gold/Downloads/TrialMoonwalk/Earth/Driving/clip_0076.mp4,1
/home/leon-gold/Downloads/TrialMoonwalk/Earth/Driving/clip_0128.mp4,1
/home/leon-gold/Downloads/TrialMoonwalk/Earth/Driving/clip_0101.mp4,1
/home/leon-gold/Downloads/TrialMoonwalk/Earth/Driving/clip_0142.mp4,1
/home/leon-gold/Downloads/TrialMoonwalk/Earth/Driving/clip_0002.mp4,1
/home/leon-gold/Downloads/TrialMoonwalk/Earth/Driving/clip_0046.mp4,1
/home/leon-gold/Downloads/TrialMoonwalk/Earth/Driving/clip_0138.mp4,1
/home/leon-gold/Downloads/TrialMoonwalk/Earth/Driving/clip_0167.mp4,1
/home/leon-gold/Downloads/TrialMoonwalk/Earth/Driving/clip_0087.mp4,1
/home/leon-gold/Downloads/TrialMoonwalk/Earth/Driving/clip_0075.mp4,1
/home/leon-gold/Downloads/TrialMoonwalk/Earth/Driving/clip_0033.mp4,1
/home/leon-gold/Downloads/TrialMoonwalk/Earth/Driving/clip_0065.mp4,1
/home/leon-gold/Downloads/TrialMoonwalk/Earth/Driving/clip_0168.mp4,1
/home/leon-gold/Downloads/TrialMoonwalk/Earth/Driving/clip_0140.mp4,1
/home/leon-gold/Downloads/TrialMoonwalk/Earth/Driving/clip_0051.mp4,1
/home/leon-gold/Downloads/TrialMoonwalk/Earth/Driving/clip_0055.mp4,1
/home/leon-gold/Downloads/TrialMoonwalk/Earth/Driving/clip_0123.mp4,1
/home/leon-gold/Downloads/TrialMoonwalk/Earth/Driving/clip_0102.mp4,1
/home/leon-gold/Downloads/TrialMoonwalk/Earth/Driving/clip_0105.mp4,1
/home/leon-gold/Downloads/TrialMoonwalk/Earth/Driving/clip_0124.mp4,1
/home/leon-gold/Downloads/TrialMoonwalk/Earth/Driving/clip_0032.mp4,1
/home/leon-gold/Downloads/TrialMoonwalk/Earth/Driving/clip_0110.mp4,1
/home/leon-gold/Downloads/TrialMoonwalk/Earth/Driving/clip_0106.mp4,1
/home/leon-gold/Downloads/TrialMoonwalk/Earth/Driving/clip_0009.mp4,1
/home/leon-gold/Downloads/TrialMoonwalk/Earth/Driving/clip_0000.mp4,1
/home/leon-gold/Downloads/TrialMoonwalk/Earth/Driving/clip_0139.mp4,1
/home/leon-gold/Downloads/TrialMoonwalk/Earth/Driving/clip_0054.mp4,1
/home/leon-gold/Downloads/TrialMoonwalk/Earth/Driving/clip_0074.mp4,1
/home/leon-gold/Downloads/TrialMoonwalk/Earth/Driving/clip_0057.mp4,1
/home/leon-gold/Downloads/TrialMoonwalk/Earth/Driving/clip_0056.mp4,1
/home/leon-gold/Downloads/TrialMoonwalk/Earth/Driving/clip_0115.mp4,1
/home/leon-gold/Downloads/TrialMoonwalk/Earth/Driving/clip_0130.mp4,1
/home/leon-gold/Downloads/TrialMoonwalk/Earth/Driving/clip_0133.mp4,1
/home/leon-gold/Downloads/TrialMoonwalk/Earth/Driving/clip_0025.mp4,1
/home/leon-gold/Downloads/TrialMoonwalk/Earth/Driving/clip_0153.mp4,1
/home/leon-gold/Downloads/TrialMoonwalk/Earth/Driving/clip_0095.mp4,1
/home/leon-gold/Downloads/TrialMoonwalk/Earth/Driving/clip_0089.mp4,1
/home/leon-gold/Downloads/TrialMoonwalk/Earth/Driving/clip_0081.mp4,1
/home/leon-gold/Downloads/TrialMoonwalk/Earth/Driving/clip_0085.mp4,1
/home/leon-gold/Downloads/TrialMoonwalk/Earth/Driving/clip_0111.mp4,1
/home/leon-gold/Downloads/TrialMoonwalk/Earth/Driving/clip_0147.mp4,1
/home/leon-gold/Downloads/TrialMoonwalk/Earth/Driving/clip_0041.mp4,1
/home/leon-gold/Downloads/TrialMoonwalk/Earth/Driving/clip_0175.mp4,1
/home/leon-gold/Downloads/TrialMoonwalk/Earth/Driving/clip_0043.mp4,1
/home/leon-gold/Downloads/TrialMoonwalk/Earth/Driving/clip_0127.mp4,1
/home/leon-gold/Downloads/TrialMoonwalk/Earth/Driving/clip_0113.mp4,1
/home/leon-gold/Downloads/TrialMoonwalk/Earth/Driving/clip_0141.mp4,1
/home/leon-gold/Downloads/TrialMoonwalk/Earth/Driving/clip_0118.mp4,1
/home/leon-gold/Downloads/TrialMoonwalk/Earth/Driving/clip_0099.mp4,1
/home/leon-gold/Downloads/TrialMoonwalk/Earth/Driving/clip_0037.mp4,1
/home/leon-gold/Downloads/TrialMoonwalk/Earth/Driving/clip_0053.mp4,1
/home/leon-gold/Downloads/TrialMoonwalk/Earth/Driving/clip_0078.mp4,1
/home/leon-gold/Downloads/TrialMoonwalk/Earth/Driving/clip_0150.mp4,1
/home/leon-gold/Downloads/TrialMoonwalk/Earth/Driving/clip_0021.mp4,1
/home/leon-gold/Downloads/TrialMoonwalk/Earth/Driving/clip_0023.mp4,1
/home/leon-gold/Downloads/TrialMoonwalk/Earth/Driving/clip_0061.mp4,1
/home/leon-gold/Downloads/TrialMoonwalk/Earth/Driving/clip_0038.mp4,1
/home/leon-gold/Downloads/TrialMoonwalk/Earth/Driving/clip_0125.mp4,1
/home/leon-gold/Downloads/TrialMoonwalk/Earth/Driving/clip_0024.mp4,1
/home/leon-gold/Downloads/TrialMoonwalk/Earth/Driving/clip_0052.mp4,1
/home/leon-gold/Downloads/TrialMoonwalk/Earth/Driving/clip_0049.mp4,1
/home/leon-gold/Downloads/TrialMoonwalk/Earth/Driving/clip_0019.mp4,1
/home/leon-gold/Downloads/TrialMoonwalk/Earth/Driving/clip_0170.mp4,1
/home/leon-gold/Downloads/TrialMoonwalk/Earth/Driving/clip_0011.mp4,1
/home/leon-gold/Downloads/TrialMoonwalk/Earth/Driving/clip_0001.mp4,1
/home/leon-gold/Downloads/TrialMoonwalk/Earth/Driving/clip_0018.mp4,1
/home/leon-gold/Downloads/TrialMoonwalk/Earth/Driving/clip_0030.mp4,1
/home/leon-gold/Downloads/TrialMoonwalk/Earth/Driving/clip_0164.mp4,1
/home/leon-gold/Downloads/TrialMoonwalk/Earth/Driving/clip_0155.mp4,1
/home/leon-gold/Downloads/TrialMoonwalk/Earth/Driving/clip_0064.mp4,1
/home/leon-gold/Downloads/TrialMoonwalk/Earth/Driving/clip_0084.mp4,1
/home/leon-gold/Downloads/TrialMoonwalk/Earth/Driving/clip_0103.mp4,1
/home/leon-gold/Downloads/TrialMoonwalk/Earth/Driving/clip_0006.mp4,1
/home/leon-gold/Downloads/TrialMoonwalk/Earth/Driving/clip_0036.mp4,1
/home/leon-gold/Downloads/TrialMoonwalk/Earth/Driving/clip_0119.mp4,1
/home/leon-gold/Downloads/TrialMoonwalk/Earth/Driving/clip_0165.mp4,1
/home/leon-gold/Downloads/TrialMoonwalk/Earth/Driving/clip_0096.mp4,1
/home/leon-gold/Downloads/TrialMoonwalk/Earth/Driving/clip_0070.mp4,1
/home/leon-gold/Downloads/TrialMoonwalk/Earth/Driving/clip_0020.mp4,1
/home/leon-gold/Downloads/TrialMoonwalk/Earth/Driving/clip_0129.mp4,1
/home/leon-gold/Downloads/TrialMoonwalk/Earth/Driving/clip_0159.mp4,1
/home/leon-gold/Downloads/TrialMoonwalk/Earth/Driving/clip_0067.mp4,1
/home/leon-gold/Downloads/TrialMoonwalk/Earth/Driving/clip_0169.mp4,1
/home/leon-gold/Downloads/TrialMoonwalk/Earth/Driving/clip_0042.mp4,1
/home/leon-gold/Downloads/TrialMoonwalk/Earth/Driving/clip_0027.mp4,1
/home/leon-gold/Downloads/TrialMoonwalk/Earth/Driving/clip_0171.mp4,1
/home/leon-gold/Downloads/TrialMoonwalk/Earth/Driving/clip_0066.mp4,1
/home/leon-gold/Downloads/TrialMoonwalk/Earth/Driving/clip_0044.mp4,1
/home/leon-gold/Downloads/TrialMoonwalk/Earth/Driving/clip_0121.mp4,1
/home/leon-gold/Downloads/TrialMoonwalk/Earth/Driving/clip_0014.mp4,1
/home/leon-gold/Downloads/TrialMoonwalk/Earth/Driving/clip_0162.mp4,1
/home/leon-gold/Downloads/TrialMoonwalk/Earth/Driving/clip_0163.mp4,1
/home/leon-gold/Downloads/TrialMoonwalk/Earth/Driving/clip_0136.mp4,1
/home/leon-gold/Downloads/TrialMoonwalk/Earth/Driving/clip_0008.mp4,1
/home/leon-gold/Downloads/TrialMoonwalk/Earth/Driving/clip_0068.mp4,1
/home/leon-gold/Downloads/TrialMoonwalk/Earth/Driving/clip_0039.mp4,1
/home/leon-gold/Downloads/TrialMoonwalk/Earth/Driving/clip_0080.mp4,1
/home/leon-gold/Downloads/TrialMoonwalk/Earth/Driving/clip_0026.mp4,1
/home/leon-gold/Downloads/TrialMoonwalk/Earth/Driving/clip_0104.mp4,1
/home/leon-gold/Downloads/TrialMoonwalk/Earth/Driving/clip_0126.mp4,1
/home/leon-gold/Downloads/TrialMoonwalk/Earth/Driving/clip_0108.mp4,1
/home/leon-gold/Downloads/TrialMoonwalk/Earth/Driving/clip_0045.mp4,1
/home/leon-gold/Downloads/TrialMoonwalk/Earth/Driving/clip_0100.mp4,1
/home/leon-gold/Downloads/TrialMoonwalk/Earth/Driving/clip_0157.mp4,1
/home/leon-gold/Downloads/TrialMoonwalk/Earth/Driving/clip_0132.mp4,1
/home/leon-gold/Downloads/TrialMoonwalk/Earth/Driving/clip_0143.mp4,1
/home/leon-gold/Downloads/TrialMoonwalk/Earth/Servicing/clip_0008 (2).mp4,0
/home/leon-gold/Downloads/TrialMoonwalk/Earth/Servicing/clip_0009 (2).mp4,0
/home/leon-gold/Downloads/TrialMoonwalk/Earth/Servicing/clip_0010.mp4,0
/home/leon-gold/Downloads/TrialMoonwalk/Earth/Servicing/clip_0013 (2).mp4,0
/home/leon-gold/Downloads/TrialMoonwalk/Earth/Servicing/clip_0004.mp4,0
/home/leon-gold/Downloads/TrialMoonwalk/Earth/Servicing/clip_0007.mp4,0
/home/leon-gold/Downloads/TrialMoonwalk/Earth/Servicing/clip_0015.mp4,0
/home/leon-gold/Downloads/TrialMoonwalk/Earth/Servicing/clip_0013.mp4,0
/home/leon-gold/Downloads/TrialMoonwalk/Earth/Servicing/clip_0016.mp4,0
/home/leon-gold/Downloads/TrialMoonwalk/Earth/Servicing/clip_0003.mp4,0
/home/leon-gold/Downloads/TrialMoonwalk/Earth/Servicing/clip_0012 (2).mp4,0
/home/leon-gold/Downloads/TrialMoonwalk/Earth/Servicing/clip_0001 (2).mp4,0
/home/leon-gold/Downloads/TrialMoonwalk/Earth/Servicing/clip_0005 (2).mp4,0
/home/leon-gold/Downloads/TrialMoonwalk/Earth/Servicing/clip_0006 (2).mp4,0
/home/leon-gold/Downloads/TrialMoonwalk/Earth/Servicing/clip_0000 (2).mp4,0
/home/leon-gold/Downloads/TrialMoonwalk/Earth/Servicing/clip_0012.mp4,0
/home/leon-gold/Downloads/TrialMoonwalk/Earth/Servicing/clip_0005.mp4,0
/home/leon-gold/Downloads/TrialMoonwalk/Earth/Servicing/clip_0010 (2).mp4,0
/home/leon-gold/Downloads/TrialMoonwalk/Earth/Servicing/clip_0002.mp4,0
/home/leon-gold/Downloads/TrialMoonwalk/Earth/Servicing/clip_0007 (2).mp4,0
/home/leon-gold/Downloads/TrialMoonwalk/Earth/Servicing/clip_0011 (2).mp4,0
/home/leon-gold/Downloads/TrialMoonwalk/Earth/Servicing/clip_0009.mp4,0
/home/leon-gold/Downloads/TrialMoonwalk/Earth/Servicing/clip_0000.mp4,0
/home/leon-gold/Downloads/TrialMoonwalk/Earth/Servicing/clip_0003 (2).mp4,0
/home/leon-gold/Downloads/TrialMoonwalk/Earth/Servicing/clip_0011.mp4,0
/home/leon-gold/Downloads/TrialMoonwalk/Earth/Servicing/clip_0001.mp4,0
/home/leon-gold/Downloads/TrialMoonwalk/Earth/Servicing/clip_0006.mp4,0
/home/leon-gold/Downloads/TrialMoonwalk/Earth/Servicing/clip_0002 (2).mp4,0
/home/leon-gold/Downloads/TrialMoonwalk/Earth/Servicing/clip_0014.mp4,0
/home/leon-gold/Downloads/TrialMoonwalk/Earth/Servicing/clip_0014 (2).mp4,0
/home/leon-gold/Downloads/TrialMoonwalk/Earth/Servicing/clip_0008.mp4,0
/home/leon-gold/Downloads/TrialMoonwalk/Earth/Servicing/clip_0004 (2).mp4,0

