src/datasets/TrialMoonwalk/Falling/Falling/clip_0007.mp4,2
src/datasets/TrialMoonwalk/Falling/Falling/clip_0001 (3).mp4,2
src/datasets/TrialMoonwalk/Falling/Falling/clip_0001 (2).mp4,2 
src/datasets/TrialMoonwalk/Falling/Falling/clip_0004 (3).mp4,2 
src/datasets/TrialMoonwalk/Falling/Falling/clip_0005 (2).mp4,2 
src/datasets/TrialMoonwalk/Falling/Falling/clip_0005 (2).mp4,2 
src/datasets/TrialMoonwalk/Falling/Falling/clip_0012.mp4,2
src/datasets/TrialMoonwalk/Falling/Falling/clip_0005.mp4,2
src/datasets/TrialMoonwalk/Falling/Falling/clip_0002 (3).mp4,2
src/datasets/TrialMoonwalk/Falling/Falling/clip_0000 (3).mp4,2 
src/datasets/TrialMoonwalk/Falling/Falling/clip_0009.mp4,2
src/datasets/TrialMoonwalk/Falling/Falling/clip_0000.mp4,2
src/datasets/TrialMoonwalk/Falling/Falling/clip_0003 (2).mp4,2 
src/datasets/TrialMoonwalk/Falling/Falling/clip_0006.mp4,2 
src/datasets/TrialMoonwalk/Falling/Falling/clip_0003 (3).mp4,2 
src/datasets/TrialMoonwalk/Falling/Falling/clip_0014.mp4,2
src/datasets/TrialMoonwalk/Falling/Falling/clip_0004 (2).mp4,2