src/datasets/TrialMoonwalk/Falling/Falling/clip_0010.mp4,24 #grainy and like crouching
src/datasets/TrialMoonwalk/Falling/Falling/clip_0004.mp4,24 #on ground. Not really action of falling. Like doing push ups
src/datasets/TrialMoonwalk/Falling/Falling/clip_0007.mp4,21 #fine a bit grainy
src/datasets/TrialMoonwalk/Falling/Falling/clip_0001 (3).mp4,2 #good, like a push up. Knees dont touch first
src/datasets/TrialMoonwalk/Falling/Falling/clip_0013.mp4,24 #grainy. knees lowered
src/datasets/TrialMoonwalk/Falling/Falling/clip_0003.mp4,24 #on knees
src/datasets/TrialMoonwalk/Falling/Falling/clip_0001 (2).mp4,2 #good, actual trip
src/datasets/TrialMoonwalk/Falling/Falling/clip_0004 (3).mp4,2 #good, actual trip
src/datasets/TrialMoonwalk/Falling/Falling/clip_0005 (2).mp4,2 #good, on knees for a bit but has air time
src/datasets/TrialMoonwalk/Falling/Falling/clip_0005 (2).mp4,2  #good actual trip and air time
src/datasets/TrialMoonwalk/Falling/Falling/clip_0012.mp4,24 #blurry air time but on knees toward end
src/datasets/TrialMoonwalk/Falling/Falling/clip_0005.mp4,2 #on knees but falls on torso
src/datasets/TrialMoonwalk/Falling/Falling/clip_0002 (3).mp4,21 #same as previous video but misclassified
src/datasets/TrialMoonwalk/Falling/Falling/clip_0002.mp4,24 #lowers himself, knees close to ground
src/datasets/TrialMoonwalk/Falling/Falling/clip_0000 (3).mp4,2 #good, actual trip and fall
src/datasets/TrialMoonwalk/Falling/Falling/clip_0009.mp4,2 #good, trip fall and air time
src/datasets/TrialMoonwalk/Falling/Falling/clip_0000.mp4,21 #good but misclassified, trip and fall
src/datasets/TrialMoonwalk/Falling/Falling/clip_0003 (2).mp4,2 #trip and fall (pushup)
src/datasets/TrialMoonwalk/Falling/Falling/clip_0011.mp4,24 #slow lowering to the ground with knee
src/datasets/TrialMoonwalk/Falling/Falling/clip_0001.mp4,24 #eliminate from dataset, lean not fall
src/datasets/TrialMoonwalk/Falling/Falling/clip_0006.mp4,2 #good trip and fall
src/datasets/TrialMoonwalk/Falling/Falling/clip_0003 (3).mp4,2 #good trip and fall
src/datasets/TrialMoonwalk/Falling/Falling/clip_0002 (2).mp4,24 #lots of time on knees, slow fall
src/datasets/TrialMoonwalk/Falling/Falling/clip_0014.mp4,2 #blurry but good slippage and quick descent
src/datasets/TrialMoonwalk/Falling/Falling/clip_0008.mp4,21 #fall out of frame, head descends but no legs
src/datasets/TrialMoonwalk/Falling/Falling/clip_0004 (2).mp4,2 #beautful trip and fall