/home/leon-gold/jepa/kinetics-dataset/k400_targz/train/part_24/5uVInKfbUwo_000071_000081.mp4,311
/home/leon-gold/jepa/kinetics-dataset/k400_targz/train/part_24/5ndD0Ml5bCE_000030_000040.mp4,179
/home/leon-gold/jepa/kinetics-dataset/k400_targz/train/part_24/5mn876mcdM0_000045_000055.mp4,384
/home/leon-gold/jepa/kinetics-dataset/k400_targz/train/part_24/5fp3d2NLJFw_000074_000084.mp4,141
/home/leon-gold/jepa/kinetics-dataset/k400_targz/train/part_24/5r6rxFx8ofs_000075_000085.mp4,96
/home/leon-gold/jepa/kinetics-dataset/k400_targz/train/part_24/5fuB5fsTsAo_000166_000176.mp4,245
/home/leon-gold/jepa/kinetics-dataset/k400_targz/train/part_24/5hOPBxkYQl8_000094_000104.mp4,71
/home/leon-gold/jepa/kinetics-dataset/k400_targz/train/part_24/5mF09hz5F-U_000040_000050.mp4,159
/home/leon-gold/jepa/kinetics-dataset/k400_targz/train/part_24/5hv6irmwYQk_000043_000053.mp4,295
/home/leon-gold/jepa/kinetics-dataset/k400_targz/train/part_24/5j0wzjAbk7s_000382_000392.mp4,353
/home/leon-gold/jepa/kinetics-dataset/k400_targz/train/part_24/5thbFBaufr0_000006_000016.mp4,160
/home/leon-gold/jepa/kinetics-dataset/k400_targz/train/part_24/5tujNM78BOU_000003_000013.mp4,186
/home/leon-gold/jepa/kinetics-dataset/k400_targz/train/part_24/5skWp34Z7sA_000005_000015.mp4,223
/home/leon-gold/jepa/kinetics-dataset/k400_targz/train/part_24/5sx5A7ULxYU_000013_000023.mp4,251
/home/leon-gold/jepa/kinetics-dataset/k400_targz/train/part_24/5rEOipEULgc_000237_000247.mp4,378
/home/leon-gold/jepa/kinetics-dataset/k400_targz/train/part_24/5oJeQJ0u1po_000049_000059.mp4,146
/home/leon-gold/jepa/kinetics-dataset/k400_targz/train/part_24/5lzYebmNVKE_000192_000202.mp4,315
/home/leon-gold/jepa/kinetics-dataset/k400_targz/train/part_24/5tETMUt4TYg_000003_000013.mp4,148
/home/leon-gold/jepa/kinetics-dataset/k400_targz/train/part_24/5n8Dh8sd-mc_000096_000106.mp4,14
/home/leon-gold/jepa/kinetics-dataset/k400_targz/train/part_24/5fMmSgOfQlw_000127_000137.mp4,327
/home/leon-gold/jepa/kinetics-dataset/k400_targz/train/part_24/5lSDHdeB5w4_000014_000024.mp4,125
/home/leon-gold/jepa/kinetics-dataset/k400_targz/train/part_24/5hFWm9ZtOyk_000034_000044.mp4,43
/home/leon-gold/jepa/kinetics-dataset/k400_targz/train/part_24/5lxZbma9fHI_000103_000113.mp4,399
/home/leon-gold/jepa/kinetics-dataset/k400_targz/train/part_24/5g_VLZB07lQ_000007_000017.mp4,268
/home/leon-gold/jepa/kinetics-dataset/k400_targz/train/part_24/5s35diKaYDo_000121_000131.mp4,205
/home/leon-gold/jepa/kinetics-dataset/k400_targz/train/part_24/5jg23Q8AFZo_000003_000013.mp4,107
/home/leon-gold/jepa/kinetics-dataset/k400_targz/train/part_24/5hAyrEWeft4_000150_000160.mp4,278
/home/leon-gold/jepa/kinetics-dataset/k400_targz/train/part_24/5kgXKNXC2lU_000574_000584.mp4,199
/home/leon-gold/jepa/kinetics-dataset/k400_targz/train/part_24/5sjKnfZM44M_000001_000011.mp4,378
/home/leon-gold/jepa/kinetics-dataset/k400_targz/train/part_24/5kYHhSIMbW4_000035_000045.mp4,275
/home/leon-gold/jepa/kinetics-dataset/k400_targz/train/part_24/5gXFc2Fzlrk_000121_000131.mp4,227
/home/leon-gold/jepa/kinetics-dataset/k400_targz/train/part_24/5iFYeGvuuV4_000027_000037.mp4,24
/home/leon-gold/jepa/kinetics-dataset/k400_targz/train/part_24/5fNKMmWj1TM_000383_000393.mp4,306
/home/leon-gold/jepa/kinetics-dataset/k400_targz/train/part_24/5tQLx2LDHRA_000087_000097.mp4,349
/home/leon-gold/jepa/kinetics-dataset/k400_targz/train/part_24/5hD03KB2H6w_000031_000041.mp4,131
/home/leon-gold/jepa/kinetics-dataset/k400_targz/train/part_24/5fHYtZMJbBI_000276_000286.mp4,13
/home/leon-gold/jepa/kinetics-dataset/k400_targz/train/part_24/5uSvEYh96U8_000255_000265.mp4,371
/home/leon-gold/jepa/kinetics-dataset/k400_targz/train/part_24/5fgFJ4UOi0g_000001_000011.mp4,193
/home/leon-gold/jepa/kinetics-dataset/k400_targz/train/part_24/5trC8YgfWV8_000504_000514.mp4,81
/home/leon-gold/jepa/kinetics-dataset/k400_targz/train/part_24/5iENfgRtN18_000024_000034.mp4,200
/home/leon-gold/jepa/kinetics-dataset/k400_targz/train/part_24/5eyHVNa0Sic_000187_000197.mp4,308
/home/leon-gold/jepa/kinetics-dataset/k400_targz/train/part_24/5r7IJdQHwu0_000180_000190.mp4,337
/home/leon-gold/jepa/kinetics-dataset/k400_targz/train/part_24/5sQ56c6XKIk_000012_000022.mp4,235
/home/leon-gold/jepa/kinetics-dataset/k400_targz/train/part_24/5mf3kHn1qDY_000013_000023.mp4,253
/home/leon-gold/jepa/kinetics-dataset/k400_targz/train/part_24/5mWouQ2q03c_000011_000021.mp4,340
/home/leon-gold/jepa/kinetics-dataset/k400_targz/train/part_24/5ovHA6wLRn0_000004_000014.mp4,341
/home/leon-gold/jepa/kinetics-dataset/k400_targz/train/part_24/5m8hHmuo8Q8_000094_000104.mp4,126
/home/leon-gold/jepa/kinetics-dataset/k400_targz/train/part_24/5fSV2bHg-I8_000018_000028.mp4,247
/home/leon-gold/jepa/kinetics-dataset/k400_targz/train/part_24/5lVfJrShaRE_000036_000046.mp4,82
/home/leon-gold/jepa/kinetics-dataset/k400_targz/train/part_24/5p1fPvsVDi8_000002_000012.mp4,36
/home/leon-gold/jepa/kinetics-dataset/k400_targz/train/part_24/5lv1keJQkMs_000010_000020.mp4,250
/home/leon-gold/jepa/kinetics-dataset/k400_targz/train/part_24/5lhhhpZyf-w_000069_000079.mp4,51
/home/leon-gold/jepa/kinetics-dataset/k400_targz/train/part_24/5qvUm1ZJ1DY_000233_000243.mp4,53
/home/leon-gold/jepa/kinetics-dataset/k400_targz/train/part_24/5q5NoQVR-GA_000017_000027.mp4,140
/home/leon-gold/jepa/kinetics-dataset/k400_targz/train/part_24/5qtZWrXN2Ko_000477_000487.mp4,231
/home/leon-gold/jepa/kinetics-dataset/k400_targz/train/part_24/5rbBpfigX2A_000021_000031.mp4,111
/home/leon-gold/jepa/kinetics-dataset/k400_targz/train/part_24/5hOMxDRnX6E_000001_000011.mp4,378
/home/leon-gold/jepa/kinetics-dataset/k400_targz/train/part_24/5qgROAY83EA_000083_000093.mp4,221
/home/leon-gold/jepa/kinetics-dataset/k400_targz/train/part_24/5lBTu_WyVAY_000003_000013.mp4,235
/home/leon-gold/jepa/kinetics-dataset/k400_targz/train/part_24/5j7ixcjI3hE_000001_000011.mp4,252
/home/leon-gold/jepa/kinetics-dataset/k400_targz/train/part_24/5sQvDvOjhPg_000000_000010.mp4,49
/home/leon-gold/jepa/kinetics-dataset/k400_targz/train/part_24/5j0-Z47tSrQ_000304_000314.mp4,254
/home/leon-gold/jepa/kinetics-dataset/k400_targz/train/part_24/5kkT3rKh1NY_000002_000012.mp4,297
/home/leon-gold/jepa/kinetics-dataset/k400_targz/train/part_24/5s7hxDwe3ak_000012_000022.mp4,98
/home/leon-gold/jepa/kinetics-dataset/k400_targz/train/part_24/5pcdSPq01B4_000787_000797.mp4,193
/home/leon-gold/jepa/kinetics-dataset/k400_targz/train/part_24/5f6TRUz6Y10_000105_000115.mp4,246
/home/leon-gold/jepa/kinetics-dataset/k400_targz/train/part_24/5pdx6ZC-vnw_000124_000134.mp4,381
/home/leon-gold/jepa/kinetics-dataset/k400_targz/train/part_24/5erJDrGp2UQ_000002_000012.mp4,360
/home/leon-gold/jepa/kinetics-dataset/k400_targz/train/part_24/5hn6PMeVnU8_000003_000013.mp4,389
/home/leon-gold/jepa/kinetics-dataset/k400_targz/train/part_24/5kgQQKE3F9M_000497_000507.mp4,316
/home/leon-gold/jepa/kinetics-dataset/k400_targz/train/part_24/5sgxumudy1w_000004_000014.mp4,243
/home/leon-gold/jepa/kinetics-dataset/k400_targz/train/part_24/5fCbnlNrPhw_000447_000457.mp4,387
/home/leon-gold/jepa/kinetics-dataset/k400_targz/train/part_24/5uPY7hOLURs_000006_000016.mp4,166
/home/leon-gold/jepa/kinetics-dataset/k400_targz/train/part_24/5oEr36RLWd4_000277_000287.mp4,304
/home/leon-gold/jepa/kinetics-dataset/k400_targz/train/part_24/5lyrdfqaRwY_000006_000016.mp4,174
/home/leon-gold/jepa/kinetics-dataset/k400_targz/train/part_24/5j0Jr7OwEnA_000079_000089.mp4,172
/home/leon-gold/jepa/kinetics-dataset/k400_targz/train/part_24/5tIo0DbkHEA_000148_000158.mp4,233
/home/leon-gold/jepa/kinetics-dataset/k400_targz/train/part_24/5lClJCVabLo_000000_000010.mp4,358
/home/leon-gold/jepa/kinetics-dataset/k400_targz/train/part_24/5o4MAFABi2E_000270_000280.mp4,273
/home/leon-gold/jepa/kinetics-dataset/k400_targz/train/part_24/5iVs9egiH9k_000013_000023.mp4,156
/home/leon-gold/jepa/kinetics-dataset/k400_targz/train/part_24/5rPWFiO_QhI_000004_000014.mp4,243
/home/leon-gold/jepa/kinetics-dataset/k400_targz/train/part_24/5ex-UoKEiAU_000001_000011.mp4,54
/home/leon-gold/jepa/kinetics-dataset/k400_targz/train/part_24/5iMx19vvLvk_000031_000041.mp4,40
/home/leon-gold/jepa/kinetics-dataset/k400_targz/train/part_24/5sLIgIdysyQ_000062_000072.mp4,376
/home/leon-gold/jepa/kinetics-dataset/k400_targz/train/part_24/5nxK8c3WJfQ_000055_000065.mp4,328
/home/leon-gold/jepa/kinetics-dataset/k400_targz/train/part_24/5oE59c7T3rE_000001_000011.mp4,307
/home/leon-gold/jepa/kinetics-dataset/k400_targz/train/part_24/5gus3Pyk7RM_000013_000023.mp4,373
/home/leon-gold/jepa/kinetics-dataset/k400_targz/train/part_24/5nd2ue_dEsI_000009_000019.mp4,157
/home/leon-gold/jepa/kinetics-dataset/k400_targz/train/part_24/5kkceFbASUY_000004_000014.mp4,245
/home/leon-gold/jepa/kinetics-dataset/k400_targz/train/part_24/5iveDvRAzNM_000197_000207.mp4,201
/home/leon-gold/jepa/kinetics-dataset/k400_targz/train/part_24/5fVzCgtl51Q_000026_000036.mp4,344
/home/leon-gold/jepa/kinetics-dataset/k400_targz/train/part_24/5kRkHcT_qpA_000030_000040.mp4,323
/home/leon-gold/jepa/kinetics-dataset/k400_targz/train/part_24/5hHJPNxhPAo_000091_000101.mp4,328
/home/leon-gold/jepa/kinetics-dataset/k400_targz/train/part_24/5ob8Ak8ENE4_000004_000014.mp4,63
/home/leon-gold/jepa/kinetics-dataset/k400_targz/train/part_24/5flbgTHaqak_000107_000117.mp4,6
/home/leon-gold/jepa/kinetics-dataset/k400_targz/train/part_24/5ppAryT56r8_000065_000075.mp4,169
/home/leon-gold/jepa/kinetics-dataset/k400_targz/train/part_24/5oONGSaIE_M_000004_000014.mp4,12
/home/leon-gold/jepa/kinetics-dataset/k400_targz/train/part_24/5m46fxtlHg8_000020_000030.mp4,294
/home/leon-gold/jepa/kinetics-dataset/k400_targz/train/part_24/5rPW4spnBrg_000125_000135.mp4,133
/home/leon-gold/jepa/kinetics-dataset/k400_targz/train/part_24/5iUbxGKBDz4_000187_000197.mp4,233
/home/leon-gold/jepa/kinetics-dataset/k400_targz/train/part_24/5s2piUyqZXs_000100_000110.mp4,16
/home/leon-gold/jepa/kinetics-dataset/k400_targz/train/part_24/5nMdCNh0PnI_000011_000021.mp4,387
/home/leon-gold/jepa/kinetics-dataset/k400_targz/train/part_24/5j5_YV25cFA_000010_000020.mp4,245
/home/leon-gold/jepa/kinetics-dataset/k400_targz/train/part_24/5rCuIgKzUSE_000002_000012.mp4,104
/home/leon-gold/jepa/kinetics-dataset/k400_targz/train/part_24/5i0fuAjmb2Y_000016_000026.mp4,158
/home/leon-gold/jepa/kinetics-dataset/k400_targz/train/part_24/5insTzyQUlU_000005_000015.mp4,151
/home/leon-gold/jepa/kinetics-dataset/k400_targz/train/part_24/5iNZ_S0ub0c_000003_000013.mp4,5
/home/leon-gold/jepa/kinetics-dataset/k400_targz/train/part_24/5jzLalRstQE_000056_000066.mp4,207
/home/leon-gold/jepa/kinetics-dataset/k400_targz/train/part_24/5uHK6AFRSQw_000002_000012.mp4,316
/home/leon-gold/jepa/kinetics-dataset/k400_targz/train/part_24/5hgtHDcWWhM_000132_000142.mp4,115
/home/leon-gold/jepa/kinetics-dataset/k400_targz/train/part_24/5ojccDdPUlU_000014_000024.mp4,93
/home/leon-gold/jepa/kinetics-dataset/k400_targz/train/part_24/5tBtC9y5_Ws_000056_000066.mp4,98
/home/leon-gold/jepa/kinetics-dataset/k400_targz/train/part_24/5uM70nb9R8M_000002_000012.mp4,105
/home/leon-gold/jepa/kinetics-dataset/k400_targz/train/part_24/5oPNA8o3mlM_000018_000028.mp4,336
/home/leon-gold/jepa/kinetics-dataset/k400_targz/train/part_24/5uC6IfuTkP0_000010_000020.mp4,161
/home/leon-gold/jepa/kinetics-dataset/k400_targz/train/part_24/5nTgIfc5H5w_000002_000012.mp4,250
/home/leon-gold/jepa/kinetics-dataset/k400_targz/train/part_24/5mOH4HHJ0fg_000016_000026.mp4,59
/home/leon-gold/jepa/kinetics-dataset/k400_targz/train/part_24/5ecN__cZiAg_000046_000056.mp4,283
/home/leon-gold/jepa/kinetics-dataset/k400_targz/train/part_24/5m0QtVaq6Z8_000016_000026.mp4,170
/home/leon-gold/jepa/kinetics-dataset/k400_targz/train/part_24/5sLakuSFlcE_000002_000012.mp4,60
/home/leon-gold/jepa/kinetics-dataset/k400_targz/train/part_24/5i5lRLzZFQs_000023_000033.mp4,246
/home/leon-gold/jepa/kinetics-dataset/k400_targz/train/part_24/5oXKKxPnwPY_000000_000010.mp4,112
/home/leon-gold/jepa/kinetics-dataset/k400_targz/train/part_24/5sX-NHqCzqI_000484_000494.mp4,396
/home/leon-gold/jepa/kinetics-dataset/k400_targz/train/part_24/5oRXK2r6mb0_000002_000012.mp4,183
/home/leon-gold/jepa/kinetics-dataset/k400_targz/train/part_24/5s_ttFHKWeI_000016_000026.mp4,98
/home/leon-gold/jepa/kinetics-dataset/k400_targz/train/part_24/5rMnfBQVyBk_000010_000020.mp4,243
/home/leon-gold/jepa/kinetics-dataset/k400_targz/train/part_24/5iO9CrEqyaY_000173_000183.mp4,161
/home/leon-gold/jepa/kinetics-dataset/k400_targz/train/part_24/5eDy4s3Ndl4_000002_000012.mp4,398
/home/leon-gold/jepa/kinetics-dataset/k400_targz/train/part_24/5prd9tX8sKI_000014_000024.mp4,204
/home/leon-gold/jepa/kinetics-dataset/k400_targz/train/part_24/5gZl7z9C-P8_000002_000012.mp4,255
/home/leon-gold/jepa/kinetics-dataset/k400_targz/train/part_24/5hjSeZXrYDA_000058_000068.mp4,23
/home/leon-gold/jepa/kinetics-dataset/k400_targz/train/part_24/5s2Oia37ky0_000032_000042.mp4,98
/home/leon-gold/jepa/kinetics-dataset/k400_targz/train/part_24/5uVRgdJq-sU_000002_000012.mp4,147
/home/leon-gold/jepa/kinetics-dataset/k400_targz/train/part_24/5inCfoMnZ-8_000008_000018.mp4,307
/home/leon-gold/jepa/kinetics-dataset/k400_targz/train/part_24/5muSOlpT010_000034_000044.mp4,137
/home/leon-gold/jepa/kinetics-dataset/k400_targz/train/part_24/5gFmzOseaCY_000105_000115.mp4,115
/home/leon-gold/jepa/kinetics-dataset/k400_targz/train/part_24/5hDbjfCQpvM_000018_000028.mp4,269
/home/leon-gold/jepa/kinetics-dataset/k400_targz/train/part_24/5nJvveEEbdk_000003_000013.mp4,383
/home/leon-gold/jepa/kinetics-dataset/k400_targz/train/part_24/5sW9LhPLKJk_000109_000119.mp4,23
/home/leon-gold/jepa/kinetics-dataset/k400_targz/train/part_24/5g53dO2zvdc_000086_000096.mp4,55
/home/leon-gold/jepa/kinetics-dataset/k400_targz/train/part_24/5puCoS_kuu4_000011_000021.mp4,241
/home/leon-gold/jepa/kinetics-dataset/k400_targz/train/part_24/5iVF14dCglI_000014_000024.mp4,233
/home/leon-gold/jepa/kinetics-dataset/k400_targz/train/part_24/5gqskB_n8ms_000009_000019.mp4,289
/home/leon-gold/jepa/kinetics-dataset/k400_targz/train/part_24/5exeaUFgUn8_000106_000116.mp4,87
/home/leon-gold/jepa/kinetics-dataset/k400_targz/train/part_24/5m5cTkQjh_0_000000_000010.mp4,210
/home/leon-gold/jepa/kinetics-dataset/k400_targz/train/part_24/5jjr_Op9UkY_000041_000051.mp4,23
/home/leon-gold/jepa/kinetics-dataset/k400_targz/train/part_24/5pm79ApMfxw_000052_000062.mp4,396
/home/leon-gold/jepa/kinetics-dataset/k400_targz/train/part_24/5la8-wVS4xs_000054_000064.mp4,146
/home/leon-gold/jepa/kinetics-dataset/k400_targz/train/part_24/5pzQjMeiVpA_000004_000014.mp4,116
/home/leon-gold/jepa/kinetics-dataset/k400_targz/train/part_24/5uYbnYNGbsg_000049_000059.mp4,253
/home/leon-gold/jepa/kinetics-dataset/k400_targz/train/part_24/5ijnF9z_0aI_000031_000041.mp4,18
/home/leon-gold/jepa/kinetics-dataset/k400_targz/train/part_24/5gjtVjDpUBQ_000013_000023.mp4,170
/home/leon-gold/jepa/kinetics-dataset/k400_targz/train/part_24/5uHlxHgpIuU_000039_000049.mp4,243
/home/leon-gold/jepa/kinetics-dataset/k400_targz/train/part_24/5gjEZfXnz5o_000012_000022.mp4,209
/home/leon-gold/jepa/kinetics-dataset/k400_targz/train/part_24/5mi79EVRYqE_000022_000032.mp4,130
/home/leon-gold/jepa/kinetics-dataset/k400_targz/train/part_24/5gikdoyxUN0_000146_000156.mp4,133
/home/leon-gold/jepa/kinetics-dataset/k400_targz/train/part_24/5rDDlvo3TM0_000023_000033.mp4,19
/home/leon-gold/jepa/kinetics-dataset/k400_targz/train/part_24/5tGHeyeNl3k_000008_000018.mp4,268
/home/leon-gold/jepa/kinetics-dataset/k400_targz/train/part_24/5kYvBlTNmUI_000058_000068.mp4,348
/home/leon-gold/jepa/kinetics-dataset/k400_targz/train/part_24/5lv3GTUZUk4_000010_000020.mp4,151
/home/leon-gold/jepa/kinetics-dataset/k400_targz/train/part_24/5oNizDQBsU8_000325_000335.mp4,11
/home/leon-gold/jepa/kinetics-dataset/k400_targz/train/part_24/5pMIddqmS0w_000000_000010.mp4,112
/home/leon-gold/jepa/kinetics-dataset/k400_targz/train/part_24/5oYfdU9-0y0_000037_000047.mp4,248
/home/leon-gold/jepa/kinetics-dataset/k400_targz/train/part_24/5fmwFKdoqB0_000076_000086.mp4,326
/home/leon-gold/jepa/kinetics-dataset/k400_targz/train/part_24/5rEOx5wTCRI_000349_000359.mp4,55
/home/leon-gold/jepa/kinetics-dataset/k400_targz/train/part_24/5tJ8QNsF-1A_000049_000059.mp4,337
/home/leon-gold/jepa/kinetics-dataset/k400_targz/train/part_24/5h6NBRSRxok_000014_000024.mp4,23
/home/leon-gold/jepa/kinetics-dataset/k400_targz/train/part_24/5sjNIbnRqc8_000038_000048.mp4,264
/home/leon-gold/jepa/kinetics-dataset/k400_targz/train/part_24/5eF2HfjQEBg_000134_000144.mp4,147
/home/leon-gold/jepa/kinetics-dataset/k400_targz/train/part_24/5jB9jPrhIho_000159_000169.mp4,0
/home/leon-gold/jepa/kinetics-dataset/k400_targz/train/part_24/5i0B_lcMndw_000015_000025.mp4,167
/home/leon-gold/jepa/kinetics-dataset/k400_targz/train/part_24/5fdjeWMVscM_000033_000043.mp4,96
/home/leon-gold/jepa/kinetics-dataset/k400_targz/train/part_24/5jN2tNW3SDY_000036_000046.mp4,218
/home/leon-gold/jepa/kinetics-dataset/k400_targz/train/part_24/5n3yev-pn0s_000021_000031.mp4,172
/home/leon-gold/jepa/kinetics-dataset/k400_targz/train/part_24/5si-bPk1iuc_000074_000084.mp4,84
/home/leon-gold/jepa/kinetics-dataset/k400_targz/train/part_24/5iSi1dF_Gu4_000002_000012.mp4,333
/home/leon-gold/jepa/kinetics-dataset/k400_targz/train/part_24/5moMFSKONJw_000026_000036.mp4,272
/home/leon-gold/jepa/kinetics-dataset/k400_targz/train/part_24/5nIw2lI2szs_000032_000042.mp4,55
/home/leon-gold/jepa/kinetics-dataset/k400_targz/train/part_24/5n6t85pQRs8_000026_000036.mp4,382
/home/leon-gold/jepa/kinetics-dataset/k400_targz/train/part_24/5s-5x6EO1Bk_000031_000041.mp4,383
/home/leon-gold/jepa/kinetics-dataset/k400_targz/train/part_24/5nlnOgjLC00_000003_000013.mp4,183
/home/leon-gold/jepa/kinetics-dataset/k400_targz/train/part_24/5tI9jC_onR0_000071_000081.mp4,272
/home/leon-gold/jepa/kinetics-dataset/k400_targz/train/part_24/5khoOnpbVQQ_000026_000036.mp4,247
/home/leon-gold/jepa/kinetics-dataset/k400_targz/train/part_24/5f3yHdYoUKY_000012_000022.mp4,315
/home/leon-gold/jepa/kinetics-dataset/k400_targz/train/part_24/5hJq2zdO1WQ_000004_000014.mp4,360
/home/leon-gold/jepa/kinetics-dataset/k400_targz/train/part_24/5pYm5-IL3_E_000002_000012.mp4,254
/home/leon-gold/jepa/kinetics-dataset/k400_targz/train/part_24/5l5Pdd96Pao_000161_000171.mp4,337
/home/leon-gold/jepa/kinetics-dataset/k400_targz/train/part_24/5fokyAgQNWI_000018_000028.mp4,167
/home/leon-gold/jepa/kinetics-dataset/k400_targz/train/part_24/5mUAyOJR7Zo_000002_000012.mp4,41
/home/leon-gold/jepa/kinetics-dataset/k400_targz/train/part_24/5uBPtYBDKwk_000049_000059.mp4,275
/home/leon-gold/jepa/kinetics-dataset/k400_targz/train/part_24/5oI18Y_dwTs_000023_000033.mp4,66
/home/leon-gold/jepa/kinetics-dataset/k400_targz/train/part_24/5k4npiMjjGE_000168_000178.mp4,321
/home/leon-gold/jepa/kinetics-dataset/k400_targz/train/part_24/5fcyyIq6QA0_000007_000017.mp4,19
/home/leon-gold/jepa/kinetics-dataset/k400_targz/train/part_24/5sMVNX2__II_000570_000580.mp4,99
/home/leon-gold/jepa/kinetics-dataset/k400_targz/train/part_24/5sXP6g9H_DQ_000046_000056.mp4,239
/home/leon-gold/jepa/kinetics-dataset/k400_targz/train/part_24/5gJYhK60lug_000061_000071.mp4,169
/home/leon-gold/jepa/kinetics-dataset/k400_targz/train/part_24/5l3HxMZuIUk_000044_000054.mp4,193
/home/leon-gold/jepa/kinetics-dataset/k400_targz/train/part_24/5egBsR4Azxw_000339_000349.mp4,120
/home/leon-gold/jepa/kinetics-dataset/k400_targz/train/part_24/5iXkvH9EGOA_000010_000020.mp4,330
/home/leon-gold/jepa/kinetics-dataset/k400_targz/train/part_24/5nXxKf2Mu1c_000001_000011.mp4,307
/home/leon-gold/jepa/kinetics-dataset/k400_targz/train/part_24/5jVi_YAMLjw_000059_000069.mp4,197
/home/leon-gold/jepa/kinetics-dataset/k400_targz/train/part_24/5l958NH9A1c_000002_000012.mp4,71
/home/leon-gold/jepa/kinetics-dataset/k400_targz/train/part_24/5mEa3Wa1Qb8_000095_000105.mp4,388
/home/leon-gold/jepa/kinetics-dataset/k400_targz/train/part_24/5fDWrvxe0ro_000000_000010.mp4,116
/home/leon-gold/jepa/kinetics-dataset/k400_targz/train/part_24/5eGZtskNW3s_000007_000017.mp4,97
/home/leon-gold/jepa/kinetics-dataset/k400_targz/train/part_24/5lUMCCWKcng_000009_000019.mp4,153
/home/leon-gold/jepa/kinetics-dataset/k400_targz/train/part_24/5fHpBJKDecs_000005_000015.mp4,101
/home/leon-gold/jepa/kinetics-dataset/k400_targz/train/part_24/5f3bKeZ3GqQ_000008_000018.mp4,347
/home/leon-gold/jepa/kinetics-dataset/k400_targz/train/part_24/5rU-PmR7uHg_000012_000022.mp4,111
/home/leon-gold/jepa/kinetics-dataset/k400_targz/train/part_24/5jg8bQRAC7M_000011_000021.mp4,40
/home/leon-gold/jepa/kinetics-dataset/k400_targz/train/part_24/5rycMnI_fA8_001485_001495.mp4,242
/home/leon-gold/jepa/kinetics-dataset/k400_targz/train/part_24/5roJgd55OpU_000530_000540.mp4,8
/home/leon-gold/jepa/kinetics-dataset/k400_targz/train/part_24/5oWqNAYbVl0_000003_000013.mp4,31
/home/leon-gold/jepa/kinetics-dataset/k400_targz/train/part_24/5k3IUavPA9A_000007_000017.mp4,197
/home/leon-gold/jepa/kinetics-dataset/k400_targz/train/part_24/5oj8nR7BwfU_000044_000054.mp4,87
/home/leon-gold/jepa/kinetics-dataset/k400_targz/train/part_24/5ia0yWGld3o_000001_000011.mp4,111
/home/leon-gold/jepa/kinetics-dataset/k400_targz/train/part_24/5hY8YsOZyxQ_000004_000014.mp4,289
/home/leon-gold/jepa/kinetics-dataset/k400_targz/train/part_24/5g7bqiT7Y3c_000000_000010.mp4,358
/home/leon-gold/jepa/kinetics-dataset/k400_targz/train/part_24/5oWxgK2g5mc_000026_000036.mp4,77
/home/leon-gold/jepa/kinetics-dataset/k400_targz/train/part_24/5o27SXtzpUE_000087_000097.mp4,365
/home/leon-gold/jepa/kinetics-dataset/k400_targz/train/part_24/5kfkeAoWihc_000013_000023.mp4,186
/home/leon-gold/jepa/kinetics-dataset/k400_targz/train/part_24/5iTdUcWw-2E_000071_000081.mp4,141
/home/leon-gold/jepa/kinetics-dataset/k400_targz/train/part_24/5ppUVHcK9u4_000029_000039.mp4,145
/home/leon-gold/jepa/kinetics-dataset/k400_targz/train/part_24/5s7C3--Kois_000049_000059.mp4,118
/home/leon-gold/jepa/kinetics-dataset/k400_targz/train/part_24/5hVKfXqglUw_000007_000017.mp4,302
/home/leon-gold/jepa/kinetics-dataset/k400_targz/train/part_24/5re3XpVtcE4_000105_000115.mp4,331
/home/leon-gold/jepa/kinetics-dataset/k400_targz/train/part_24/5sGZ1iXBTp4_000044_000054.mp4,294
/home/leon-gold/jepa/kinetics-dataset/k400_targz/train/part_24/5nxc-wwYvfY_000043_000053.mp4,75
/home/leon-gold/jepa/kinetics-dataset/k400_targz/train/part_24/5rEanV0GiiE_000003_000013.mp4,282
/home/leon-gold/jepa/kinetics-dataset/k400_targz/train/part_24/5t2Nw--x7y8_000000_000010.mp4,334
/home/leon-gold/jepa/kinetics-dataset/k400_targz/train/part_24/5qdFiST7UPE_000001_000011.mp4,170
/home/leon-gold/jepa/kinetics-dataset/k400_targz/train/part_24/5eaLUHKLL9I_000244_000254.mp4,99
/home/leon-gold/jepa/kinetics-dataset/k400_targz/train/part_24/5g7sniow5Hs_000004_000014.mp4,154
/home/leon-gold/jepa/kinetics-dataset/k400_targz/train/part_24/5qrHubTKJfU_000011_000021.mp4,84
/home/leon-gold/jepa/kinetics-dataset/k400_targz/train/part_24/5ptKqFQYBrQ_000009_000019.mp4,288
/home/leon-gold/jepa/kinetics-dataset/k400_targz/train/part_24/5lcXZyR63Qg_000026_000036.mp4,392
/home/leon-gold/jepa/kinetics-dataset/k400_targz/train/part_24/5h2OGSi3hkY_000016_000026.mp4,18
/home/leon-gold/jepa/kinetics-dataset/k400_targz/train/part_24/5iD-dX-886M_000190_000200.mp4,188
/home/leon-gold/jepa/kinetics-dataset/k400_targz/train/part_24/5rBtNuHc7XA_000026_000036.mp4,219
/home/leon-gold/jepa/kinetics-dataset/k400_targz/train/part_24/5qkEc1n5tAI_000168_000178.mp4,267
/home/leon-gold/jepa/kinetics-dataset/k400_targz/train/part_24/5oQ5GnB19j8_000182_000192.mp4,183
/home/leon-gold/jepa/kinetics-dataset/k400_targz/train/part_24/5q0Re_2oc3A_000023_000033.mp4,259
/home/leon-gold/jepa/kinetics-dataset/k400_targz/train/part_24/5l6KE9TgUD4_000029_000039.mp4,327
/home/leon-gold/jepa/kinetics-dataset/k400_targz/train/part_24/5mA5TXNRs1c_000082_000092.mp4,78
/home/leon-gold/jepa/kinetics-dataset/k400_targz/train/part_24/5ttet2otpFE_000041_000051.mp4,214
/home/leon-gold/jepa/kinetics-dataset/k400_targz/train/part_24/5qk33arcNwg_000060_000070.mp4,184
/home/leon-gold/jepa/kinetics-dataset/k400_targz/train/part_24/5nukwuBpl9w_000007_000017.mp4,172
/home/leon-gold/jepa/kinetics-dataset/k400_targz/train/part_24/5s5-8JoAG_c_000003_000013.mp4,106
/home/leon-gold/jepa/kinetics-dataset/k400_targz/train/part_24/5okmc5qj5sQ_000169_000179.mp4,22
/home/leon-gold/jepa/kinetics-dataset/k400_targz/train/part_24/5oe82JWKC60_000089_000099.mp4,336
/home/leon-gold/jepa/kinetics-dataset/k400_targz/train/part_24/5fG3rH_7pdk_000036_000046.mp4,234
/home/leon-gold/jepa/kinetics-dataset/k400_targz/train/part_24/5lBe-f8CzH8_000122_000132.mp4,128
/home/leon-gold/jepa/kinetics-dataset/k400_targz/train/part_24/5ogBBX_OZB4_000273_000283.mp4,18
/home/leon-gold/jepa/kinetics-dataset/k400_targz/train/part_24/5hEy5T2VJe8_000106_000116.mp4,5
/home/leon-gold/jepa/kinetics-dataset/k400_targz/train/part_24/5o14lnuK-j0_000014_000024.mp4,220
/home/leon-gold/jepa/kinetics-dataset/k400_targz/train/part_24/5kE6DRX53A4_000011_000021.mp4,315
/home/leon-gold/jepa/kinetics-dataset/k400_targz/train/part_24/5kWdsLS8DH8_000018_000028.mp4,61
/home/leon-gold/jepa/kinetics-dataset/k400_targz/train/part_24/5oubgbl9n2w_000000_000010.mp4,261
/home/leon-gold/jepa/kinetics-dataset/k400_targz/train/part_24/5fJ7x52zgAg_000071_000081.mp4,37
/home/leon-gold/jepa/kinetics-dataset/k400_targz/train/part_24/5ik5f7rOtgU_000000_000010.mp4,334
/home/leon-gold/jepa/kinetics-dataset/k400_targz/train/part_24/5hnXihw0wF4_000013_000023.mp4,249
/home/leon-gold/jepa/kinetics-dataset/k400_targz/train/part_24/5g6tIS69qgo_000210_000220.mp4,392
/home/leon-gold/jepa/kinetics-dataset/k400_targz/train/part_24/5r2qIXvcGSY_000003_000013.mp4,220
/home/leon-gold/jepa/kinetics-dataset/k400_targz/train/part_24/5eM39RMiZz4_000049_000059.mp4,36
/home/leon-gold/jepa/kinetics-dataset/k400_targz/train/part_24/5iXLrbEOm2U_000000_000010.mp4,344
/home/leon-gold/jepa/kinetics-dataset/k400_targz/train/part_24/5rdtmGG_UIc_000101_000111.mp4,6
/home/leon-gold/jepa/kinetics-dataset/k400_targz/train/part_24/5u7rdKE575k_000000_000010.mp4,163
/home/leon-gold/jepa/kinetics-dataset/k400_targz/train/part_24/5o2-0Tg3CrY_000043_000053.mp4,254
/home/leon-gold/jepa/kinetics-dataset/k400_targz/train/part_24/5rIddilJ16A_000008_000018.mp4,23
/home/leon-gold/jepa/kinetics-dataset/k400_targz/train/part_24/5sxM4pbPiAY_000085_000095.mp4,391
/home/leon-gold/jepa/kinetics-dataset/k400_targz/train/part_24/5eWK0mhMp5A_000001_000011.mp4,204
/home/leon-gold/jepa/kinetics-dataset/k400_targz/train/part_24/5s_hXiWYWuE_000031_000041.mp4,293
/home/leon-gold/jepa/kinetics-dataset/k400_targz/train/part_24/5jIRpRhwg6Q_000002_000012.mp4,305
/home/leon-gold/jepa/kinetics-dataset/k400_targz/train/part_24/5u7ComhD3Aw_000004_000014.mp4,172
/home/leon-gold/jepa/kinetics-dataset/k400_targz/train/part_24/5oCGLdKIaIA_000130_000140.mp4,217
/home/leon-gold/jepa/kinetics-dataset/k400_targz/train/part_24/5sxbnQ56g5g_000000_000010.mp4,205
/home/leon-gold/jepa/kinetics-dataset/k400_targz/train/part_24/5oiMA6PATUQ_000002_000012.mp4,148
/home/leon-gold/jepa/kinetics-dataset/k400_targz/train/part_24/5oVLC3Xzvt8_000000_000010.mp4,182
/home/leon-gold/jepa/kinetics-dataset/k400_targz/train/part_24/5s5BMjSx02w_000089_000099.mp4,111
/home/leon-gold/jepa/kinetics-dataset/k400_targz/train/part_24/5jHqDFTmktg_000005_000015.mp4,87
/home/leon-gold/jepa/kinetics-dataset/k400_targz/train/part_24/5iTmGeloFco_000056_000066.mp4,299
/home/leon-gold/jepa/kinetics-dataset/k400_targz/train/part_24/5ecxTlOwtEc_000087_000097.mp4,131
/home/leon-gold/jepa/kinetics-dataset/k400_targz/train/part_24/5gRvwI7FAvk_000009_000019.mp4,280
/home/leon-gold/jepa/kinetics-dataset/k400_targz/train/part_24/5faGPNmdEcE_000001_000011.mp4,101
/home/leon-gold/jepa/kinetics-dataset/k400_targz/train/part_24/5s0-zYL2_L4_000004_000014.mp4,130
/home/leon-gold/jepa/kinetics-dataset/k400_targz/train/part_24/5qVXQM0tBPc_000042_000052.mp4,292
/home/leon-gold/jepa/kinetics-dataset/k400_targz/train/part_24/5qN_VtwfFLo_000146_000156.mp4,259
/home/leon-gold/jepa/kinetics-dataset/k400_targz/train/part_24/5rBCtSTUxSA_000225_000235.mp4,218
/home/leon-gold/jepa/kinetics-dataset/k400_targz/train/part_24/5kDY5a_98kA_000243_000253.mp4,45
/home/leon-gold/jepa/kinetics-dataset/k400_targz/train/part_24/5lG1IxEIb_U_000198_000208.mp4,235
/home/leon-gold/jepa/kinetics-dataset/k400_targz/train/part_24/5js9mH4OtfU_000048_000058.mp4,74
/home/leon-gold/jepa/kinetics-dataset/k400_targz/train/part_24/5lJByEnKAVc_000026_000036.mp4,366
/home/leon-gold/jepa/kinetics-dataset/k400_targz/train/part_24/5rD8QETPEds_000002_000012.mp4,31
/home/leon-gold/jepa/kinetics-dataset/k400_targz/train/part_24/5i2JxGRghcE_000041_000051.mp4,283
/home/leon-gold/jepa/kinetics-dataset/k400_targz/train/part_24/5rMjiw-5mKY_000036_000046.mp4,203
/home/leon-gold/jepa/kinetics-dataset/k400_targz/train/part_24/5mGZ_3kHcd0_000024_000034.mp4,155
/home/leon-gold/jepa/kinetics-dataset/k400_targz/train/part_24/5fCKFjR1LCs_000025_000035.mp4,378
/home/leon-gold/jepa/kinetics-dataset/k400_targz/train/part_24/5tJemJm7R8M_000001_000011.mp4,358
/home/leon-gold/jepa/kinetics-dataset/k400_targz/train/part_24/5o6eplQaW_I_000054_000064.mp4,218
/home/leon-gold/jepa/kinetics-dataset/k400_targz/train/part_24/5qViTjSRjUk_000005_000015.mp4,268
/home/leon-gold/jepa/kinetics-dataset/k400_targz/train/part_24/5sLBlctjfZg_000003_000013.mp4,170
/home/leon-gold/jepa/kinetics-dataset/k400_targz/train/part_24/5rlB50onWyk_000640_000650.mp4,29
/home/leon-gold/jepa/kinetics-dataset/k400_targz/train/part_24/5kHNVw8MWEs_000101_000111.mp4,351
/home/leon-gold/jepa/kinetics-dataset/k400_targz/train/part_24/5eWQ6mfmBGM_000037_000047.mp4,325
/home/leon-gold/jepa/kinetics-dataset/k400_targz/train/part_24/5gh4PgrMMns_000002_000012.mp4,27
/home/leon-gold/jepa/kinetics-dataset/k400_targz/train/part_24/5l_Wz2KLhVo_000000_000010.mp4,305
/home/leon-gold/jepa/kinetics-dataset/k400_targz/train/part_24/5oXZpt1zSfc_000068_000078.mp4,240
/home/leon-gold/jepa/kinetics-dataset/k400_targz/train/part_24/5hlZ9X07TfU_000053_000063.mp4,212
/home/leon-gold/jepa/kinetics-dataset/k400_targz/train/part_24/5qpy2qX93-0_000242_000252.mp4,259
/home/leon-gold/jepa/kinetics-dataset/k400_targz/train/part_24/5szJ5agi5_Q_000000_000010.mp4,183
/home/leon-gold/jepa/kinetics-dataset/k400_targz/train/part_24/5krriSCA-tM_000008_000018.mp4,287
/home/leon-gold/jepa/kinetics-dataset/k400_targz/train/part_24/5fEnF6daTYQ_000071_000081.mp4,390
/home/leon-gold/jepa/kinetics-dataset/k400_targz/train/part_24/5kz4tgU7UUU_000019_000029.mp4,19
/home/leon-gold/jepa/kinetics-dataset/k400_targz/train/part_24/5st2FrwMSBY_000058_000068.mp4,88
/home/leon-gold/jepa/kinetics-dataset/k400_targz/train/part_24/5nVqKUGj3BU_000000_000010.mp4,256
/home/leon-gold/jepa/kinetics-dataset/k400_targz/train/part_24/5orsTwpUI8A_000016_000026.mp4,245
/home/leon-gold/jepa/kinetics-dataset/k400_targz/train/part_24/5feBXeK8CH8_000011_000021.mp4,206
/home/leon-gold/jepa/kinetics-dataset/k400_targz/train/part_24/5hABPYrm4XM_000001_000011.mp4,364
/home/leon-gold/jepa/kinetics-dataset/k400_targz/train/part_24/5u6oXimRIa0_000028_000038.mp4,203
/home/leon-gold/jepa/kinetics-dataset/k400_targz/train/part_24/5suXvL-cCvE_000036_000046.mp4,277
/home/leon-gold/jepa/kinetics-dataset/k400_targz/train/part_24/5okbUAn_nEE_000000_000010.mp4,172
/home/leon-gold/jepa/kinetics-dataset/k400_targz/train/part_24/5i-yJmP9PBk_000006_000016.mp4,12
/home/leon-gold/jepa/kinetics-dataset/k400_targz/train/part_24/5q1alWNVmKw_000038_000048.mp4,359
/home/leon-gold/jepa/kinetics-dataset/k400_targz/train/part_24/5iw_X9ouuy4_000056_000066.mp4,164
/home/leon-gold/jepa/kinetics-dataset/k400_targz/train/part_24/5kn7uID3UKI_000004_000014.mp4,3
/home/leon-gold/jepa/kinetics-dataset/k400_targz/train/part_24/5s0mgPFdPWc_000070_000080.mp4,98
/home/leon-gold/jepa/kinetics-dataset/k400_targz/train/part_24/5htXwSUegxo_000037_000047.mp4,29
/home/leon-gold/jepa/kinetics-dataset/k400_targz/train/part_24/5tgVmSRgf10_000024_000034.mp4,277
/home/leon-gold/jepa/kinetics-dataset/k400_targz/train/part_24/5m2C3Acp6OE_000091_000101.mp4,373
/home/leon-gold/jepa/kinetics-dataset/k400_targz/train/part_24/5qg9-WVpbog_000433_000443.mp4,327
/home/leon-gold/jepa/kinetics-dataset/k400_targz/train/part_24/5juTONcPq5E_000294_000304.mp4,312
/home/leon-gold/jepa/kinetics-dataset/k400_targz/train/part_24/5t9Sb9sx2IQ_000000_000010.mp4,289
/home/leon-gold/jepa/kinetics-dataset/k400_targz/train/part_24/5i_aQPG-1nc_000066_000076.mp4,371
/home/leon-gold/jepa/kinetics-dataset/k400_targz/train/part_24/5gESozOzw9M_001049_001059.mp4,42
/home/leon-gold/jepa/kinetics-dataset/k400_targz/train/part_24/5m9CCd9XWOQ_000005_000015.mp4,22
/home/leon-gold/jepa/kinetics-dataset/k400_targz/train/part_24/5kt2eB-HlZg_000024_000034.mp4,27
/home/leon-gold/jepa/kinetics-dataset/k400_targz/train/part_24/5jRxnPi_dVI_000002_000012.mp4,50
/home/leon-gold/jepa/kinetics-dataset/k400_targz/train/part_24/5i_VrSDgRfg_000239_000249.mp4,285
/home/leon-gold/jepa/kinetics-dataset/k400_targz/train/part_24/5r41_VNKZG4_000017_000027.mp4,93
/home/leon-gold/jepa/kinetics-dataset/k400_targz/train/part_24/5q4UYNz24Us_000007_000017.mp4,97
/home/leon-gold/jepa/kinetics-dataset/k400_targz/train/part_24/5qXfGZy0Ar4_000115_000125.mp4,8
/home/leon-gold/jepa/kinetics-dataset/k400_targz/train/part_24/5jEoQUjX2Fc_000006_000016.mp4,335
/home/leon-gold/jepa/kinetics-dataset/k400_targz/train/part_24/5fPFWil1ctU_000020_000030.mp4,356
/home/leon-gold/jepa/kinetics-dataset/k400_targz/train/part_24/5fmxORDrj1U_000123_000133.mp4,0
/home/leon-gold/jepa/kinetics-dataset/k400_targz/train/part_24/5jpaWyna8-U_000022_000032.mp4,97
/home/leon-gold/jepa/kinetics-dataset/k400_targz/train/part_24/5ocEkWSeIc8_000006_000016.mp4,39
/home/leon-gold/jepa/kinetics-dataset/k400_targz/train/part_24/5rV3ZaExXMg_000020_000030.mp4,12
/home/leon-gold/jepa/kinetics-dataset/k400_targz/train/part_24/5gN4TT-JSOY_000002_000012.mp4,119
/home/leon-gold/jepa/kinetics-dataset/k400_targz/train/part_24/5n9K8RjtrA8_000053_000063.mp4,197
/home/leon-gold/jepa/kinetics-dataset/k400_targz/train/part_24/5pJEqHZTBSo_000060_000070.mp4,309
/home/leon-gold/jepa/kinetics-dataset/k400_targz/train/part_24/5rqZxEIOLEk_000004_000014.mp4,163
/home/leon-gold/jepa/kinetics-dataset/k400_targz/train/part_24/5n1fhuUoOTs_000026_000036.mp4,179
/home/leon-gold/jepa/kinetics-dataset/k400_targz/train/part_24/5nQifoVj0xk_000033_000043.mp4,364
/home/leon-gold/jepa/kinetics-dataset/k400_targz/train/part_24/5szO_m2u7NY_000004_000014.mp4,183
/home/leon-gold/jepa/kinetics-dataset/k400_targz/train/part_24/5fFZmIwPtzY_000102_000112.mp4,40
/home/leon-gold/jepa/kinetics-dataset/k400_targz/train/part_24/5iSg5YTzZdk_000600_000610.mp4,196
/home/leon-gold/jepa/kinetics-dataset/k400_targz/train/part_24/5eI21YgizS0_000038_000048.mp4,247
/home/leon-gold/jepa/kinetics-dataset/k400_targz/train/part_24/5iNgBqBdeLg_000018_000028.mp4,80
/home/leon-gold/jepa/kinetics-dataset/k400_targz/train/part_24/5eYTv_EfffE_000113_000123.mp4,294
/home/leon-gold/jepa/kinetics-dataset/k400_targz/train/part_24/5u38fgU53og_000068_000078.mp4,138
/home/leon-gold/jepa/kinetics-dataset/k400_targz/train/part_24/5qK7TisfQ8M_000005_000015.mp4,291
/home/leon-gold/jepa/kinetics-dataset/k400_targz/train/part_24/5ls6qzjfYZ8_000001_000011.mp4,83
/home/leon-gold/jepa/kinetics-dataset/k400_targz/train/part_24/5tIT-WsPEL8_000066_000076.mp4,1
/home/leon-gold/jepa/kinetics-dataset/k400_targz/train/part_24/5ivdt9Sf-90_000000_000010.mp4,147
/home/leon-gold/jepa/kinetics-dataset/k400_targz/train/part_24/5hrJ8gZLz2k_000000_000010.mp4,148
/home/leon-gold/jepa/kinetics-dataset/k400_targz/train/part_24/5jBda0gJku8_000008_000018.mp4,105
/home/leon-gold/jepa/kinetics-dataset/k400_targz/train/part_24/5gyVhHK5VVU_000006_000016.mp4,116
/home/leon-gold/jepa/kinetics-dataset/k400_targz/train/part_24/5sNFnk0Q1jY_000009_000019.mp4,68
/home/leon-gold/jepa/kinetics-dataset/k400_targz/train/part_24/5nyO8_vyevs_000096_000106.mp4,189
/home/leon-gold/jepa/kinetics-dataset/k400_targz/train/part_24/5uMwMS17Zrg_000017_000027.mp4,390
/home/leon-gold/jepa/kinetics-dataset/k400_targz/train/part_24/5iCLt7Xp-gI_000000_000010.mp4,170
/home/leon-gold/jepa/kinetics-dataset/k400_targz/train/part_24/5tIf49lqnUk_000104_000114.mp4,225
/home/leon-gold/jepa/kinetics-dataset/k400_targz/train/part_24/5sepqduPuCY_000033_000043.mp4,83
/home/leon-gold/jepa/kinetics-dataset/k400_targz/train/part_24/5e9DplruUEc_000133_000143.mp4,42
/home/leon-gold/jepa/kinetics-dataset/k400_targz/train/part_24/5fot95w8NGM_000000_000010.mp4,255
/home/leon-gold/jepa/kinetics-dataset/k400_targz/train/part_24/5fr8IrjTuFA_000017_000027.mp4,355
/home/leon-gold/jepa/kinetics-dataset/k400_targz/train/part_24/5r5yy44SmX4_000012_000022.mp4,106
/home/leon-gold/jepa/kinetics-dataset/k400_targz/train/part_24/5rTGxFo0gus_000073_000083.mp4,237
/home/leon-gold/jepa/kinetics-dataset/k400_targz/train/part_24/5im0T4SOSZo_000013_000023.mp4,293
/home/leon-gold/jepa/kinetics-dataset/k400_targz/train/part_24/5oNLgZzRftw_000380_000390.mp4,295
/home/leon-gold/jepa/kinetics-dataset/k400_targz/train/part_24/5o5Fybf1PPk_000002_000012.mp4,113
/home/leon-gold/jepa/kinetics-dataset/k400_targz/train/part_24/5qkvzHwmVZg_000002_000012.mp4,355
/home/leon-gold/jepa/kinetics-dataset/k400_targz/train/part_24/5r2bPO0Z--0_000062_000072.mp4,260
/home/leon-gold/jepa/kinetics-dataset/k400_targz/train/part_24/5f_CxV4eIrU_000015_000025.mp4,338
/home/leon-gold/jepa/kinetics-dataset/k400_targz/train/part_24/5rThkFqwdpc_000003_000013.mp4,6
/home/leon-gold/jepa/kinetics-dataset/k400_targz/train/part_24/5uYlbcb5TBw_000021_000031.mp4,318
/home/leon-gold/jepa/kinetics-dataset/k400_targz/train/part_24/5kVpgIVquqM_000040_000050.mp4,139
/home/leon-gold/jepa/kinetics-dataset/k400_targz/train/part_24/5o-4nXEFEmQ_000191_000201.mp4,131
/home/leon-gold/jepa/kinetics-dataset/k400_targz/train/part_24/5tPHXJ9YnsQ_000075_000085.mp4,176
/home/leon-gold/jepa/kinetics-dataset/k400_targz/train/part_24/5lghxPA85N0_000035_000045.mp4,212
/home/leon-gold/jepa/kinetics-dataset/k400_targz/train/part_24/5jBSLiPoS1I_000020_000030.mp4,12
/home/leon-gold/jepa/kinetics-dataset/k400_targz/train/part_24/5rcLm34Jbbo_000007_000017.mp4,109
/home/leon-gold/jepa/kinetics-dataset/k400_targz/train/part_24/5hP3jrkcwoo_000003_000013.mp4,93
/home/leon-gold/jepa/kinetics-dataset/k400_targz/train/part_24/5hYH9tFDEeo_000034_000044.mp4,123
/home/leon-gold/jepa/kinetics-dataset/k400_targz/train/part_24/5kE5fjYQOdM_000346_000356.mp4,316
/home/leon-gold/jepa/kinetics-dataset/k400_targz/train/part_24/5ia_Wi8FsLc_000038_000048.mp4,302
/home/leon-gold/jepa/kinetics-dataset/k400_targz/train/part_24/5tVqWjXaS8A_000009_000019.mp4,253
/home/leon-gold/jepa/kinetics-dataset/k400_targz/train/part_24/5uXe-gMskuU_000287_000297.mp4,306
/home/leon-gold/jepa/kinetics-dataset/k400_targz/train/part_24/5rBqLT3hVJ0_000007_000017.mp4,56
/home/leon-gold/jepa/kinetics-dataset/k400_targz/train/part_24/5foY7XzlTAE_000005_000015.mp4,324
/home/leon-gold/jepa/kinetics-dataset/k400_targz/train/part_24/5j6TDBeaMF4_000002_000012.mp4,26
/home/leon-gold/jepa/kinetics-dataset/k400_targz/train/part_24/5uA2TbaTafo_000068_000078.mp4,317
/home/leon-gold/jepa/kinetics-dataset/k400_targz/train/part_24/5nB7OtZkV60_000055_000065.mp4,32
/home/leon-gold/jepa/kinetics-dataset/k400_targz/train/part_24/5mCQCWdDQao_000003_000013.mp4,11
/home/leon-gold/jepa/kinetics-dataset/k400_targz/train/part_24/5ebZ6g08el4_000117_000127.mp4,78
/home/leon-gold/jepa/kinetics-dataset/k400_targz/train/part_24/5n_mGW3qs4s_000010_000020.mp4,1
/home/leon-gold/jepa/kinetics-dataset/k400_targz/train/part_24/5syGOLOhhs8_000001_000011.mp4,340
/home/leon-gold/jepa/kinetics-dataset/k400_targz/train/part_24/5gfrrsgHi4k_000004_000014.mp4,182
/home/leon-gold/jepa/kinetics-dataset/k400_targz/train/part_24/5qjCEi0PB4M_000117_000127.mp4,219
/home/leon-gold/jepa/kinetics-dataset/k400_targz/train/part_24/5gGqxS557WY_000007_000017.mp4,149
/home/leon-gold/jepa/kinetics-dataset/k400_targz/train/part_24/5kX0B3AYe84_000018_000028.mp4,379
/home/leon-gold/jepa/kinetics-dataset/k400_targz/train/part_24/5sjsW6P12JM_000009_000019.mp4,358
/home/leon-gold/jepa/kinetics-dataset/k400_targz/train/part_24/5e9V10gRtPQ_000000_000010.mp4,318
/home/leon-gold/jepa/kinetics-dataset/k400_targz/train/part_24/5rYy5-a03d0_000006_000016.mp4,179
/home/leon-gold/jepa/kinetics-dataset/k400_targz/train/part_24/5qBJaF9g3HU_000015_000025.mp4,341
/home/leon-gold/jepa/kinetics-dataset/k400_targz/train/part_24/5jL6Rayld3Y_000004_000014.mp4,107
/home/leon-gold/jepa/kinetics-dataset/k400_targz/train/part_24/5jObpb0ds6E_000148_000158.mp4,223
/home/leon-gold/jepa/kinetics-dataset/k400_targz/train/part_24/5f3xZdG4pwg_000003_000013.mp4,288
/home/leon-gold/jepa/kinetics-dataset/k400_targz/train/part_24/5erP5B59yFc_000008_000018.mp4,373
/home/leon-gold/jepa/kinetics-dataset/k400_targz/train/part_24/5txgejL3xAU_000008_000018.mp4,188
/home/leon-gold/jepa/kinetics-dataset/k400_targz/train/part_24/5tZpFW4KADE_000002_000012.mp4,288
/home/leon-gold/jepa/kinetics-dataset/k400_targz/train/part_24/5lrxGVViPFE_000033_000043.mp4,4
/home/leon-gold/jepa/kinetics-dataset/k400_targz/train/part_24/5gQMuILTYcg_000057_000067.mp4,91
/home/leon-gold/jepa/kinetics-dataset/k400_targz/train/part_24/5o3c9twVr1Q_000002_000012.mp4,74
/home/leon-gold/jepa/kinetics-dataset/k400_targz/train/part_24/5jaMjmdweSE_000016_000026.mp4,214
/home/leon-gold/jepa/kinetics-dataset/k400_targz/train/part_24/5mSswkhwzB8_000208_000218.mp4,156
/home/leon-gold/jepa/kinetics-dataset/k400_targz/train/part_24/5s7D-DTZ1PM_000040_000050.mp4,98
/home/leon-gold/jepa/kinetics-dataset/k400_targz/train/part_24/5pqK33F6XZ0_000001_000011.mp4,40
/home/leon-gold/jepa/kinetics-dataset/k400_targz/train/part_24/5iw8kj1xOhE_000311_000321.mp4,147
/home/leon-gold/jepa/kinetics-dataset/k400_targz/train/part_24/5hXAriNgw2M_000480_000490.mp4,369
/home/leon-gold/jepa/kinetics-dataset/k400_targz/train/part_24/5l_Djf1Rhdo_000066_000076.mp4,212
/home/leon-gold/jepa/kinetics-dataset/k400_targz/train/part_24/5rP52etuX-s_000088_000098.mp4,193
/home/leon-gold/jepa/kinetics-dataset/k400_targz/train/part_24/5iTTeadK0-A_000371_000381.mp4,215
/home/leon-gold/jepa/kinetics-dataset/k400_targz/train/part_24/5u8-WKTjt7E_000009_000019.mp4,125
/home/leon-gold/jepa/kinetics-dataset/k400_targz/train/part_24/5ipLQTQnqWQ_000191_000201.mp4,99
/home/leon-gold/jepa/kinetics-dataset/k400_targz/train/part_24/5ez25qlt1Y8_000000_000010.mp4,322
/home/leon-gold/jepa/kinetics-dataset/k400_targz/train/part_24/5lIUJ25WADg_000001_000011.mp4,129
/home/leon-gold/jepa/kinetics-dataset/k400_targz/train/part_24/5mqCCqaGYD4_000004_000014.mp4,48
/home/leon-gold/jepa/kinetics-dataset/k400_targz/train/part_24/5glV5L0zfO8_000256_000266.mp4,184
/home/leon-gold/jepa/kinetics-dataset/k400_targz/train/part_24/5fg7agnSVhE_000000_000010.mp4,69
/home/leon-gold/jepa/kinetics-dataset/k400_targz/train/part_24/5ippT10uhCY_000163_000173.mp4,387
/home/leon-gold/jepa/kinetics-dataset/k400_targz/train/part_24/5eF48tjVbPs_000036_000046.mp4,257
/home/leon-gold/jepa/kinetics-dataset/k400_targz/train/part_24/5o8kbzRUGX4_000010_000020.mp4,17
/home/leon-gold/jepa/kinetics-dataset/k400_targz/train/part_24/5qpSDQ1QTfk_000018_000028.mp4,270
/home/leon-gold/jepa/kinetics-dataset/k400_targz/train/part_24/5tRfkuo1R58_000043_000053.mp4,61
/home/leon-gold/jepa/kinetics-dataset/k400_targz/train/part_24/5s7h6RPklWM_000263_000273.mp4,312
/home/leon-gold/jepa/kinetics-dataset/k400_targz/train/part_24/5s6ZzvIhvAI_000029_000039.mp4,98
/home/leon-gold/jepa/kinetics-dataset/k400_targz/train/part_24/5pQT8LYL-_E_000009_000019.mp4,378
/home/leon-gold/jepa/kinetics-dataset/k400_targz/train/part_24/5jtXqg6-EHA_000033_000043.mp4,366
/home/leon-gold/jepa/kinetics-dataset/k400_targz/train/part_24/5f94B_NzgRs_000004_000014.mp4,224
/home/leon-gold/jepa/kinetics-dataset/k400_targz/train/part_24/5spKqJ_kh88_000345_000355.mp4,12
/home/leon-gold/jepa/kinetics-dataset/k400_targz/train/part_24/5tEfEJz-08g_000082_000092.mp4,60
/home/leon-gold/jepa/kinetics-dataset/k400_targz/train/part_24/5f1vxMk7OHQ_000001_000011.mp4,127
/home/leon-gold/jepa/kinetics-dataset/k400_targz/train/part_24/5tDOMD4t1ls_000385_000395.mp4,38
/home/leon-gold/jepa/kinetics-dataset/k400_targz/train/part_24/5nKKmL1i21s_000007_000017.mp4,223
/home/leon-gold/jepa/kinetics-dataset/k400_targz/train/part_24/5euuCAFSuEA_000093_000103.mp4,236
/home/leon-gold/jepa/kinetics-dataset/k400_targz/train/part_24/5iJOt5svhxk_000015_000025.mp4,382
/home/leon-gold/jepa/kinetics-dataset/k400_targz/train/part_24/5mr5qPQVWZM_000225_000235.mp4,386
/home/leon-gold/jepa/kinetics-dataset/k400_targz/train/part_24/5ptM6fIYrQM_000016_000026.mp4,164
/home/leon-gold/jepa/kinetics-dataset/k400_targz/train/part_24/5ezgYGZMFMQ_000000_000010.mp4,246
/home/leon-gold/jepa/kinetics-dataset/k400_targz/train/part_24/5iQ0Gu3GyWM_000007_000017.mp4,233
/home/leon-gold/jepa/kinetics-dataset/k400_targz/train/part_24/5ptTkNT4aoE_000015_000025.mp4,306
/home/leon-gold/jepa/kinetics-dataset/k400_targz/train/part_24/5lE9TBNMj6k_000001_000011.mp4,378
/home/leon-gold/jepa/kinetics-dataset/k400_targz/train/part_24/5lZ1NNkm88Q_000045_000055.mp4,55
/home/leon-gold/jepa/kinetics-dataset/k400_targz/train/part_24/5s7m39yIeDY_000138_000148.mp4,196
/home/leon-gold/jepa/kinetics-dataset/k400_targz/train/part_24/5j2ddUo61rA_000099_000109.mp4,133
/home/leon-gold/jepa/kinetics-dataset/k400_targz/train/part_24/5rUG3RENerU_000009_000019.mp4,364
/home/leon-gold/jepa/kinetics-dataset/k400_targz/train/part_24/5jNoiQTsaUM_000035_000045.mp4,371
/home/leon-gold/jepa/kinetics-dataset/k400_targz/train/part_24/5pOoyqNOv_g_000001_000011.mp4,152
/home/leon-gold/jepa/kinetics-dataset/k400_targz/train/part_24/5iQsWHB_mBY_000027_000037.mp4,310
/home/leon-gold/jepa/kinetics-dataset/k400_targz/train/part_24/5p9nZ6gu-lE_000003_000013.mp4,175
/home/leon-gold/jepa/kinetics-dataset/k400_targz/train/part_24/5s6Ox9Z1DsI_000000_000010.mp4,16
/home/leon-gold/jepa/kinetics-dataset/k400_targz/train/part_24/5h-FvUh6NKw_000025_000035.mp4,247
/home/leon-gold/jepa/kinetics-dataset/k400_targz/train/part_24/5gqzFgIrZso_000019_000029.mp4,218
/home/leon-gold/jepa/kinetics-dataset/k400_targz/train/part_24/5lwcgRvkUAI_000011_000021.mp4,299
/home/leon-gold/jepa/kinetics-dataset/k400_targz/train/part_24/5sHhJ13idUs_000032_000042.mp4,229
/home/leon-gold/jepa/kinetics-dataset/k400_targz/train/part_24/5tl2NshOSUs_000080_000090.mp4,326
/home/leon-gold/jepa/kinetics-dataset/k400_targz/train/part_24/5jKs8dGdFQQ_000491_000501.mp4,72
/home/leon-gold/jepa/kinetics-dataset/k400_targz/train/part_24/5sZ5rsPJA4A_000189_000199.mp4,355
/home/leon-gold/jepa/kinetics-dataset/k400_targz/train/part_24/5u4L68-MqEw_000015_000025.mp4,242
/home/leon-gold/jepa/kinetics-dataset/k400_targz/train/part_24/5jwbI63LtWg_000167_000177.mp4,22
/home/leon-gold/jepa/kinetics-dataset/k400_targz/train/part_24/5hpJitgVpAE_000054_000064.mp4,190
/home/leon-gold/jepa/kinetics-dataset/k400_targz/train/part_24/5jrBKMQiF1Y_000009_000019.mp4,197
/home/leon-gold/jepa/kinetics-dataset/k400_targz/train/part_24/5mDNMDqqvkE_000013_000023.mp4,12
/home/leon-gold/jepa/kinetics-dataset/k400_targz/train/part_24/5oE8FoX7RrM_000003_000013.mp4,301
/home/leon-gold/jepa/kinetics-dataset/k400_targz/train/part_24/5lDRejzrd8o_000004_000014.mp4,210
/home/leon-gold/jepa/kinetics-dataset/k400_targz/train/part_24/5uM_DEwRbz4_000026_000036.mp4,370
/home/leon-gold/jepa/kinetics-dataset/k400_targz/train/part_24/5r4RORqw4tc_000024_000034.mp4,79
/home/leon-gold/jepa/kinetics-dataset/k400_targz/train/part_24/5gImUuqRNS4_000078_000088.mp4,220
/home/leon-gold/jepa/kinetics-dataset/k400_targz/train/part_24/5mcSQVIGGQE_000379_000389.mp4,80
/home/leon-gold/jepa/kinetics-dataset/k400_targz/train/part_24/5jAhDIntjo0_000347_000357.mp4,378
/home/leon-gold/jepa/kinetics-dataset/k400_targz/train/part_24/5saoYbBO2bY_000017_000027.mp4,361
/home/leon-gold/jepa/kinetics-dataset/k400_targz/train/part_24/5fscaJIpOKc_000068_000078.mp4,355
/home/leon-gold/jepa/kinetics-dataset/k400_targz/train/part_24/5e9EhzHRlbw_000597_000607.mp4,103
/home/leon-gold/jepa/kinetics-dataset/k400_targz/train/part_24/5irFvnWSRj0_000002_000012.mp4,229
/home/leon-gold/jepa/kinetics-dataset/k400_targz/train/part_24/5km5vkqB2EE_000012_000022.mp4,68
/home/leon-gold/jepa/kinetics-dataset/k400_targz/train/part_24/5e8xmrnDF6w_000014_000024.mp4,55
/home/leon-gold/jepa/kinetics-dataset/k400_targz/train/part_24/5mYL5LToz4k_000002_000012.mp4,174
/home/leon-gold/jepa/kinetics-dataset/k400_targz/train/part_24/5mvHanUXcqw_000000_000010.mp4,328
/home/leon-gold/jepa/kinetics-dataset/k400_targz/train/part_24/5hW9XtQVdD8_000016_000026.mp4,86
/home/leon-gold/jepa/kinetics-dataset/k400_targz/train/part_24/5ps8RHaapus_000011_000021.mp4,262
/home/leon-gold/jepa/kinetics-dataset/k400_targz/train/part_24/5mPAUHjF33M_000001_000011.mp4,107
/home/leon-gold/jepa/kinetics-dataset/k400_targz/train/part_24/5k3tpLt5MSo_000384_000394.mp4,108
/home/leon-gold/jepa/kinetics-dataset/k400_targz/train/part_24/5jj11JBmDkM_000000_000010.mp4,57
/home/leon-gold/jepa/kinetics-dataset/k400_targz/train/part_24/5qP3vjG40Ms_000023_000033.mp4,229
/home/leon-gold/jepa/kinetics-dataset/k400_targz/train/part_24/5haOYt10UKc_000001_000011.mp4,197
/home/leon-gold/jepa/kinetics-dataset/k400_targz/train/part_24/5rerkr_sXok_000013_000023.mp4,327
/home/leon-gold/jepa/kinetics-dataset/k400_targz/train/part_24/5fjQqgCSXlE_000023_000033.mp4,364
/home/leon-gold/jepa/kinetics-dataset/k400_targz/train/part_24/5idJV6wRHhw_000085_000095.mp4,28
/home/leon-gold/jepa/kinetics-dataset/k400_targz/train/part_24/5py6x0Nsli8_000001_000011.mp4,223
/home/leon-gold/jepa/kinetics-dataset/k400_targz/train/part_24/5eVoP5tXsgM_000014_000024.mp4,59
/home/leon-gold/jepa/kinetics-dataset/k400_targz/train/part_24/5hAePmvQXBc_000000_000010.mp4,318
/home/leon-gold/jepa/kinetics-dataset/k400_targz/train/part_24/5pN2w3LcPuo_000129_000139.mp4,241
/home/leon-gold/jepa/kinetics-dataset/k400_targz/train/part_24/5gbc1W_5bSQ_000140_000150.mp4,221
/home/leon-gold/jepa/kinetics-dataset/k400_targz/train/part_24/5i1NaaGNwjw_000080_000090.mp4,238
/home/leon-gold/jepa/kinetics-dataset/k400_targz/train/part_24/5fEyNLaaKk8_000043_000053.mp4,250
/home/leon-gold/jepa/kinetics-dataset/k400_targz/train/part_24/5lHXIQ8PvJo_000003_000013.mp4,229
/home/leon-gold/jepa/kinetics-dataset/k400_targz/train/part_24/5nFZvSziRNw_000003_000013.mp4,196
/home/leon-gold/jepa/kinetics-dataset/k400_targz/train/part_24/5i4pUhkfU_k_000007_000017.mp4,300
/home/leon-gold/jepa/kinetics-dataset/k400_targz/train/part_24/5hXxeEyY6C4_000000_000010.mp4,134
/home/leon-gold/jepa/kinetics-dataset/k400_targz/train/part_24/5tNrEZWB_9s_000067_000077.mp4,262
/home/leon-gold/jepa/kinetics-dataset/k400_targz/train/part_24/5lG6SaDTcNY_000378_000388.mp4,172
/home/leon-gold/jepa/kinetics-dataset/k400_targz/train/part_24/5oCJr6v6hco_000148_000158.mp4,308
/home/leon-gold/jepa/kinetics-dataset/k400_targz/train/part_24/5hBWa6aCSoA_000059_000069.mp4,86
/home/leon-gold/jepa/kinetics-dataset/k400_targz/train/part_24/5sz5p_i4ePI_000004_000014.mp4,88
/home/leon-gold/jepa/kinetics-dataset/k400_targz/train/part_24/5nFs2JtXTd0_000088_000098.mp4,221
/home/leon-gold/jepa/kinetics-dataset/k400_targz/train/part_24/5i31K4XizJ8_000071_000081.mp4,221
/home/leon-gold/jepa/kinetics-dataset/k400_targz/train/part_24/5uVlFp0YVak_000002_000012.mp4,114
/home/leon-gold/jepa/kinetics-dataset/k400_targz/train/part_24/5ePGarYjxcM_000001_000011.mp4,211
/home/leon-gold/jepa/kinetics-dataset/k400_targz/train/part_24/5hVE8UYSdw0_000151_000161.mp4,70
/home/leon-gold/jepa/kinetics-dataset/k400_targz/train/part_24/5hCQIp2U7qw_000065_000075.mp4,270
/home/leon-gold/jepa/kinetics-dataset/k400_targz/train/part_24/5i8yhoh2uWo_000182_000192.mp4,136
/home/leon-gold/jepa/kinetics-dataset/k400_targz/train/part_24/5jJM2COuNHw_000000_000010.mp4,27
/home/leon-gold/jepa/kinetics-dataset/k400_targz/train/part_24/5ssP_EapV9Q_000096_000106.mp4,235
/home/leon-gold/jepa/kinetics-dataset/k400_targz/train/part_24/5orLE6A9zCI_000022_000032.mp4,284
/home/leon-gold/jepa/kinetics-dataset/k400_targz/train/part_24/5stCED0XXOQ_000006_000016.mp4,330
/home/leon-gold/jepa/kinetics-dataset/k400_targz/train/part_24/5lwOioG4250_000000_000010.mp4,278
/home/leon-gold/jepa/kinetics-dataset/k400_targz/train/part_24/5iheJnimcWw_000133_000143.mp4,283
/home/leon-gold/jepa/kinetics-dataset/k400_targz/train/part_24/5tnuYKPatLM_000045_000055.mp4,87
/home/leon-gold/jepa/kinetics-dataset/k400_targz/train/part_24/5fuGNz-kqXk_000000_000010.mp4,227
/home/leon-gold/jepa/kinetics-dataset/k400_targz/train/part_24/5hPuA3XcrTI_000007_000017.mp4,59
/home/leon-gold/jepa/kinetics-dataset/k400_targz/train/part_24/5fvp0jSQvNA_000002_000012.mp4,189
/home/leon-gold/jepa/kinetics-dataset/k400_targz/train/part_24/5qjUifx4FDA_000073_000083.mp4,351
/home/leon-gold/jepa/kinetics-dataset/k400_targz/train/part_24/5mbZZVVgTow_000119_000129.mp4,21
/home/leon-gold/jepa/kinetics-dataset/k400_targz/train/part_24/5lnv_avBKtw_000089_000099.mp4,285
/home/leon-gold/jepa/kinetics-dataset/k400_targz/train/part_24/5ma7H3j4f08_000094_000104.mp4,244
/home/leon-gold/jepa/kinetics-dataset/k400_targz/train/part_24/5neyFA5rM5w_000173_000183.mp4,217
/home/leon-gold/jepa/kinetics-dataset/k400_targz/train/part_24/5rFQBeUTa70_000014_000024.mp4,212
/home/leon-gold/jepa/kinetics-dataset/k400_targz/train/part_24/5qfscrT0uRk_000005_000015.mp4,319
/home/leon-gold/jepa/kinetics-dataset/k400_targz/train/part_24/5ktEKhJrYBw_000002_000012.mp4,261
/home/leon-gold/jepa/kinetics-dataset/k400_targz/train/part_24/5l3OpwMKsd8_000205_000215.mp4,93
/home/leon-gold/jepa/kinetics-dataset/k400_targz/train/part_24/5p0tRv5Khlg_000027_000037.mp4,117
/home/leon-gold/jepa/kinetics-dataset/k400_targz/train/part_24/5j---T3xCmk_000041_000051.mp4,32
/home/leon-gold/jepa/kinetics-dataset/k400_targz/train/part_24/5fdoTliqIoM_000052_000062.mp4,354
/home/leon-gold/jepa/kinetics-dataset/k400_targz/train/part_24/5hUxVwtvFgc_000016_000026.mp4,140
/home/leon-gold/jepa/kinetics-dataset/k400_targz/train/part_24/5tU_quj2ZXo_000357_000367.mp4,286
/home/leon-gold/jepa/kinetics-dataset/k400_targz/train/part_24/5pXlomSwH2U_000017_000027.mp4,54
/home/leon-gold/jepa/kinetics-dataset/k400_targz/train/part_24/5rlK9-cc-8s_000012_000022.mp4,227
/home/leon-gold/jepa/kinetics-dataset/k400_targz/train/part_24/5fJMpX5o9Bo_000370_000380.mp4,231
/home/leon-gold/jepa/kinetics-dataset/k400_targz/train/part_24/5qw1D153HOM_000000_000010.mp4,256
/home/leon-gold/jepa/kinetics-dataset/k400_targz/train/part_24/5l_Vw8g6iRM_000000_000010.mp4,315
/home/leon-gold/jepa/kinetics-dataset/k400_targz/train/part_24/5kbV7P_fwF4_000074_000084.mp4,218
/home/leon-gold/jepa/kinetics-dataset/k400_targz/train/part_24/5u9XNIvdQpM_000299_000309.mp4,295
/home/leon-gold/jepa/kinetics-dataset/k400_targz/train/part_24/5oMh4uB0e4k_000001_000011.mp4,78
/home/leon-gold/jepa/kinetics-dataset/k400_targz/train/part_24/5iqBcXT71lU_000196_000206.mp4,296
/home/leon-gold/jepa/kinetics-dataset/k400_targz/train/part_24/5hRpSGcKL-g_000412_000422.mp4,218
/home/leon-gold/jepa/kinetics-dataset/k400_targz/train/part_24/5oqY3-iTbHw_000027_000037.mp4,249
/home/leon-gold/jepa/kinetics-dataset/k400_targz/train/part_24/5tkR3ZyGCcw_000038_000048.mp4,169
/home/leon-gold/jepa/kinetics-dataset/k400_targz/train/part_24/5ew6nVl7aGY_000026_000036.mp4,132
/home/leon-gold/jepa/kinetics-dataset/k400_targz/train/part_24/5tCXG77TPaU_000017_000027.mp4,124
/home/leon-gold/jepa/kinetics-dataset/k400_targz/train/part_24/5nZ2PJ8O8h8_000019_000029.mp4,21
/home/leon-gold/jepa/kinetics-dataset/k400_targz/train/part_24/5si5JDRielQ_000000_000010.mp4,55
/home/leon-gold/jepa/kinetics-dataset/k400_targz/train/part_24/5jmr4L1dVWY_000004_000014.mp4,154
/home/leon-gold/jepa/kinetics-dataset/k400_targz/train/part_24/5s-02SQ03EY_000025_000035.mp4,72
/home/leon-gold/jepa/kinetics-dataset/k400_targz/train/part_24/5mdz6zwH8HU_000053_000063.mp4,327
/home/leon-gold/jepa/kinetics-dataset/k400_targz/train/part_24/5hEsZ1gXkjY_000319_000329.mp4,126
/home/leon-gold/jepa/kinetics-dataset/k400_targz/train/part_24/5geYoMvgmjg_000077_000087.mp4,356
/home/leon-gold/jepa/kinetics-dataset/k400_targz/train/part_24/5rbKSNBM7lc_000099_000109.mp4,304
/home/leon-gold/jepa/kinetics-dataset/k400_targz/train/part_24/5u2oLFFI070_000032_000042.mp4,382
/home/leon-gold/jepa/kinetics-dataset/k400_targz/train/part_24/5tV5jfN3kg4_000173_000183.mp4,393
/home/leon-gold/jepa/kinetics-dataset/k400_targz/train/part_24/5u1ew3SXUTQ_000038_000048.mp4,149
/home/leon-gold/jepa/kinetics-dataset/k400_targz/train/part_24/5ifsMAm9dT8_000009_000019.mp4,142
/home/leon-gold/jepa/kinetics-dataset/k400_targz/train/part_24/5ksZ4hSZ9dw_000016_000026.mp4,285
/home/leon-gold/jepa/kinetics-dataset/k400_targz/train/part_24/5oW4FH20ie8_000167_000177.mp4,282
/home/leon-gold/jepa/kinetics-dataset/k400_targz/train/part_24/5g7jrKGrqd8_000002_000012.mp4,20
/home/leon-gold/jepa/kinetics-dataset/k400_targz/train/part_24/5si_-yNxbfE_000010_000020.mp4,41
/home/leon-gold/jepa/kinetics-dataset/k400_targz/train/part_24/5is7hmrc-XM_000211_000221.mp4,208
/home/leon-gold/jepa/kinetics-dataset/k400_targz/train/part_24/5gGBrHk1qQA_000052_000062.mp4,70
/home/leon-gold/jepa/kinetics-dataset/k400_targz/train/part_24/5fOGp9tagwM_000019_000029.mp4,113
/home/leon-gold/jepa/kinetics-dataset/k400_targz/train/part_24/5lvX28IVzZs_000014_000024.mp4,220
/home/leon-gold/jepa/kinetics-dataset/k400_targz/train/part_24/5tAkUsThyCA_000152_000162.mp4,98
/home/leon-gold/jepa/kinetics-dataset/k400_targz/train/part_24/5r85bq51sO8_000000_000010.mp4,269
/home/leon-gold/jepa/kinetics-dataset/k400_targz/train/part_24/5nHUJEAxLeE_000125_000135.mp4,102
/home/leon-gold/jepa/kinetics-dataset/k400_targz/train/part_24/5tmybEhhMUg_000016_000026.mp4,125
/home/leon-gold/jepa/kinetics-dataset/k400_targz/train/part_24/5kVJlNR2c-c_000033_000043.mp4,394
/home/leon-gold/jepa/kinetics-dataset/k400_targz/train/part_24/5nx7O0sSrrc_000031_000041.mp4,289
/home/leon-gold/jepa/kinetics-dataset/k400_targz/train/part_24/5rbn8XQGyEo_000008_000018.mp4,179
/home/leon-gold/jepa/kinetics-dataset/k400_targz/train/part_24/5oxsFJLR8xI_000011_000021.mp4,237
/home/leon-gold/jepa/kinetics-dataset/k400_targz/train/part_24/5hNILmNB3ac_000008_000018.mp4,297
/home/leon-gold/jepa/kinetics-dataset/k400_targz/train/part_24/5hK83d-hPAY_000017_000027.mp4,349
/home/leon-gold/jepa/kinetics-dataset/k400_targz/train/part_24/5sxMEqRN73c_000439_000449.mp4,395
/home/leon-gold/jepa/kinetics-dataset/k400_targz/train/part_24/5g0f9eDaPg4_000115_000125.mp4,319
/home/leon-gold/jepa/kinetics-dataset/k400_targz/train/part_24/5oTTHnVmBpc_000038_000048.mp4,273
/home/leon-gold/jepa/kinetics-dataset/k400_targz/train/part_24/5hmEHtOWHlw_000020_000030.mp4,171
/home/leon-gold/jepa/kinetics-dataset/k400_targz/train/part_24/5kUWjEVVzzw_000095_000105.mp4,232
/home/leon-gold/jepa/kinetics-dataset/k400_targz/train/part_24/5j27ZRaUYFk_000053_000063.mp4,375
/home/leon-gold/jepa/kinetics-dataset/k400_targz/train/part_24/5krZWmMeJYw_000218_000228.mp4,8
/home/leon-gold/jepa/kinetics-dataset/k400_targz/train/part_24/5rbay_AIY38_000045_000055.mp4,385
/home/leon-gold/jepa/kinetics-dataset/k400_targz/train/part_24/5o6Z_YyfZXQ_000052_000062.mp4,374
/home/leon-gold/jepa/kinetics-dataset/k400_targz/train/part_24/5lsQNws5Y2c_000094_000104.mp4,371
/home/leon-gold/jepa/kinetics-dataset/k400_targz/train/part_24/5fSYaG0ecm4_000039_000049.mp4,52
/home/leon-gold/jepa/kinetics-dataset/k400_targz/train/part_24/5tSQRUwtSBM_000001_000011.mp4,388
/home/leon-gold/jepa/kinetics-dataset/k400_targz/train/part_24/5uJ0ZWKizh4_000037_000047.mp4,78
/home/leon-gold/jepa/kinetics-dataset/k400_targz/train/part_24/5ncjQDQTZ20_000010_000020.mp4,157
/home/leon-gold/jepa/kinetics-dataset/k400_targz/train/part_24/5iLf3UZgeMQ_000004_000014.mp4,120
/home/leon-gold/jepa/kinetics-dataset/k400_targz/train/part_24/5f4d4z6vx8c_000007_000017.mp4,68
/home/leon-gold/jepa/kinetics-dataset/k400_targz/train/part_24/5nROgq1pbPw_000028_000038.mp4,324
/home/leon-gold/jepa/kinetics-dataset/k400_targz/train/part_24/5sU-8bi8n3g_000000_000010.mp4,71
/home/leon-gold/jepa/kinetics-dataset/k400_targz/train/part_24/5iU-pyRHU-Q_000012_000022.mp4,257
/home/leon-gold/jepa/kinetics-dataset/k400_targz/train/part_24/5kZYTdeUEhw_000101_000111.mp4,282
/home/leon-gold/jepa/kinetics-dataset/k400_targz/train/part_24/5kilxxm-ckQ_000013_000023.mp4,343
/home/leon-gold/jepa/kinetics-dataset/k400_targz/train/part_24/5r8wAMxScZg_000004_000014.mp4,40
/home/leon-gold/jepa/kinetics-dataset/k400_targz/train/part_24/5kSStGSOs_A_000113_000123.mp4,68
/home/leon-gold/jepa/kinetics-dataset/k400_targz/train/part_24/5tHwl43SH8M_000051_000061.mp4,143
/home/leon-gold/jepa/kinetics-dataset/k400_targz/train/part_24/5l3IYkp7Ees_000000_000010.mp4,213
/home/leon-gold/jepa/kinetics-dataset/k400_targz/train/part_24/5oewDT8WnUw_000731_000741.mp4,87
/home/leon-gold/jepa/kinetics-dataset/k400_targz/train/part_24/5pOu6qxdFY8_000002_000012.mp4,298
/home/leon-gold/jepa/kinetics-dataset/k400_targz/train/part_24/5litknsMuFw_000002_000012.mp4,289
/home/leon-gold/jepa/kinetics-dataset/k400_targz/train/part_24/5uNMmvxfTR8_000037_000047.mp4,170
/home/leon-gold/jepa/kinetics-dataset/k400_targz/train/part_24/5grH6YzEtmM_000046_000056.mp4,41
/home/leon-gold/jepa/kinetics-dataset/k400_targz/train/part_24/5jZFr8fu7mE_000000_000010.mp4,160
/home/leon-gold/jepa/kinetics-dataset/k400_targz/train/part_24/5rzeTlG2Ymk_000120_000130.mp4,123
/home/leon-gold/jepa/kinetics-dataset/k400_targz/train/part_24/5eHsO4sFIEA_000361_000371.mp4,19
/home/leon-gold/jepa/kinetics-dataset/k400_targz/train/part_24/5lG9s2fJMGY_000075_000085.mp4,246
/home/leon-gold/jepa/kinetics-dataset/k400_targz/train/part_24/5sUlVbhSBzM_000011_000021.mp4,67
/home/leon-gold/jepa/kinetics-dataset/k400_targz/train/part_24/5rDeyKqTc5c_000038_000048.mp4,246
/home/leon-gold/jepa/kinetics-dataset/k400_targz/train/part_24/5j12XCKC_io_000002_000012.mp4,183
/home/leon-gold/jepa/kinetics-dataset/k400_targz/train/part_24/5et-YJsgpsU_000044_000054.mp4,100
/home/leon-gold/jepa/kinetics-dataset/k400_targz/train/part_24/5sD8Rx8XT8M_000023_000033.mp4,269
/home/leon-gold/jepa/kinetics-dataset/k400_targz/train/part_24/5s-JEdjUs3g_000051_000061.mp4,152
/home/leon-gold/jepa/kinetics-dataset/k400_targz/train/part_24/5otx1-hmT6w_000009_000019.mp4,59
/home/leon-gold/jepa/kinetics-dataset/k400_targz/train/part_24/5e8q48eN6Yk_000088_000098.mp4,36
/home/leon-gold/jepa/kinetics-dataset/k400_targz/train/part_24/5sn8mXfzke0_000007_000017.mp4,141
/home/leon-gold/jepa/kinetics-dataset/k400_targz/train/part_24/5iacBWU3Nto_000003_000013.mp4,256
/home/leon-gold/jepa/kinetics-dataset/k400_targz/train/part_24/5eDWvMF54p0_000058_000068.mp4,81
/home/leon-gold/jepa/kinetics-dataset/k400_targz/train/part_24/5ozs_QCtgr8_000026_000036.mp4,344
/home/leon-gold/jepa/kinetics-dataset/k400_targz/train/part_24/5pOge_XmUKY_000004_000014.mp4,254
/home/leon-gold/jepa/kinetics-dataset/k400_targz/train/part_24/5ee6K1vA_QY_000193_000203.mp4,196
/home/leon-gold/jepa/kinetics-dataset/k400_targz/train/part_24/5ron35z8bMU_000250_000260.mp4,75
/home/leon-gold/jepa/kinetics-dataset/k400_targz/train/part_24/5nhhLXyeGg0_000025_000035.mp4,363
/home/leon-gold/jepa/kinetics-dataset/k400_targz/train/part_24/5eVRpnHYpnI_000007_000017.mp4,101
/home/leon-gold/jepa/kinetics-dataset/k400_targz/train/part_24/5hrsos9IHaA_000121_000131.mp4,246
/home/leon-gold/jepa/kinetics-dataset/k400_targz/train/part_24/5rEVlp0ADFs_000022_000032.mp4,165
/home/leon-gold/jepa/kinetics-dataset/k400_targz/train/part_24/5nnJMGlRgp0_000153_000163.mp4,97
/home/leon-gold/jepa/kinetics-dataset/k400_targz/train/part_24/5uE08UTD6oo_000102_000112.mp4,260
/home/leon-gold/jepa/kinetics-dataset/k400_targz/train/part_24/5pY7LPrACn0_000012_000022.mp4,261
/home/leon-gold/jepa/kinetics-dataset/k400_targz/train/part_24/5hCBTx6i9Rk_000023_000033.mp4,154
/home/leon-gold/jepa/kinetics-dataset/k400_targz/train/part_24/5eiCnjMlLWg_000636_000646.mp4,283
/home/leon-gold/jepa/kinetics-dataset/k400_targz/train/part_24/5kZV_wY4pOU_000119_000129.mp4,330
/home/leon-gold/jepa/kinetics-dataset/k400_targz/train/part_24/5s_2ICvfzFg_000220_000230.mp4,157
/home/leon-gold/jepa/kinetics-dataset/k400_targz/train/part_24/5f2dvvopIDw_000138_000148.mp4,221
/home/leon-gold/jepa/kinetics-dataset/k400_targz/train/part_24/5tbpjvcrjxU_000030_000040.mp4,1
/home/leon-gold/jepa/kinetics-dataset/k400_targz/train/part_24/5kL-JtB5gu0_000001_000011.mp4,45
/home/leon-gold/jepa/kinetics-dataset/k400_targz/train/part_24/5oCbw_RyWYg_000027_000037.mp4,349
/home/leon-gold/jepa/kinetics-dataset/k400_targz/train/part_24/5lG2plsGwdI_000049_000059.mp4,199
/home/leon-gold/jepa/kinetics-dataset/k400_targz/train/part_24/5rLwfXBPtto_000025_000035.mp4,193
/home/leon-gold/jepa/kinetics-dataset/k400_targz/train/part_24/5u4MSRRFUlE_000009_000019.mp4,389
/home/leon-gold/jepa/kinetics-dataset/k400_targz/train/part_24/5pWfO-Z1bE0_000026_000036.mp4,137
/home/leon-gold/jepa/kinetics-dataset/k400_targz/train/part_24/5prr03cxlvU_000018_000028.mp4,12
/home/leon-gold/jepa/kinetics-dataset/k400_targz/train/part_24/5jTAxu0w2f0_000004_000014.mp4,117
/home/leon-gold/jepa/kinetics-dataset/k400_targz/train/part_24/5hHcegroX2Y_000001_000011.mp4,129
/home/leon-gold/jepa/kinetics-dataset/k400_targz/train/part_24/5t88B4Yva4o_000022_000032.mp4,20
/home/leon-gold/jepa/kinetics-dataset/k400_targz/train/part_24/5sWqsYNdWHc_000074_000084.mp4,387
/home/leon-gold/jepa/kinetics-dataset/k400_targz/train/part_24/5rkkyBNqPrc_000105_000115.mp4,379
/home/leon-gold/jepa/kinetics-dataset/k400_targz/train/part_24/5qnrycW21Vk_000001_000011.mp4,140
/home/leon-gold/jepa/kinetics-dataset/k400_targz/train/part_24/5eH8hfmiMjo_000002_000012.mp4,186
/home/leon-gold/jepa/kinetics-dataset/k400_targz/train/part_24/5qpdaST-P0I_000005_000015.mp4,244
/home/leon-gold/jepa/kinetics-dataset/k400_targz/train/part_24/5lS8eRgHeRg_000021_000031.mp4,339
/home/leon-gold/jepa/kinetics-dataset/k400_targz/train/part_24/5lG2Fn07zkE_000163_000173.mp4,93
/home/leon-gold/jepa/kinetics-dataset/k400_targz/train/part_24/5mCBixvNNlk_000228_000238.mp4,32
/home/leon-gold/jepa/kinetics-dataset/k400_targz/train/part_24/5qgrffFaDZE_000027_000037.mp4,164
/home/leon-gold/jepa/kinetics-dataset/k400_targz/train/part_24/5q8jEiSim4M_000165_000175.mp4,231
/home/leon-gold/jepa/kinetics-dataset/k400_targz/train/part_24/5g8KH8VcQfw_000990_001000.mp4,108
/home/leon-gold/jepa/kinetics-dataset/k400_targz/train/part_24/5f5OWCdNDdA_000041_000051.mp4,333
/home/leon-gold/jepa/kinetics-dataset/k400_targz/train/part_24/5hQIY-njeb8_000030_000040.mp4,40
/home/leon-gold/jepa/kinetics-dataset/k400_targz/train/part_24/5p_6ABtmh-0_000014_000024.mp4,273
/home/leon-gold/jepa/kinetics-dataset/k400_targz/train/part_24/5tztmylpHqo_000012_000022.mp4,326
/home/leon-gold/jepa/kinetics-dataset/k400_targz/train/part_24/5pF6BFAFYy8_000276_000286.mp4,97
/home/leon-gold/jepa/kinetics-dataset/k400_targz/train/part_24/5kdyBUkR4a8_000004_000014.mp4,138
/home/leon-gold/jepa/kinetics-dataset/k400_targz/train/part_24/5tQSq6w9Q2Y_000012_000022.mp4,258
/home/leon-gold/jepa/kinetics-dataset/k400_targz/train/part_24/5hkdLcZhZ_s_000001_000011.mp4,166
/home/leon-gold/jepa/kinetics-dataset/k400_targz/train/part_24/5syAvJO2NXA_000249_000259.mp4,391
/home/leon-gold/jepa/kinetics-dataset/k400_targz/train/part_24/5g2kBuYbO5o_000025_000035.mp4,283
/home/leon-gold/jepa/kinetics-dataset/k400_targz/train/part_24/5kbEXiz1CA0_000010_000020.mp4,297
/home/leon-gold/jepa/kinetics-dataset/k400_targz/train/part_24/5lw9YU5njI8_000066_000076.mp4,165
/home/leon-gold/jepa/kinetics-dataset/k400_targz/train/part_24/5eNAcpEabZc_000407_000417.mp4,55
/home/leon-gold/jepa/kinetics-dataset/k400_targz/train/part_24/5raSQ9saptM_000355_000365.mp4,196
/home/leon-gold/jepa/kinetics-dataset/k400_targz/train/part_24/5gZuGPgKDmw_000005_000015.mp4,18
/home/leon-gold/jepa/kinetics-dataset/k400_targz/train/part_24/5rWoVigcYkA_000002_000012.mp4,177
/home/leon-gold/jepa/kinetics-dataset/k400_targz/train/part_24/5ixopHZZuIE_000004_000014.mp4,82
/home/leon-gold/jepa/kinetics-dataset/k400_targz/train/part_24/5oW3fE8-4_w_000035_000045.mp4,240
/home/leon-gold/jepa/kinetics-dataset/k400_targz/train/part_24/5nY5OaY-Lrc_000035_000045.mp4,157
/home/leon-gold/jepa/kinetics-dataset/k400_targz/train/part_24/5fbBV3viAw4_000074_000084.mp4,32
/home/leon-gold/jepa/kinetics-dataset/k400_targz/train/part_24/5nQ72tk45qs_000024_000034.mp4,313
/home/leon-gold/jepa/kinetics-dataset/k400_targz/train/part_24/5sMdcjbWU3g_000095_000105.mp4,388
/home/leon-gold/jepa/kinetics-dataset/k400_targz/train/part_24/5fyaoaTb-X8_001593_001603.mp4,303
/home/leon-gold/jepa/kinetics-dataset/k400_targz/train/part_24/5q_WlV4TihI_000001_000011.mp4,319
/home/leon-gold/jepa/kinetics-dataset/k400_targz/train/part_24/5iD0yIuTMc0_000144_000154.mp4,292
/home/leon-gold/jepa/kinetics-dataset/k400_targz/train/part_24/5lMakEgGfDI_000063_000073.mp4,80
/home/leon-gold/jepa/kinetics-dataset/k400_targz/train/part_24/5ga0xb3O4DY_000094_000104.mp4,294
/home/leon-gold/jepa/kinetics-dataset/k400_targz/train/part_24/5n6uxCOlpEg_000216_000226.mp4,353
/home/leon-gold/jepa/kinetics-dataset/k400_targz/train/part_24/5gv173lljqw_000011_000021.mp4,182
/home/leon-gold/jepa/kinetics-dataset/k400_targz/train/part_24/5rPpImAjTkA_000009_000019.mp4,27
/home/leon-gold/jepa/kinetics-dataset/k400_targz/train/part_24/5kt76wg6jX8_000000_000010.mp4,105
/home/leon-gold/jepa/kinetics-dataset/k400_targz/train/part_24/5g9VLiM5vGg_000000_000010.mp4,130
/home/leon-gold/jepa/kinetics-dataset/k400_targz/train/part_24/5kf9dC9FZ8E_000042_000052.mp4,76
/home/leon-gold/jepa/kinetics-dataset/k400_targz/train/part_24/5eX86P0XHw0_000023_000033.mp4,341
/home/leon-gold/jepa/kinetics-dataset/k400_targz/train/part_24/5gaGLpSz6uU_000108_000118.mp4,278
/home/leon-gold/jepa/kinetics-dataset/k400_targz/train/part_24/5fN-Fonqdb8_000156_000166.mp4,30
/home/leon-gold/jepa/kinetics-dataset/k400_targz/train/part_24/5iANRQoRQr0_000038_000048.mp4,393
/home/leon-gold/jepa/kinetics-dataset/k400_targz/train/part_24/5elqOfhBlZU_000030_000040.mp4,58
/home/leon-gold/jepa/kinetics-dataset/k400_targz/train/part_24/5qxVrDDg_fk_000000_000010.mp4,172
/home/leon-gold/jepa/kinetics-dataset/k400_targz/train/part_24/5iLiWxhpiRc_000006_000016.mp4,250
/home/leon-gold/jepa/kinetics-dataset/k400_targz/train/part_24/5t_hQVg9NsE_000028_000038.mp4,329
/home/leon-gold/jepa/kinetics-dataset/k400_targz/train/part_24/5tP1FtKALyU_000081_000091.mp4,93
/home/leon-gold/jepa/kinetics-dataset/k400_targz/train/part_24/5g5x18wsRfk_000299_000309.mp4,46
/home/leon-gold/jepa/kinetics-dataset/k400_targz/train/part_24/5l-QtdbSjhQ_000142_000152.mp4,193
/home/leon-gold/jepa/kinetics-dataset/k400_targz/train/part_24/5hVcqvykvkU_000045_000055.mp4,91
/home/leon-gold/jepa/kinetics-dataset/k400_targz/train/part_24/5rtumYrWXAg_000000_000010.mp4,303
/home/leon-gold/jepa/kinetics-dataset/k400_targz/train/part_24/5gOrKs9Vf4M_000001_000011.mp4,139
/home/leon-gold/jepa/kinetics-dataset/k400_targz/train/part_24/5no6BywyCpg_000003_000013.mp4,258
/home/leon-gold/jepa/kinetics-dataset/k400_targz/train/part_24/5l3qYZcZnZY_000610_000620.mp4,164
/home/leon-gold/jepa/kinetics-dataset/k400_targz/train/part_24/5lZQCfSkPPc_000011_000021.mp4,123
/home/leon-gold/jepa/kinetics-dataset/k400_targz/train/part_24/5kgbd_gDWog_000019_000029.mp4,140
/home/leon-gold/jepa/kinetics-dataset/k400_targz/train/part_24/5tNpgPIApeU_000143_000153.mp4,323
/home/leon-gold/jepa/kinetics-dataset/k400_targz/train/part_24/5g9kDgtYZfw_000091_000101.mp4,313
/home/leon-gold/jepa/kinetics-dataset/k400_targz/train/part_24/5hssytqccOI_000002_000012.mp4,358
/home/leon-gold/jepa/kinetics-dataset/k400_targz/train/part_24/5tlwRSkilBU_000005_000015.mp4,46
/home/leon-gold/jepa/kinetics-dataset/k400_targz/train/part_24/5svINOip2HA_000001_000011.mp4,37
/home/leon-gold/jepa/kinetics-dataset/k400_targz/train/part_24/5qJWJOyzYb8_000033_000043.mp4,299
/home/leon-gold/jepa/kinetics-dataset/k400_targz/train/part_24/5gUpSYQ-IfU_000164_000174.mp4,22
/home/leon-gold/jepa/kinetics-dataset/k400_targz/train/part_24/5o60fXLQFV8_000025_000035.mp4,246
/home/leon-gold/jepa/kinetics-dataset/k400_targz/train/part_24/5twA8i4Dkio_000000_000010.mp4,352
/home/leon-gold/jepa/kinetics-dataset/k400_targz/train/part_24/5fx_fnzBAbA_000039_000049.mp4,307
/home/leon-gold/jepa/kinetics-dataset/k400_targz/train/part_24/5klUbOvaBS4_000013_000023.mp4,306
/home/leon-gold/jepa/kinetics-dataset/k400_targz/train/part_24/5rG8KbTTGvQ_000001_000011.mp4,49
/home/leon-gold/jepa/kinetics-dataset/k400_targz/train/part_24/5iWtc4IIPfk_000003_000013.mp4,245
/home/leon-gold/jepa/kinetics-dataset/k400_targz/train/part_24/5rZzXa4JqCQ_000062_000072.mp4,313
/home/leon-gold/jepa/kinetics-dataset/k400_targz/train/part_24/5nOGINuRe4M_000532_000542.mp4,201
/home/leon-gold/jepa/kinetics-dataset/k400_targz/train/part_24/5gQLw93173Q_000023_000033.mp4,139
/home/leon-gold/jepa/kinetics-dataset/k400_targz/train/part_24/5jpXtwT7Enk_000011_000021.mp4,265
/home/leon-gold/jepa/kinetics-dataset/k400_targz/train/part_24/5roQIfTawNI_000004_000014.mp4,294
/home/leon-gold/jepa/kinetics-dataset/k400_targz/train/part_24/5jPyb2y1RIs_000006_000016.mp4,107
/home/leon-gold/jepa/kinetics-dataset/k400_targz/train/part_24/5oLORufv6Zw_000000_000010.mp4,166
/home/leon-gold/jepa/kinetics-dataset/k400_targz/train/part_24/5k9DCIj-fC0_000002_000012.mp4,153
/home/leon-gold/jepa/kinetics-dataset/k400_targz/train/part_24/5sjj2WQWnPc_000081_000091.mp4,240
/home/leon-gold/jepa/kinetics-dataset/k400_targz/train/part_24/5hgzWrsTpTk_000002_000012.mp4,34
/home/leon-gold/jepa/kinetics-dataset/k400_targz/train/part_24/5pdwShpNQFU_000003_000013.mp4,298
/home/leon-gold/jepa/kinetics-dataset/k400_targz/train/part_24/5lY1y1K6pTM_000164_000174.mp4,292
/home/leon-gold/jepa/kinetics-dataset/k400_targz/train/part_24/5sflweD9hys_000013_000023.mp4,75
/home/leon-gold/jepa/kinetics-dataset/k400_targz/train/part_24/5t8MUxStZSA_000001_000011.mp4,218
/home/leon-gold/jepa/kinetics-dataset/k400_targz/train/part_24/5hGW8iaXnlU_000623_000633.mp4,226
/home/leon-gold/jepa/kinetics-dataset/k400_targz/train/part_24/5la7cmE3hJ8_000004_000014.mp4,64
/home/leon-gold/jepa/kinetics-dataset/k400_targz/train/part_24/5swUfTDc5og_000002_000012.mp4,88
/home/leon-gold/jepa/kinetics-dataset/k400_targz/train/part_24/5q-AgPMDmvI_000080_000090.mp4,107
/home/leon-gold/jepa/kinetics-dataset/k400_targz/train/part_24/5qU0Hyy6Myg_000002_000012.mp4,170
/home/leon-gold/jepa/kinetics-dataset/k400_targz/train/part_24/5g4SSuBvGFo_000160_000170.mp4,46
/home/leon-gold/jepa/kinetics-dataset/k400_targz/train/part_24/5hA4hN6tVuI_000009_000019.mp4,233
/home/leon-gold/jepa/kinetics-dataset/k400_targz/train/part_24/5exnEC7x_oA_000001_000011.mp4,189
/home/leon-gold/jepa/kinetics-dataset/k400_targz/train/part_24/5ssX6VkHtsE_000123_000133.mp4,98
/home/leon-gold/jepa/kinetics-dataset/k400_targz/train/part_24/5hxVaIXtgBg_000000_000010.mp4,256
/home/leon-gold/jepa/kinetics-dataset/k400_targz/train/part_24/5krRERSDksE_000038_000048.mp4,175
/home/leon-gold/jepa/kinetics-dataset/k400_targz/train/part_24/5uM5Y4nxQCM_000075_000085.mp4,144
/home/leon-gold/jepa/kinetics-dataset/k400_targz/train/part_24/5jOx1vJygD0_000192_000202.mp4,378
/home/leon-gold/jepa/kinetics-dataset/k400_targz/train/part_24/5juNJdSixmM_000001_000011.mp4,123
/home/leon-gold/jepa/kinetics-dataset/k400_targz/train/part_24/5mUhOoK4q88_000039_000049.mp4,227
/home/leon-gold/jepa/kinetics-dataset/k400_targz/train/part_24/5o-NDusuCaM_000179_000189.mp4,86
/home/leon-gold/jepa/kinetics-dataset/k400_targz/train/part_24/5j9uh1GCd-4_000302_000312.mp4,237
/home/leon-gold/jepa/kinetics-dataset/k400_targz/train/part_24/5r_bCXh6syk_000222_000232.mp4,35
/home/leon-gold/jepa/kinetics-dataset/k400_targz/train/part_24/5kfeHEai2qg_000186_000196.mp4,297
/home/leon-gold/jepa/kinetics-dataset/k400_targz/train/part_24/5kB4GMQK09o_000036_000046.mp4,341
/home/leon-gold/jepa/kinetics-dataset/k400_targz/train/part_24/5qZ7zDkI3wk_000003_000013.mp4,162
/home/leon-gold/jepa/kinetics-dataset/k400_targz/train/part_24/5tKHbgobqa4_000076_000086.mp4,299
/home/leon-gold/jepa/kinetics-dataset/k400_targz/train/part_24/5ocjVB5Qd0U_000197_000207.mp4,365
/home/leon-gold/jepa/kinetics-dataset/k400_targz/train/part_24/5u1CZZbvwfc_000002_000012.mp4,217
/home/leon-gold/jepa/kinetics-dataset/k400_targz/train/part_24/5oXYu_JIpYo_000002_000012.mp4,275
/home/leon-gold/jepa/kinetics-dataset/k400_targz/train/part_24/5na6tKOuAAA_000064_000074.mp4,228
/home/leon-gold/jepa/kinetics-dataset/k400_targz/train/part_24/5mnMAgdu9p8_000026_000036.mp4,173
/home/leon-gold/jepa/kinetics-dataset/k400_targz/train/part_24/5pLhzUOWBvQ_000014_000024.mp4,153
/home/leon-gold/jepa/kinetics-dataset/k400_targz/train/part_24/5mEP3BbXqjE_000395_000405.mp4,75
/home/leon-gold/jepa/kinetics-dataset/k400_targz/train/part_24/5lc6nQ_iugY_000126_000136.mp4,216
/home/leon-gold/jepa/kinetics-dataset/k400_targz/train/part_24/5q6KbYHP3aU_000456_000466.mp4,24
/home/leon-gold/jepa/kinetics-dataset/k400_targz/train/part_24/5pYDbonDZ18_000032_000042.mp4,388
/home/leon-gold/jepa/kinetics-dataset/k400_targz/train/part_24/5iMJMnDEneM_000007_000017.mp4,301
/home/leon-gold/jepa/kinetics-dataset/k400_targz/train/part_24/5tQVuHqoUCA_000008_000018.mp4,305
/home/leon-gold/jepa/kinetics-dataset/k400_targz/train/part_24/5n9lkSuBnJY_000214_000224.mp4,316
/home/leon-gold/jepa/kinetics-dataset/k400_targz/train/part_24/5jKhQ_nNpTU_000023_000033.mp4,137
/home/leon-gold/jepa/kinetics-dataset/k400_targz/train/part_24/5ffvZlxbWGg_000032_000042.mp4,232
/home/leon-gold/jepa/kinetics-dataset/k400_targz/train/part_24/5t00MftOIK0_000340_000350.mp4,390
/home/leon-gold/jepa/kinetics-dataset/k400_targz/train/part_24/5uXYAPVWmeA_000011_000021.mp4,61
/home/leon-gold/jepa/kinetics-dataset/k400_targz/train/part_24/5u4OqxSGIXk_000097_000107.mp4,309
/home/leon-gold/jepa/kinetics-dataset/k400_targz/train/part_24/5qN2o10UeC8_000004_000014.mp4,334
/home/leon-gold/jepa/kinetics-dataset/k400_targz/train/part_24/5lXWym4AVk0_000039_000049.mp4,267
/home/leon-gold/jepa/kinetics-dataset/k400_targz/train/part_24/5fjRMr0149g_000009_000019.mp4,83
/home/leon-gold/jepa/kinetics-dataset/k400_targz/train/part_24/5gW-ynfargA_000101_000111.mp4,100
/home/leon-gold/jepa/kinetics-dataset/k400_targz/train/part_24/5o6cmMZFQgA_000004_000014.mp4,278
/home/leon-gold/jepa/kinetics-dataset/k400_targz/train/part_24/5p4CfWcRLl0_000121_000131.mp4,249
/home/leon-gold/jepa/kinetics-dataset/k400_targz/train/part_24/5siwbi7GYCM_000261_000271.mp4,47
/home/leon-gold/jepa/kinetics-dataset/k400_targz/train/part_24/5htr2p1BPRg_000051_000061.mp4,213
/home/leon-gold/jepa/kinetics-dataset/k400_targz/train/part_24/5jZmL5mGf4I_000274_000284.mp4,247
/home/leon-gold/jepa/kinetics-dataset/k400_targz/train/part_24/5mfm72xbN8Q_000011_000021.mp4,317
/home/leon-gold/jepa/kinetics-dataset/k400_targz/train/part_24/5qARC2sgP-U_000007_000017.mp4,159
/home/leon-gold/jepa/kinetics-dataset/k400_targz/train/part_24/5sfSFFSxj2w_000176_000186.mp4,387
/home/leon-gold/jepa/kinetics-dataset/k400_targz/train/part_24/5krjf-yMCXQ_000130_000140.mp4,359
/home/leon-gold/jepa/kinetics-dataset/k400_targz/train/part_24/5moIdYjLgrE_000012_000022.mp4,9
/home/leon-gold/jepa/kinetics-dataset/k400_targz/train/part_24/5hogBY4ZOck_000122_000132.mp4,101
/home/leon-gold/jepa/kinetics-dataset/k400_targz/train/part_24/5jq2tXcZ9ec_000062_000072.mp4,100
/home/leon-gold/jepa/kinetics-dataset/k400_targz/train/part_24/5phTFCXPDAU_000256_000266.mp4,398
/home/leon-gold/jepa/kinetics-dataset/k400_targz/train/part_24/5oLxuwYdjg8_000547_000557.mp4,321
/home/leon-gold/jepa/kinetics-dataset/k400_targz/train/part_24/5hhImX2uLPk_000166_000176.mp4,285
/home/leon-gold/jepa/kinetics-dataset/k400_targz/train/part_24/5mma_uZoZa4_000003_000013.mp4,350
/home/leon-gold/jepa/kinetics-dataset/k400_targz/train/part_24/5iWUDilbk0U_000001_000011.mp4,99
/home/leon-gold/jepa/kinetics-dataset/k400_targz/train/part_24/5pjhcYbCzus_000044_000054.mp4,326
/home/leon-gold/jepa/kinetics-dataset/k400_targz/train/part_24/5f8H-Pu8oXI_000004_000014.mp4,222
/home/leon-gold/jepa/kinetics-dataset/k400_targz/train/part_24/5lKujxiA5xk_000069_000079.mp4,7
/home/leon-gold/jepa/kinetics-dataset/k400_targz/train/part_24/5jtreZqkqiU_000001_000011.mp4,289
/home/leon-gold/jepa/kinetics-dataset/k400_targz/train/part_24/5kGvYEXrv1c_000019_000029.mp4,113
/home/leon-gold/jepa/kinetics-dataset/k400_targz/train/part_24/5kpwlFOobkY_000094_000104.mp4,170
/home/leon-gold/jepa/kinetics-dataset/k400_targz/train/part_24/5iM8xdVkKaE_000003_000013.mp4,253
/home/leon-gold/jepa/kinetics-dataset/k400_targz/train/part_24/5eCD6vZUw_Y_000100_000110.mp4,24
/home/leon-gold/jepa/kinetics-dataset/k400_targz/train/part_24/5oYgH-k_Zbg_000021_000031.mp4,197
/home/leon-gold/jepa/kinetics-dataset/k400_targz/train/part_24/5k8EgFCHq-s_008808_008818.mp4,226
/home/leon-gold/jepa/kinetics-dataset/k400_targz/train/part_24/5oAQT1jRxLk_000000_000010.mp4,336
/home/leon-gold/jepa/kinetics-dataset/k400_targz/train/part_24/5j68KjyJClw_000024_000034.mp4,289
/home/leon-gold/jepa/kinetics-dataset/k400_targz/train/part_24/5g5VEaGujS8_000079_000089.mp4,322
/home/leon-gold/jepa/kinetics-dataset/k400_targz/train/part_24/5s4K6Xvi5IY_000005_000015.mp4,395
/home/leon-gold/jepa/kinetics-dataset/k400_targz/train/part_24/5o7AvWs0sfs_000006_000016.mp4,112
/home/leon-gold/jepa/kinetics-dataset/k400_targz/train/part_24/5eTf0ueyCyY_000089_000099.mp4,372
/home/leon-gold/jepa/kinetics-dataset/k400_targz/train/part_24/5stXPHkflcU_000010_000020.mp4,146
/home/leon-gold/jepa/kinetics-dataset/k400_targz/train/part_24/5lEH8NrKKso_000008_000018.mp4,18
/home/leon-gold/jepa/kinetics-dataset/k400_targz/train/part_24/5f0JH4GuKvw_000097_000107.mp4,308
/home/leon-gold/jepa/kinetics-dataset/k400_targz/train/part_24/5kSi5sOuZgA_000005_000015.mp4,152
/home/leon-gold/jepa/kinetics-dataset/k400_targz/train/part_24/5nh9wSbh-Ns_000006_000016.mp4,10
/home/leon-gold/jepa/kinetics-dataset/k400_targz/train/part_24/5o3FlfaDJlY_000599_000609.mp4,317
/home/leon-gold/jepa/kinetics-dataset/k400_targz/train/part_24/5g5UsoTDTU0_000000_000010.mp4,116
/home/leon-gold/jepa/kinetics-dataset/k400_targz/train/part_24/5fOmA-8XUeE_000012_000022.mp4,307
/home/leon-gold/jepa/kinetics-dataset/k400_targz/train/part_24/5fbWhUMiRoc_000049_000059.mp4,6
/home/leon-gold/jepa/kinetics-dataset/k400_targz/train/part_24/5hedKHSXAEQ_000073_000083.mp4,249
/home/leon-gold/jepa/kinetics-dataset/k400_targz/train/part_24/5gnbFRTTe5w_000044_000054.mp4,270
/home/leon-gold/jepa/kinetics-dataset/k400_targz/train/part_24/5ovP8ypBHDc_000066_000076.mp4,296
/home/leon-gold/jepa/kinetics-dataset/k400_targz/train/part_24/5sw7zEHtSlk_000015_000025.mp4,88
/home/leon-gold/jepa/kinetics-dataset/k400_targz/train/part_24/5o9RyE-9DmQ_000155_000165.mp4,337
/home/leon-gold/jepa/kinetics-dataset/k400_targz/train/part_24/5iUqUlStjRQ_000000_000010.mp4,158
/home/leon-gold/jepa/kinetics-dataset/k400_targz/train/part_24/5jItigOENY8_000007_000017.mp4,147
/home/leon-gold/jepa/kinetics-dataset/k400_targz/train/part_24/5kJE6Ih3aW8_000189_000199.mp4,71
/home/leon-gold/jepa/kinetics-dataset/k400_targz/train/part_24/5sJEk2IHurA_000009_000019.mp4,331
/home/leon-gold/jepa/kinetics-dataset/k400_targz/train/part_24/5h3dzg5NEFg_000003_000013.mp4,338
/home/leon-gold/jepa/kinetics-dataset/k400_targz/train/part_24/5lIIDenOebA_000049_000059.mp4,307
/home/leon-gold/jepa/kinetics-dataset/k400_targz/train/part_24/5lvhAsWE8zw_000003_000013.mp4,375
/home/leon-gold/jepa/kinetics-dataset/k400_targz/train/part_24/5kMHTJ7zlaM_000053_000063.mp4,229
/home/leon-gold/jepa/kinetics-dataset/k400_targz/train/part_24/5nNkdC4EbEk_000005_000015.mp4,355
/home/leon-gold/jepa/kinetics-dataset/k400_targz/train/part_24/5oF0eTDzedE_000010_000020.mp4,78
/home/leon-gold/jepa/kinetics-dataset/k400_targz/train/part_24/5qrV0_Ht2p0_000003_000013.mp4,66
/home/leon-gold/jepa/kinetics-dataset/k400_targz/train/part_24/5oXRx00p-04_000341_000351.mp4,398
/home/leon-gold/jepa/kinetics-dataset/k400_targz/train/part_24/5suwFMM0wkw_000173_000183.mp4,395
/home/leon-gold/jepa/kinetics-dataset/k400_targz/train/part_24/5fTAA-M4GkY_000001_000011.mp4,346
/home/leon-gold/jepa/kinetics-dataset/k400_targz/train/part_24/5p9bLRXBp-g_000197_000207.mp4,373
/home/leon-gold/jepa/kinetics-dataset/k400_targz/train/part_24/5oNkNMjTIaQ_000046_000056.mp4,60
/home/leon-gold/jepa/kinetics-dataset/k400_targz/train/part_24/5oLeiyta-rg_000094_000104.mp4,78
/home/leon-gold/jepa/kinetics-dataset/k400_targz/train/part_24/5qV4B_oSr2I_000018_000028.mp4,253
/home/leon-gold/jepa/kinetics-dataset/k400_targz/train/part_24/5tWG2HLfJXs_000039_000049.mp4,158
/home/leon-gold/jepa/kinetics-dataset/k400_targz/train/part_24/5mKc3rO40PY_000039_000049.mp4,243
/home/leon-gold/jepa/kinetics-dataset/k400_targz/train/part_24/5eKSuF7rx6I_000004_000014.mp4,116
/home/leon-gold/jepa/kinetics-dataset/k400_targz/train/part_24/5qPvfDugsq0_000016_000026.mp4,253
/home/leon-gold/jepa/kinetics-dataset/k400_targz/train/part_24/5iLEXZJK7tc_000078_000088.mp4,294
/home/leon-gold/jepa/kinetics-dataset/k400_targz/train/part_24/5pPD-h-Digw_000030_000040.mp4,117
/home/leon-gold/jepa/kinetics-dataset/k400_targz/train/part_24/5oZhoCxAmCA_000056_000066.mp4,327
/home/leon-gold/jepa/kinetics-dataset/k400_targz/train/part_24/5ohb_RNcGJ0_000015_000025.mp4,22
/home/leon-gold/jepa/kinetics-dataset/k400_targz/train/part_24/5e9URQdzLT4_000000_000010.mp4,153
/home/leon-gold/jepa/kinetics-dataset/k400_targz/train/part_24/5uYV3VnwCuk_000244_000254.mp4,18
/home/leon-gold/jepa/kinetics-dataset/k400_targz/train/part_24/5hVaNCyJyQc_000077_000087.mp4,204
/home/leon-gold/jepa/kinetics-dataset/k400_targz/train/part_24/5ewWdszH3bE_000353_000363.mp4,306
/home/leon-gold/jepa/kinetics-dataset/k400_targz/train/part_24/5tNUImxRFNc_000022_000032.mp4,295
/home/leon-gold/jepa/kinetics-dataset/k400_targz/train/part_24/5jfc-n80wQk_000178_000188.mp4,115
/home/leon-gold/jepa/kinetics-dataset/k400_targz/train/part_24/5il8U8XE7J8_000062_000072.mp4,67
/home/leon-gold/jepa/kinetics-dataset/k400_targz/train/part_24/5p0YBj5yZDQ_000037_000047.mp4,113
/home/leon-gold/jepa/kinetics-dataset/k400_targz/train/part_24/5oJKcBPjMQU_000033_000043.mp4,245
/home/leon-gold/jepa/kinetics-dataset/k400_targz/train/part_24/5lDjxzSI5rM_000018_000028.mp4,82
/home/leon-gold/jepa/kinetics-dataset/k400_targz/train/part_24/5r24Wzu3pn0_000001_000011.mp4,209
/home/leon-gold/jepa/kinetics-dataset/k400_targz/train/part_24/5plOQhaFwOo_000030_000040.mp4,77
/home/leon-gold/jepa/kinetics-dataset/k400_targz/train/part_24/5lGTihqJuN8_000021_000031.mp4,329
/home/leon-gold/jepa/kinetics-dataset/k400_targz/train/part_24/5lbzg7-Tnxs_000084_000094.mp4,188
/home/leon-gold/jepa/kinetics-dataset/k400_targz/train/part_24/5sYc_ikk0I4_000080_000090.mp4,359
/home/leon-gold/jepa/kinetics-dataset/k400_targz/train/part_24/5s1xWsNsPx4_000053_000063.mp4,363
/home/leon-gold/jepa/kinetics-dataset/k400_targz/train/part_24/5of6ffo6-Bw_000150_000160.mp4,283
/home/leon-gold/jepa/kinetics-dataset/k400_targz/train/part_24/5fgwXeNHrX4_000269_000279.mp4,189
/home/leon-gold/jepa/kinetics-dataset/k400_targz/train/part_24/5lh3wb-W9TE_000019_000029.mp4,212
/home/leon-gold/jepa/kinetics-dataset/k400_targz/train/part_24/5eVhAXm93PQ_000151_000161.mp4,393
/home/leon-gold/jepa/kinetics-dataset/k400_targz/train/part_24/5hPf-UFf4QA_000228_000238.mp4,278
/home/leon-gold/jepa/kinetics-dataset/k400_targz/train/part_24/5kU5t2tDUs8_000039_000049.mp4,1
/home/leon-gold/jepa/kinetics-dataset/k400_targz/train/part_24/5k_B0sgTnqk_000000_000010.mp4,176
/home/leon-gold/jepa/kinetics-dataset/k400_targz/train/part_24/5iJOdCdbh4I_000060_000070.mp4,130
/home/leon-gold/jepa/kinetics-dataset/k400_targz/train/part_24/5tfCSxNx0wM_000015_000025.mp4,384
/home/leon-gold/jepa/kinetics-dataset/k400_targz/train/part_24/5h8zFTgWq-U_000012_000022.mp4,69
/home/leon-gold/jepa/kinetics-dataset/k400_targz/train/part_24/5iicxs-zLp4_000012_000022.mp4,56
/home/leon-gold/jepa/kinetics-dataset/k400_targz/train/part_24/5m6YcW7sC9U_000100_000110.mp4,155
/home/leon-gold/jepa/kinetics-dataset/k400_targz/train/part_24/5tF9Rt2uFtw_000094_000104.mp4,1
/home/leon-gold/jepa/kinetics-dataset/k400_targz/train/part_24/5sOLEVgV5gQ_000118_000128.mp4,104
/home/leon-gold/jepa/kinetics-dataset/k400_targz/train/part_24/5typr7eqIsM_000004_000014.mp4,280
/home/leon-gold/jepa/kinetics-dataset/k400_targz/train/part_24/5o1vDJydG0Q_000023_000033.mp4,254
/home/leon-gold/jepa/kinetics-dataset/k400_targz/train/part_24/5p4lGaLc9aI_000086_000096.mp4,226
/home/leon-gold/jepa/kinetics-dataset/k400_targz/train/part_24/5f4f1ZPYLKg_000017_000027.mp4,7
/home/leon-gold/jepa/kinetics-dataset/k400_targz/train/part_24/5tggJTY3cWA_000038_000048.mp4,130
/home/leon-gold/jepa/kinetics-dataset/k400_targz/train/part_24/5i42SVOBNJc_000003_000013.mp4,77
/home/leon-gold/jepa/kinetics-dataset/k400_targz/train/part_24/5jT_7-s4jXw_000103_000113.mp4,133
/home/leon-gold/jepa/kinetics-dataset/k400_targz/train/part_24/5qVNTR_Eerg_000207_000217.mp4,94
/home/leon-gold/jepa/kinetics-dataset/k400_targz/train/part_24/5gjLqFicREw_000045_000055.mp4,306
/home/leon-gold/jepa/kinetics-dataset/k400_targz/train/part_24/5u2-DAfVDWo_000010_000020.mp4,324
/home/leon-gold/jepa/kinetics-dataset/k400_targz/train/part_24/5hhGEtZev8U_000053_000063.mp4,94
/home/leon-gold/jepa/kinetics-dataset/k400_targz/train/part_24/5kYhIkuQyeQ_000055_000065.mp4,123
/home/leon-gold/jepa/kinetics-dataset/k400_targz/train/part_24/5ttD_SCeNB0_000027_000037.mp4,260
/home/leon-gold/jepa/kinetics-dataset/k400_targz/train/part_24/5mcvidwwlTU_000001_000011.mp4,27
/home/leon-gold/jepa/kinetics-dataset/k400_targz/train/part_24/5iMQo-0ttQo_000023_000033.mp4,129
/home/leon-gold/jepa/kinetics-dataset/k400_targz/train/part_24/5tuazAyISD0_000024_000034.mp4,225
/home/leon-gold/jepa/kinetics-dataset/k400_targz/train/part_24/5pUzceuqz-w_000000_000010.mp4,105
/home/leon-gold/jepa/kinetics-dataset/k400_targz/train/part_24/5oCMdsrAZeg_000135_000145.mp4,152
/home/leon-gold/jepa/kinetics-dataset/k400_targz/train/part_24/5pZWIwtfGd8_000014_000024.mp4,111
/home/leon-gold/jepa/kinetics-dataset/k400_targz/train/part_24/5s8TJlvPgCQ_000007_000017.mp4,107
/home/leon-gold/jepa/kinetics-dataset/k400_targz/train/part_24/5oQDG2celTE_000136_000146.mp4,346
/home/leon-gold/jepa/kinetics-dataset/k400_targz/train/part_24/5hjTZcAbEdM_000027_000037.mp4,204
/home/leon-gold/jepa/kinetics-dataset/k400_targz/train/part_24/5oKBAMw8KzE_000004_000014.mp4,243
/home/leon-gold/jepa/kinetics-dataset/k400_targz/train/part_24/5s6QrDZfA1E_000054_000064.mp4,69
/home/leon-gold/jepa/kinetics-dataset/k400_targz/train/part_24/5nZYNUuLPPY_000055_000065.mp4,201
/home/leon-gold/jepa/kinetics-dataset/k400_targz/train/part_24/5ob9nu2NtLk_000003_000013.mp4,264
/home/leon-gold/jepa/kinetics-dataset/k400_targz/train/part_24/5oCsie5Z8mA_000285_000295.mp4,371
/home/leon-gold/jepa/kinetics-dataset/k400_targz/train/part_24/5i4vi4aM0Bc_000013_000023.mp4,75
/home/leon-gold/jepa/kinetics-dataset/k400_targz/train/part_24/5sIjAPd4enU_000078_000088.mp4,27
/home/leon-gold/jepa/kinetics-dataset/k400_targz/train/part_24/5osvBYChUg8_000003_000013.mp4,96
/home/leon-gold/jepa/kinetics-dataset/k400_targz/train/part_24/5oX91BLCKh0_000509_000519.mp4,282
/home/leon-gold/jepa/kinetics-dataset/k400_targz/train/part_24/5sxcfmAHlvQ_000025_000035.mp4,95
/home/leon-gold/jepa/kinetics-dataset/k400_targz/train/part_24/5gu22d1ajAQ_000002_000012.mp4,76
/home/leon-gold/jepa/kinetics-dataset/k400_targz/train/part_24/5ptqNC9pC6E_000004_000014.mp4,147
/home/leon-gold/jepa/kinetics-dataset/k400_targz/train/part_24/5sWkxFMSjYE_000144_000154.mp4,126
/home/leon-gold/jepa/kinetics-dataset/k400_targz/train/part_24/5uW51MYDTHY_000003_000013.mp4,116
/home/leon-gold/jepa/kinetics-dataset/k400_targz/train/part_24/5jXmKkFJyNs_000030_000040.mp4,119
/home/leon-gold/jepa/kinetics-dataset/k400_targz/train/part_24/5hHUtauUJYM_000084_000094.mp4,9
/home/leon-gold/jepa/kinetics-dataset/k400_targz/train/part_24/5nAuKJ241Sc_000012_000022.mp4,382
/home/leon-gold/jepa/kinetics-dataset/k400_targz/train/part_24/5smhy9OB-CM_000037_000047.mp4,165
/home/leon-gold/jepa/kinetics-dataset/k400_targz/train/part_24/5iJSmBJJhkA_000000_000010.mp4,360
/home/leon-gold/jepa/kinetics-dataset/k400_targz/train/part_24/5evJjUnJUro_000013_000023.mp4,223
/home/leon-gold/jepa/kinetics-dataset/k400_targz/train/part_24/5oPWd3uKpRY_000015_000025.mp4,249
/home/leon-gold/jepa/kinetics-dataset/k400_targz/train/part_24/5g5-CEgjWNA_000005_000015.mp4,116
/home/leon-gold/jepa/kinetics-dataset/k400_targz/train/part_24/5oX136QfF_U_000068_000078.mp4,399
/home/leon-gold/jepa/kinetics-dataset/k400_targz/train/part_24/5hPB2bQZw3Q_000017_000027.mp4,209
/home/leon-gold/jepa/kinetics-dataset/k400_targz/train/part_24/5oF4bQXV2v8_000002_000012.mp4,273
/home/leon-gold/jepa/kinetics-dataset/k400_targz/train/part_24/5u801CbaNTM_000124_000134.mp4,222
/home/leon-gold/jepa/kinetics-dataset/k400_targz/train/part_24/5ptvXE7zEkE_000026_000036.mp4,326
/home/leon-gold/jepa/kinetics-dataset/k400_targz/train/part_24/5tY6Zq9hnoE_000005_000015.mp4,274
/home/leon-gold/jepa/kinetics-dataset/k400_targz/train/part_24/5fez0x1C_pE_000032_000042.mp4,234
/home/leon-gold/jepa/kinetics-dataset/k400_targz/train/part_24/5l8dVuLEI44_000376_000386.mp4,223
/home/leon-gold/jepa/kinetics-dataset/k400_targz/train/part_24/5nTEI4wKYDg_000021_000031.mp4,36
/home/leon-gold/jepa/kinetics-dataset/k400_targz/train/part_24/5eLcyQMgpdA_000276_000286.mp4,393
/home/leon-gold/jepa/kinetics-dataset/k400_targz/train/part_24/5rZjD8nMGSA_000228_000238.mp4,177
/home/leon-gold/jepa/kinetics-dataset/k400_targz/train/part_24/5qbi2melhwQ_000073_000083.mp4,254
/home/leon-gold/jepa/kinetics-dataset/k400_targz/train/part_24/5kxLAVyHSA8_000138_000148.mp4,186
/home/leon-gold/jepa/kinetics-dataset/k400_targz/train/part_24/5eyqi383G-s_000007_000017.mp4,329
/home/leon-gold/jepa/kinetics-dataset/k400_targz/train/part_24/5uICxaafY_M_000329_000339.mp4,24
/home/leon-gold/jepa/kinetics-dataset/k400_targz/train/part_24/5uYIbHDY6fo_000078_000088.mp4,18
/home/leon-gold/jepa/kinetics-dataset/k400_targz/train/part_24/5rvMKzQ2JvA_000195_000205.mp4,121
/home/leon-gold/jepa/kinetics-dataset/k400_targz/train/part_24/5ogWRjZUmt4_000124_000134.mp4,164
/home/leon-gold/jepa/kinetics-dataset/k400_targz/train/part_24/5lPYzKOF094_000062_000072.mp4,306
/home/leon-gold/jepa/kinetics-dataset/k400_targz/train/part_24/5fE0p-Sq4Zc_000006_000016.mp4,23
/home/leon-gold/jepa/kinetics-dataset/k400_targz/train/part_24/5m8atC0F_2o_000066_000076.mp4,370
/home/leon-gold/jepa/kinetics-dataset/k400_targz/train/part_24/5n39QtE5LMw_000272_000282.mp4,144
/home/leon-gold/jepa/kinetics-dataset/k400_targz/train/part_24/5hxxhi7Ga-E_000003_000013.mp4,10
/home/leon-gold/jepa/kinetics-dataset/k400_targz/train/part_24/5gptT3Vz5I0_000160_000170.mp4,322
/home/leon-gold/jepa/kinetics-dataset/k400_targz/train/part_24/5l7AQhRDOdA_000004_000014.mp4,323
/home/leon-gold/jepa/kinetics-dataset/k400_targz/train/part_24/5fZZrdwkFx0_000080_000090.mp4,75
/home/leon-gold/jepa/kinetics-dataset/k400_targz/train/part_24/5u-JIX6t4aA_000002_000012.mp4,377
/home/leon-gold/jepa/kinetics-dataset/k400_targz/train/part_24/5gCtWoDihvY_000005_000015.mp4,161
/home/leon-gold/jepa/kinetics-dataset/k400_targz/train/part_24/5pOvrXIckUQ_000004_000014.mp4,318
/home/leon-gold/jepa/kinetics-dataset/k400_targz/train/part_24/5gKjdrP8l8M_000077_000087.mp4,247
/home/leon-gold/jepa/kinetics-dataset/k400_targz/train/part_24/5jhyNchGmRc_000189_000199.mp4,70
/home/leon-gold/jepa/kinetics-dataset/k400_targz/train/part_24/5rvOuIYg3yk_000040_000050.mp4,144
/home/leon-gold/jepa/kinetics-dataset/k400_targz/train/part_24/5sO5xoXf8ak_000258_000268.mp4,221
/home/leon-gold/jepa/kinetics-dataset/k400_targz/train/part_24/5kXSXEX9NAw_000006_000016.mp4,132
/home/leon-gold/jepa/kinetics-dataset/k400_targz/train/part_24/5kEugYySrpU_000036_000046.mp4,188
/home/leon-gold/jepa/kinetics-dataset/k400_targz/train/part_24/5oS4Mf4Qdcg_000117_000127.mp4,85
/home/leon-gold/jepa/kinetics-dataset/k400_targz/train/part_24/5u6B2E-Jabc_000000_000010.mp4,358
/home/leon-gold/jepa/kinetics-dataset/k400_targz/train/part_24/5nJag_WfxEU_000009_000019.mp4,40
/home/leon-gold/jepa/kinetics-dataset/k400_targz/train/part_24/5fStTTuBGlQ_000004_000014.mp4,93
/home/leon-gold/jepa/kinetics-dataset/k400_targz/train/part_24/5mPeEIEb-Do_000004_000014.mp4,112
/home/leon-gold/jepa/kinetics-dataset/k400_targz/train/part_24/5jtRq4chsSQ_000016_000026.mp4,196
/home/leon-gold/jepa/kinetics-dataset/k400_targz/train/part_24/5sTWJv9-9OE_000234_000244.mp4,51
/home/leon-gold/jepa/kinetics-dataset/k400_targz/train/part_24/5kEZRS0o97k_000329_000339.mp4,184
/home/leon-gold/jepa/kinetics-dataset/k400_targz/train/part_24/5oAi2yhEdeA_000001_000011.mp4,170
/home/leon-gold/jepa/kinetics-dataset/k400_targz/train/part_24/5mAvUYFzxFU_000000_000010.mp4,275
/home/leon-gold/jepa/kinetics-dataset/k400_targz/train/part_24/5j3CgQz7i00_000042_000052.mp4,328
/home/leon-gold/jepa/kinetics-dataset/k400_targz/train/part_24/5s_KQAQ5XuE_000037_000047.mp4,205
/home/leon-gold/jepa/kinetics-dataset/k400_targz/train/part_24/5hQ67QvDijk_000002_000012.mp4,19
