src/Sim_Vids/Moon3/Clipped/driving/driving_random-21_part1.mp4,1
src/Sim_Vids/Moon3/Clipped/driving/driving_random-17_part1.mp4,1
src/Sim_Vids/Moon3/Clipped/driving/driving_random-15_part1.mp4,1
src/Sim_Vids/Moon3/Clipped/driving/driving_random-20_part1.mp4,1
src/Sim_Vids/Moon3/Clipped/driving/driving_random-24_part1.mp4,1
src/Sim_Vids/Moon3/Clipped/driving/driving_random-13_part2.mp4,1
src/Sim_Vids/Moon3/Clipped/driving/driving_random-5_part2.mp4,1
src/Sim_Vids/Moon3/Clipped/driving/driving_random-26_part2.mp4,1
src/Sim_Vids/Moon3/Clipped/driving/driving_random-22_part1.mp4,1
src/Sim_Vids/Moon3/Clipped/driving/driving_random-1_part1.mp4,1
src/Sim_Vids/Moon3/Clipped/driving/driving_random-17_part2.mp4,1
src/Sim_Vids/Moon3/Clipped/driving/driving_random-25_part2.mp4,1
src/Sim_Vids/Moon3/Clipped/driving/driving_random-8_part2.mp4,1
src/Sim_Vids/Moon3/Clipped/driving/driving_random-18_part1.mp4,1
src/Sim_Vids/Moon3/Clipped/driving/driving_random-32_part2.mp4,1
src/Sim_Vids/Moon3/Clipped/driving/driving_random-30_part1.mp4,1
src/Sim_Vids/Moon3/Clipped/driving/driving_random-9_part1.mp4,1
src/Sim_Vids/Moon3/Clipped/driving/driving_random-18_part2.mp4,1
src/Sim_Vids/Moon3/Clipped/driving/driving_random-33_part1.mp4,1
src/Sim_Vids/Moon3/Clipped/driving/driving_random-28_part1.mp4,1
src/Sim_Vids/Moon3/Clipped/driving/driving_random-26_part1.mp4,1
src/Sim_Vids/Moon3/Clipped/driving/driving_random-14_part1.mp4,1
src/Sim_Vids/Moon3/Clipped/driving/driving_random-10_part2.mp4,1
src/Sim_Vids/Moon3/Clipped/driving/driving_random-20_part2.mp4,1
src/Sim_Vids/Moon3/Clipped/driving/driving_random-25_part1.mp4,1
src/Sim_Vids/Moon3/Clipped/driving/driving_random-9_part2.mp4,1
src/Sim_Vids/Moon3/Clipped/driving/driving_random-19_part2.mp4,1
src/Sim_Vids/Moon3/Clipped/driving/driving_random-16_part1.mp4,1
src/Sim_Vids/Moon3/Clipped/driving/driving_random-30_part2.mp4,1
src/Sim_Vids/Moon3/Clipped/driving/driving_random-3_part2.mp4,1
src/Sim_Vids/Moon3/Clipped/driving/driving_random-14_part2.mp4,1
src/Sim_Vids/Moon3/Clipped/driving/driving_random-13_part1.mp4,1
src/Sim_Vids/Moon3/Clipped/driving/driving_random-19_part1.mp4,1
src/Sim_Vids/Moon3/Clipped/driving/driving_random-1_part2.mp4,1
src/Sim_Vids/Moon3/Clipped/driving/driving_random-27_part1.mp4,1
src/Sim_Vids/Moon3/Clipped/driving/driving_random-10_part1.mp4,1
src/Sim_Vids/Moon3/Clipped/driving/driving_random-2_part1.mp4,1
src/Sim_Vids/Moon3/Clipped/driving/driving_random-23_part1.mp4,1
src/Sim_Vids/Moon3/Clipped/driving/driving_random-29_part2.mp4,1
src/Sim_Vids/Moon3/Clipped/driving/driving_random-27_part2.mp4,1
src/Sim_Vids/Moon3/Clipped/driving/driving_random-21_part2.mp4,1
src/Sim_Vids/Moon3/Clipped/driving/driving_random-12_part1.mp4,1
src/Sim_Vids/Moon3/Clipped/driving/driving_random-8_part1.mp4,1
src/Sim_Vids/Moon3/Clipped/driving/driving_random-24_part2.mp4,1
src/Sim_Vids/Moon3/Clipped/driving/driving_random-7_part2.mp4,1
src/Sim_Vids/Moon3/Clipped/driving/driving_random-31_part1.mp4,1
src/Sim_Vids/Moon3/Clipped/driving/driving_random-3_part1.mp4,1
src/Sim_Vids/Moon3/Clipped/driving/driving_random-32_part1.mp4,1
src/Sim_Vids/Moon3/Clipped/driving/driving_random-11_part2.mp4,1
src/Sim_Vids/Moon3/Clipped/driving/driving_random-5_part1.mp4,1
src/Sim_Vids/Moon3/Clipped/driving/driving_random-6_part2.mp4,1
src/Sim_Vids/Moon3/Clipped/driving/driving_random-11_part1.mp4,1
src/Sim_Vids/Moon3/Clipped/driving/driving_random-15_part2.mp4,1
src/Sim_Vids/Moon3/Clipped/driving/driving_random-29_part1.mp4,1
src/Sim_Vids/Big_Trial3_Class/Driving/clip_0028.mp4,1
src/Sim_Vids/Big_Trial3_Class/Driving/clip_0072.mp4,1
src/Sim_Vids/Big_Trial3_Class/Driving/clip_0088.mp4,1
src/Sim_Vids/Big_Trial3_Class/Driving/clip_0077.mp4,1
src/Sim_Vids/Big_Trial3_Class/Driving/clip_0062.mp4,1
src/Sim_Vids/Big_Trial3_Class/Driving/clip_0120.mp4,1
src/Sim_Vids/Big_Trial3_Class/Driving/clip_0035.mp4,1
src/Sim_Vids/Big_Trial3_Class/Driving/clip_0050.mp4,1
src/Sim_Vids/Big_Trial3_Class/Driving/clip_0112.mp4,1
src/Sim_Vids/Big_Trial3_Class/Driving/clip_0092.mp4,1
src/Sim_Vids/Big_Trial3_Class/Driving/clip_0122.mp4,1
src/Sim_Vids/Big_Trial3_Class/Driving/clip_0114.mp4,1
src/Sim_Vids/Big_Trial3_Class/Driving/clip_0058.mp4,1
src/Sim_Vids/Big_Trial3_Class/Driving/clip_0086.mp4,1
src/Sim_Vids/Big_Trial3_Class/Driving/clip_0181.mp4,1
src/Sim_Vids/Big_Trial3_Class/Driving/clip_0010.mp4,1
src/Sim_Vids/Big_Trial3_Class/Driving/clip_0158.mp4,1
src/Sim_Vids/Big_Trial3_Class/Driving/clip_0060.mp4,1
src/Sim_Vids/Big_Trial3_Class/Driving/clip_0040.mp4,1
src/Sim_Vids/Big_Trial3_Class/Driving/clip_0145.mp4,1
src/Sim_Vids/Big_Trial3_Class/Driving/clip_0135.mp4,1
src/Sim_Vids/Big_Trial3_Class/Driving/clip_0004.mp4,1
src/Sim_Vids/Big_Trial3_Class/Driving/clip_0183.mp4,1
src/Sim_Vids/Big_Trial3_Class/Driving/clip_0184.mp4,1
src/Sim_Vids/Big_Trial3_Class/Driving/clip_0117.mp4,1
src/Sim_Vids/Big_Trial3_Class/Driving/clip_0007.mp4,1
src/Sim_Vids/Big_Trial3_Class/Driving/clip_0083.mp4,1
src/Sim_Vids/Big_Trial3_Class/Driving/clip_0116.mp4,1
src/Sim_Vids/Big_Trial3_Class/Driving/clip_0015.mp4,1
src/Sim_Vids/Big_Trial3_Class/Driving/clip_0013.mp4,1
src/Sim_Vids/Big_Trial3_Class/Driving/clip_0098.mp4,1
src/Sim_Vids/Big_Trial3_Class/Driving/clip_0090.mp4,1
src/Sim_Vids/Big_Trial3_Class/Driving/clip_0198.mp4,1
src/Sim_Vids/Big_Trial3_Class/Driving/clip_0148.mp4,1
src/Sim_Vids/Big_Trial3_Class/Driving/clip_0109.mp4,1
src/Sim_Vids/Big_Trial3_Class/Driving/clip_0034.mp4,1
src/Sim_Vids/Big_Trial3_Class/Driving/clip_0151.mp4,1
src/Sim_Vids/Big_Trial3_Class/Driving/clip_0016.mp4,1
src/Sim_Vids/Big_Trial3_Class/Driving/clip_0161.mp4,1
src/Sim_Vids/Big_Trial3_Class/Driving/clip_0003.mp4,1
src/Sim_Vids/Big_Trial3_Class/Driving/clip_0048.mp4,1
src/Sim_Vids/Big_Trial3_Class/Driving/clip_0063.mp4,1
src/Sim_Vids/Big_Trial3_Class/Driving/clip_0144.mp4,1
src/Sim_Vids/Big_Trial3_Class/Driving/clip_0017.mp4,1
src/Sim_Vids/Big_Trial3_Class/Driving/clip_0097.mp4,1
src/Sim_Vids/Big_Trial3_Class/Driving/clip_0082.mp4,1
src/Sim_Vids/Big_Trial3_Class/Driving/clip_0134.mp4,1
src/Sim_Vids/Big_Trial3_Class/Driving/clip_0149.mp4,1
src/Sim_Vids/Big_Trial3_Class/Driving/clip_0093.mp4,1
src/Sim_Vids/Big_Trial3_Class/Driving/clip_0031.mp4,1
src/Sim_Vids/Big_Trial3_Class/Driving/clip_0131.mp4,1
src/Sim_Vids/Big_Trial3_Class/Driving/clip_0047.mp4,1
src/Sim_Vids/Big_Trial3_Class/Driving/clip_0094.mp4,1
src/Sim_Vids/Big_Trial3_Class/Driving/clip_0059.mp4,1
src/Sim_Vids/Big_Trial3_Class/Driving/clip_0091.mp4,1
src/Sim_Vids/Big_Trial3_Class/Driving/clip_0146.mp4,1
src/Sim_Vids/Big_Trial3_Class/Driving/clip_0137.mp4,1
src/Sim_Vids/Big_Trial3_Class/Driving/clip_0107.mp4,1
src/Sim_Vids/Big_Trial3_Class/Driving/clip_0166.mp4,1
src/Sim_Vids/Big_Trial3_Class/Driving/clip_0154.mp4,1
src/Sim_Vids/Big_Trial3_Class/Driving/clip_0079.mp4,1
src/Sim_Vids/Big_Trial3_Class/Driving/clip_0174.mp4,1
src/Sim_Vids/Big_Trial3_Class/Driving/clip_0012.mp4,1
src/Sim_Vids/Big_Trial3_Class/Driving/clip_0071.mp4,1
src/Sim_Vids/Big_Trial3_Class/Driving/clip_0069.mp4,1
src/Sim_Vids/Big_Trial3_Class/Driving/clip_0029.mp4,1
src/Sim_Vids/Big_Trial3_Class/Driving/clip_0005.mp4,1
src/Sim_Vids/Big_Trial3_Class/Driving/clip_0073.mp4,1
src/Sim_Vids/Big_Trial3_Class/Driving/clip_0022.mp4,1
src/Sim_Vids/Big_Trial3_Class/Driving/clip_0076.mp4,1
src/Sim_Vids/Big_Trial3_Class/Driving/clip_0128.mp4,1
src/Sim_Vids/Big_Trial3_Class/Driving/clip_0101.mp4,1
src/Sim_Vids/Big_Trial3_Class/Driving/clip_0142.mp4,1
src/Sim_Vids/Big_Trial3_Class/Driving/clip_0002.mp4,1
src/Sim_Vids/Big_Trial3_Class/Driving/clip_0046.mp4,1
src/Sim_Vids/Big_Trial3_Class/Driving/clip_0138.mp4,1
src/Sim_Vids/Big_Trial3_Class/Driving/clip_0087.mp4,1
src/Sim_Vids/Big_Trial3_Class/Driving/clip_0075.mp4,1
src/Sim_Vids/Big_Trial3_Class/Driving/clip_0033.mp4,1
src/Sim_Vids/Big_Trial3_Class/Driving/clip_0065.mp4,1
src/Sim_Vids/Big_Trial3_Class/Driving/clip_0140.mp4,1
src/Sim_Vids/Big_Trial3_Class/Driving/clip_0051.mp4,1
src/Sim_Vids/Big_Trial3_Class/Driving/clip_0055.mp4,1
src/Sim_Vids/Big_Trial3_Class/Driving/clip_0123.mp4,1
src/Sim_Vids/Big_Trial3_Class/Driving/clip_0102.mp4,1
src/Sim_Vids/Big_Trial3_Class/Driving/clip_0124.mp4,1
src/Sim_Vids/Big_Trial3_Class/Driving/clip_0032.mp4,1
src/Sim_Vids/Big_Trial3_Class/Driving/clip_0110.mp4,1
src/Sim_Vids/Big_Trial3_Class/Driving/clip_0106.mp4,1
src/Sim_Vids/Big_Trial3_Class/Driving/clip_0009.mp4,1
src/Sim_Vids/Big_Trial3_Class/Driving/clip_0000.mp4,1
src/Sim_Vids/Big_Trial3_Class/Driving/clip_0139.mp4,1
src/Sim_Vids/Big_Trial3_Class/Driving/clip_0054.mp4,1
src/Sim_Vids/Big_Trial3_Class/Driving/clip_0074.mp4,1
src/Sim_Vids/Big_Trial3_Class/Driving/clip_0057.mp4,1
src/Sim_Vids/Big_Trial3_Class/Driving/clip_0056.mp4,1
src/Sim_Vids/Big_Trial3_Class/Driving/clip_0115.mp4,1
src/Sim_Vids/Moon3/Clipped/Fixing/Fix-9_part1.mp4,2
src/Sim_Vids/Moon3/Clipped/Fixing/Fix-25_part2.mp4,2
src/Sim_Vids/Moon3/Clipped/Fixing/Fix-27_part1.mp4,2
src/Sim_Vids/Moon3/Clipped/Fixing/Fix-21_part1.mp4,2
src/Sim_Vids/Moon3/Clipped/Fixing/Fix-6_part1.mp4,2
src/Sim_Vids/Moon3/Clipped/Fixing/Fix-23_part1.mp4,2
src/Sim_Vids/Moon3/Clipped/Fixing/Fix-25_part1.mp4,2
src/Sim_Vids/Moon3/Clipped/Fixing/Fix-3_part2.mp4,2
src/Sim_Vids/Moon3/Clipped/Fixing/Fix-17_part2.mp4,2
src/Sim_Vids/Moon3/Clipped/Fixing/Fix-19_part2.mp4,2
src/Sim_Vids/Moon3/Clipped/Fixing/Fix-8_part1.mp4,2
src/Sim_Vids/Moon3/Clipped/Fixing/Fix-18_part1.mp4,2
src/Sim_Vids/Moon3/Clipped/Fixing/Fix-11_part2.mp4,2
src/Sim_Vids/Moon3/Clipped/Fixing/Fix-21_part2.mp4,2
src/Sim_Vids/Moon3/Clipped/Fixing/Fix-20_part2.mp4,2
src/Sim_Vids/Moon3/Clipped/Fixing/Fix-16_part2.mp4,2
src/Sim_Vids/Moon3/Clipped/Fixing/Fix-11_part1.mp4,2
src/Sim_Vids/Moon3/Clipped/Fixing/Fix-16_part1.mp4,2
src/Sim_Vids/Moon3/Clipped/Fixing/Fix-20_part1.mp4,2
src/Sim_Vids/Moon3/Clipped/Fixing/Fix-27_part2.mp4,2
src/Sim_Vids/Moon3/Clipped/Fixing/Fix-10_part1.mp4,2
src/Sim_Vids/Moon3/Clipped/Fixing/Fix-14_part2.mp4,2
src/Sim_Vids/Moon3/Clipped/Fixing/Fix-10_part2.mp4,2
src/Sim_Vids/Moon3/Clipped/Fixing/Fix-14_part1.mp4,2
src/Sim_Vids/Moon3/Clipped/Fixing/Fix-24_part1.mp4,2
src/Sim_Vids/Moon3/Clipped/Fixing/Fix-5_part2.mp4,2
src/Sim_Vids/Moon3/Clipped/Fixing/Fix-22_part1.mp4,2
src/Sim_Vids/Moon3/Clipped/Fixing/Fix-13_part1.mp4,2
src/Sim_Vids/Moon3/Clipped/Fixing/Fix-24_part2.mp4,2
src/Sim_Vids/Moon3/Clipped/Fixing/Fix-4_part2.mp4,2
src/Sim_Vids/Moon3/Clipped/Fixing/Fix-8_part2.mp4,2
src/Sim_Vids/Moon3/Clipped/Fixing/Fix-19_part1.mp4,2
src/Sim_Vids/Moon3/Clipped/Fixing/Fix-17_part1.mp4,2
src/Sim_Vids/Moon3/Clipped/Fixing/Fix-2_part1.mp4,2
src/Sim_Vids/Moon3/Clipped/Fixing/Fix-6_part2.mp4,2
src/Sim_Vids/Moon3/Clipped/Fixing/Fix-3_part1.mp4,2
src/Sim_Vids/Moon3/Clipped/Fixing/Fix-1_part1.mp4,2
src/Sim_Vids/Moon3/Clipped/Fixing/Fix-22_part2.mp4,2
src/Sim_Vids/Moon3/Clipped/Fixing/Fix-1_part2.mp4,2
src/Sim_Vids/Moon3/Clipped/Fixing/Fix-7_part1.mp4,2
src/Sim_Vids/Moon3/Clipped/Fixing/Fix-15_part2.mp4,2
src/Sim_Vids/Moon3/Clipped/Fixing/Fix-5_part1.mp4,2
src/Sim_Vids/Moon3/Clipped/Fixing/Fix-12_part1.mp4,2
src/Sim_Vids/Walk_Left/Walk_Left-30.mp4,3
src/Sim_Vids/Walk_Left/Walk_Left-58.mp4,3
src/Sim_Vids/Walk_Left/Walk_Left-106.mp4,3
src/Sim_Vids/Walk_Left/Walk_Left-73.mp4,3
src/Sim_Vids/Walk_Left/Walk_Left-98.mp4,3
src/Sim_Vids/Walk_Left/Walk_Left-21.mp4,3
src/Sim_Vids/Walk_Left/Walk_Left-97.mp4,3
src/Sim_Vids/Walk_Left/Walk_Left-4.mp4,3
src/Sim_Vids/Walk_Left/Walk_Left-62.mp4,3
src/Sim_Vids/Walk_Left/Walk_Left-44.mp4,3
src/Sim_Vids/Walk_Left/Walk_Left-36.mp4,3
src/Sim_Vids/Walk_Left/Walk_Left-107.mp4,3
src/Sim_Vids/Walk_Left/Walk_Left-23.mp4,3
src/Sim_Vids/Astronaut Walking Towards Rover/Towards-34.mp4,3
src/Sim_Vids/Astronaut Walking Towards Rover/Towards-14.mp4,3
src/Sim_Vids/Astronaut Walking Towards Rover/Towards-6.mp4,3
src/Sim_Vids/Astronaut Walking Towards Rover/Towards-39.mp4,3
src/Sim_Vids/Astronaut Walking Towards Rover/Towards-28.mp4,3
src/Sim_Vids/Astronaut Walking Away from Rover/Forward-45.mp4,3
src/Sim_Vids/Astronaut Walking Away from Rover/Forward-3.mp4,3
src/Sim_Vids/Astronaut Walking Away from Rover/Forward-31.mp4,3
src/Sim_Vids/Astronaut Walking Away from Rover/Forward-28.mp4,3
src/Sim_Vids/Astronaut Walking Away from Rover/Forward-57.mp4,3
src/Sim_Vids/Astronaut Walking Away from Rover/clip_0017.mp4,3
src/Sim_Vids/Astronaut Walking Away from Rover/Forward-51.mp4,3
src/Sim_Vids/Astronaut Walking Away from Rover/Forward-7.mp4,3
src/Sim_Vids/Astronaut Walking Away from Rover/Forward-18.mp4,3
src/Sim_Vids/Astronaut Walking Away from Rover/Forward-19.mp4,3
src/Sim_Vids/Astronaut Walking Away from Rover/Forward-48.mp4,3
src/Sim_Vids/Astronaut Walking Away from Rover/Forward-20.mp4,3
src/Sim_Vids/Astronaut Walking Away from Rover/Forward-14.mp4,3
src/Sim_Vids/Astronaut Walking Away from Rover/Forward-8.mp4,3
src/Sim_Vids/Astronaut Walking Away from Rover/Forward-37.mp4,3
src/Sim_Vids/Astronaut Walking Away from Rover/Forward-40.mp4,3
src/Sim_Vids/Astronaut Walking Away from Rover/Forward-58.mp4,3
src/Sim_Vids/Astronaut Walking Away from Rover/Forward-21.mp4,3
src/Sim_Vids/Astronaut Walking Away from Rover/Forward-5.mp4,3
src/Sim_Vids/Walk_Right/Walk_Right-11.mp4,3
src/Sim_Vids/Walk_Right/Walk_Right-71.mp4,3
src/Sim_Vids/Walk_Right/Walk_Right-60.mp4,3
src/Sim_Vids/Walk_Right/Walk_Right-68.mp4,3
src/Sim_Vids/Walk_Right/Walk_Right-57.mp4,3
src/Sim_Vids/Walk_Right/Walk_Right-30.mp4,3
src/Sim_Vids/Walk_Right/Walk_Right-70.mp4,3
src/Sim_Vids/Walk_Right/Walk_Right-58.mp4,3
src/Sim_Vids/Walk_Right/Walk_Right-32.mp4,3
src/Sim_Vids/Walk_Right/Walk_Right-5.mp4,3
src/Sim_Vids/Walk_Right/Walk_Right-48.mp4,3
src/Sim_Vids/Walk_Right/Walk_Right-46.mp4,3
src/Sim_Vids/Walk_Right/Walk_Right-17.mp4,3
src/Sim_Vids/Walk_Right/Walk_Right-25.mp4,3
src/Sim_Vids/Walk_Right/Walk_Right-65.mp4,3
src/Sim_Vids/Walk_Right/Walk_Right-4.mp4,3
src/Sim_Vids/Walk_Right/Walk_Right-76.mp4,3
src/Sim_Vids/Walk_Right/Walk_Right-21.mp4,3
src/Sim_Vids/Walk_Right/Walk_Right-16.mp4,3
src/Sim_Vids/Walk_Right/Walk_Right-39.mp4,3
src/Sim_Vids/Walk_Right/Walk_Right-18.mp4,3
src/Sim_Vids/Walk_Right/Walk_Right-47.mp4,3
src/Sim_Vids/Walk_Right/Walk_Right-66.mp4,3