src/Sim_Vids/Trial_Walk/Forward-20_part_6.mp4,1
src/Sim_Vids/Trial_Walk/Forward-53_part_3.mp4,1
src/Sim_Vids/Trial_Walk/Walk_Left-86_part_1.mp4,1
src/Sim_Vids/Trial_Walk/Walk_Right-44_part_4.mp4,1
src/Sim_Vids/Trial_Walk/Forward-54_part_5.mp4,1
src/Sim_Vids/Trial_Walk/Walk_Right-58_part_1.mp4,1
src/Sim_Vids/Trial_Walk/Walk_Left-57_part_1.mp4,1
src/Sim_Vids/Trial_Walk/Forward-50_part_10.mp4,1
src/Sim_Vids/Trial_Walk/Forward-37_part_6.mp4,1
src/Sim_Vids/Trial_Walk/Walk_Right-13_part_1.mp4,1
src/Sim_Vids/Trial_Walk/Forward-46_part_2.mp4,1
src/Sim_Vids/Trial_Walk/Forward-58_part_2.mp4,1
src/Sim_Vids/Trial_Walk/Walk_Left-59_part_2.mp4,1
src/Sim_Vids/Trial_Walk/Forward-44_part_3.mp4,1
src/Sim_Vids/Trial_Walk/Walk_Left-88_part_2.mp4,1
src/Sim_Vids/Trial_Walk/Walk_Right-15_part_2.mp4,1
src/Sim_Vids/Trial_Walk/Forward-5_part_4.mp4,1
src/Sim_Vids/Trial_Walk/Walk_Right-39_part_1.mp4,1
src/Sim_Vids/Trial_Walk/clip_0008_part_4.mp4,1
src/Sim_Vids/Trial_Walk/Walk_Left-57_part_2.mp4,1
src/Sim_Vids/Trial_Walk/Walk_Left-105_part_1.mp4,1
src/Sim_Vids/Trial_Walk/Forward-44_part_5.mp4,1
src/Sim_Vids/Trial_Walk/Forward-49_part_9.mp4,1
src/Sim_Vids/Trial_Walk/Walk_Right-7_part_2.mp4,1
src/Sim_Vids/Trial_Walk/Walk_Left-101_part_1.mp4,1
src/Sim_Vids/Trial_Walk/Forward-2_part_6.mp4,1
src/Sim_Vids/Trial_Walk/Walk_Left-49_part_2.mp4,1
src/Sim_Vids/Trial_Walk/Forward-36_part_4.mp4,1
src/Sim_Vids/Trial_Walk/Walk_Left-3_part_2.mp4,1
src/Sim_Vids/Trial_Walk/Forward-36_part_6.mp4,1
src/Sim_Vids/Trial_Walk/Walk_Right-25_part_3.mp4,1
src/Sim_Vids/Trial_Walk/clip_0009_part_3.mp4,1
src/Sim_Vids/Trial_Walk/Walk_Left-85_part_2.mp4,1
src/Sim_Vids/Trial_Walk/clip_0009_part_5.mp4,1
src/Sim_Vids/Trial_Walk/Walk_Left-45_part_3.mp4,1
src/Sim_Vids/Trial_Walk/Walk_Right-22_part_6.mp4,1
src/Sim_Vids/Trial_Walk/Forward-1_part_1.mp4,1
src/Sim_Vids/Trial_Walk/Forward-10_part_3.mp4,1
src/Sim_Vids/Trial_Walk/Walk_Right-26_part_1.mp4,1
src/Sim_Vids/Trial_Walk/Forward-26_part_1.mp4,1
src/Sim_Vids/Trial_Walk/Walk_Right-51_part_1.mp4,1
src/Sim_Vids/Trial_Walk/Walk_Left-79_part_1.mp4,1
src/Sim_Vids/Trial_Walk/Walk_Left-112_part_1.mp4,1
src/Sim_Vids/Trial_Walk/Walk_Left-37_part_1.mp4,1
src/Sim_Vids/Trial_Walk/Forward-2_part_7.mp4,1
src/Sim_Vids/Trial_Walk/Walk_Right-62_part_4.mp4,1
src/Sim_Vids/Trial_Walk/Walk_Left-30_part_3.mp4,1
src/Sim_Vids/Trial_Walk/Walk_Left-104_part_1.mp4,1
src/Sim_Vids/Trial_Walk/Forward-54_part_6.mp4,1
src/Sim_Vids/Trial_Walk/Forward-49_part_1.mp4,1
src/Sim_Vids/Trial_Walk/Forward-54_part_4.mp4,1
src/Sim_Vids/Trial_Walk/Forward-5_part_5.mp4,1
src/Sim_Vids/Trial_Walk/clip_0004_part_1.mp4,1
src/Sim_Vids/Trial_Walk/Walk_Right-32_part_3.mp4,1
src/Sim_Vids/Trial_Walk/Walk_Left-43_part_2.mp4,1
src/Sim_Vids/Trial_Walk/Forward-26_part_2.mp4,1
src/Sim_Vids/Trial_Walk/Walk_Left-72_part_1.mp4,1
src/Sim_Vids/Trial_Walk/Walk_Left-46_part_2.mp4,1
src/Sim_Vids/Trial_Walk/clip_0013_part_1.mp4,1
src/Sim_Vids/Trial_Walk/Forward-42_part_3.mp4,1
src/Sim_Vids/Trial_Walk/Walk_Left-111_part_1.mp4,1
src/Sim_Vids/Trial_Walk/Forward-57_part_7.mp4,1
src/Sim_Vids/Trial_Walk/Forward-48_part_13.mp4,1
src/Sim_Vids/Trial_Walk/Walk_Left-29_part_3.mp4,1
src/Sim_Vids/Trial_Walk/Forward-22_part_7.mp4,1
src/Sim_Vids/Trial_Walk/Walk_Left-96_part_2.mp4,1
src/Sim_Vids/Trial_Walk/Walk_Left-10_part_1.mp4,1
src/Sim_Vids/Trial_Walk/Forward-57_part_8.mp4,1
src/Sim_Vids/Trial_Walk/clip_0017_part_2.mp4,1
src/Sim_Vids/Trial_Walk/Forward-21_part_5.mp4,1
src/Sim_Vids/Trial_Walk/Forward-14_part_3.mp4,1
src/Sim_Vids/Trial_Walk/Walk_Left-107_part_3.mp4,1
src/Sim_Vids/Trial_Walk/Forward-33_part_2.mp4,1
src/Sim_Vids/Trial_Walk/Walk_Left-2_part_2.mp4,1
src/Sim_Vids/Trial_Walk/Walk_Right-48_part_1.mp4,1
src/Sim_Vids/Trial_Walk/Walk_Left-101_part_2.mp4,1
src/Sim_Vids/Trial_Walk/Walk_Left-67_part_2.mp4,1
src/Sim_Vids/Trial_Walk/Walk_Right-3_part_2.mp4,1
src/Sim_Vids/Trial_Walk/Walk_Right-19_part_2.mp4,1
src/Sim_Vids/Trial_Walk/Walk_Left-35_part_1.mp4,1
src/Sim_Vids/Trial_Walk/Walk_Left-12_part_2.mp4,1
src/Sim_Vids/Trial_Walk/clip_0018_part_3.mp4,1
src/Sim_Vids/Trial_Walk/Walk_Right-62_part_3.mp4,1
src/Sim_Vids/Trial_Walk/Walk_Right-75_part_2.mp4,1
src/Sim_Vids/Trial_Walk/Forward-13_part_6.mp4,1
src/Sim_Vids/Trial_Walk/Towards-7_part_5.mp4,1
src/Sim_Vids/Trial_Walk/clip_0012_part_5.mp4,1
src/Sim_Vids/Trial_Walk/Forward-38_part_3.mp4,1
src/Sim_Vids/Trial_Walk/Forward-2_part_9.mp4,1
src/Sim_Vids/Trial_Walk/Walk_Right-14_part_1.mp4,1
src/Sim_Vids/Trial_Walk/Forward-28_part_7.mp4,1
src/Sim_Vids/Trial_Walk/Walk_Left-40_part_2.mp4,1
src/Sim_Vids/Trial_Walk/Walk_Left-104_part_2.mp4,1
src/Sim_Vids/Trial_Walk/Forward-40_part_7.mp4,1
src/Sim_Vids/Trial_Walk/clip_0005_part_1.mp4,1
src/Sim_Vids/Trial_Walk/Forward-6_part_3.mp4,1
src/Sim_Vids/Trial_Walk/Forward-24_part_6.mp4,1
src/Sim_Vids/Trial_Walk/Walk_Left-55_part_1.mp4,1
src/Sim_Vids/Trial_Walk/Forward-29_part_1.mp4,1
src/Sim_Vids/Trial_Walk/Towards-7_part_1.mp4,1
src/Sim_Vids/Trial_Walk/clip_0000_part_1.mp4,1
src/Sim_Vids/Trial_Walk/Forward-32_part_4.mp4,1
src/Sim_Vids/Trial_Walk/Walk_Left-48_part_3.mp4,1
src/Sim_Vids/Trial_Walk/clip_0020_part_6.mp4,1
src/Sim_Vids/Trial_Walk/Walk_Right-66_part_3.mp4,1
src/Sim_Vids/Trial_Walk/Walk_Left-97_part_2.mp4,1
src/Sim_Vids/Trial_Walk/Forward-2_part_5.mp4,1
src/Sim_Vids/Trial_Walk/Walk_Left-99_part_2.mp4,1
src/Sim_Vids/Trial_Walk/Forward-41_part_2.mp4,1
src/Sim_Vids/Trial_Walk/Walk_Left-74_part_1.mp4,1
src/Sim_Vids/Trial_Walk/Walk_Left-9_part_1.mp4,1
src/Sim_Vids/Trial_Walk/Walk_Left-89_part_1.mp4,1
src/Sim_Vids/Trial_Walk/Walk_Right-31_part_3.mp4,1
src/Sim_Vids/Trial_Walk/Walk_Right-19_part_1.mp4,1
src/Sim_Vids/Trial_Walk/Forward-24_part_1.mp4,1
src/Sim_Vids/Trial_Walk/Forward-48_part_6.mp4,1
src/Sim_Vids/Trial_Walk/Walk_Right-8_part_2.mp4,1
src/Sim_Vids/Trial_Walk/Walk_Right-11_part_1.mp4,1
src/Sim_Vids/Trial_Walk/Forward-9_part_3.mp4,1
src/Sim_Vids/Trial_Walk/Forward-41_part_6.mp4,1
src/Sim_Vids/Trial_Walk/Walk_Left-66_part_2.mp4,1
src/Sim_Vids/Trial_Walk/Forward-1_part_5.mp4,1
src/Sim_Vids/Trial_Walk/Walk_Left-25_part_1.mp4,1
src/Sim_Vids/Trial_Walk/Forward-52_part_2.mp4,1
src/Sim_Vids/Trial_Walk/Walk_Left-21_part_1.mp4,1
src/Sim_Vids/Trial_Walk/Walk_Right-77_part_3.mp4,1
src/Sim_Vids/Trial_Walk/Walk_Right-22_part_2.mp4,1
src/Sim_Vids/Trial_Walk/Forward-30_part_6.mp4,1
src/Sim_Vids/Trial_Walk/Forward-17_part_1.mp4,1
src/Sim_Vids/Trial_Walk/Walk_Left-78_part_2.mp4,1
src/Sim_Vids/Trial_Walk/Walk_Right-53_part_2.mp4,1
src/Sim_Vids/Trial_Walk/Forward-42_part_5.mp4,1
src/Sim_Vids/Trial_Walk/Walk_Left-9_part_3.mp4,1
src/Sim_Vids/Trial_Walk/Walk_Left-90_part_1.mp4,1
src/Sim_Vids/Trial_Walk/Walk_Left-50_part_1.mp4,1
src/Sim_Vids/Trial_Walk/Walk_Right-22_part_1.mp4,1
src/Sim_Vids/Trial_Walk/Walk_Left-8_part_2.mp4,1
src/Sim_Vids/Trial_Walk/Walk_Right-50_part_2.mp4,1
src/Sim_Vids/Trial_Walk/Forward-5_part_2.mp4,1
src/Sim_Vids/Trial_Walk/Walk_Left-25_part_3.mp4,1
src/Sim_Vids/Trial_Walk/Walk_Left-20_part_3.mp4,1
src/Sim_Vids/Trial_Walk/Walk_Left-55_part_2.mp4,1
src/Sim_Vids/Trial_Walk/Walk_Left-31_part_2.mp4,1
src/Sim_Vids/Trial_Walk/clip_0008_part_2.mp4,1
src/Sim_Vids/Trial_Walk/Walk_Right-53_part_8.mp4,1
src/Sim_Vids/Trial_Walk/Forward-29_part_8.mp4,1
src/Sim_Vids/Trial_Walk/Walk_Left-105_part_3.mp4,1
src/Sim_Vids/Trial_Walk/Forward-13_part_5.mp4,1
src/Sim_Vids/Trial_Walk/Forward-30_part_3.mp4,1
src/Sim_Vids/Trial_Walk/Walk_Left-94_part_1.mp4,1
src/Sim_Vids/Trial_Walk/Walk_Right-42_part_1.mp4,1
src/Sim_Vids/Trial_Walk/Forward-53_part_5.mp4,1
src/Sim_Vids/Trial_Walk/Walk_Left-53_part_4.mp4,1
src/Sim_Vids/Trial_Walk/Walk_Left-22_part_1.mp4,1
src/Sim_Vids/Trial_Walk/Walk_Right-53_part_3.mp4,1
src/Sim_Vids/Trial_Walk/Forward-38_part_7.mp4,1
src/Sim_Vids/Trial_Walk/Walk_Right-29_part_1.mp4,1
src/Sim_Vids/Trial_Walk/Walk_Left-43_part_1.mp4,1
src/Sim_Vids/Trial_Walk/Walk_Left-61_part_1.mp4,1
src/Sim_Vids/Trial_Walk/Forward-13_part_3.mp4,1
src/Sim_Vids/Trial_Walk/Walk_Left-106_part_1.mp4,1
src/Sim_Vids/Trial_Walk/Walk_Left-65_part_2.mp4,1
src/Sim_Vids/Trial_Walk/Forward-30_part_5.mp4,1
src/Sim_Vids/Trial_Walk/Walk_Left-84_part_2.mp4,1
src/Sim_Vids/Trial_Walk/Forward-5_part_1.mp4,1
src/Sim_Vids/Trial_Walk/Walk_Right-49_part_2.mp4,1
src/Sim_Vids/Trial_Walk/Forward-46_part_5.mp4,1
src/Sim_Vids/Trial_Walk/Walk_Left-59_part_1.mp4,1
src/Sim_Vids/Trial_Walk/Forward-24_part_3.mp4,1
src/Sim_Vids/Trial_Walk/Forward-26_part_3.mp4,1
src/Sim_Vids/Trial_Walk/Forward-44_part_2.mp4,1
src/Sim_Vids/Trial_Walk/Walk_Left-82_part_2.mp4,1
src/Sim_Vids/Trial_Walk/Walk_Right-33_part_2.mp4,1
src/Sim_Vids/Trial_Walk/Walk_Right-5_part_3.mp4,1
src/Sim_Vids/Trial_Walk/Walk_Left-23_part_2.mp4,1
src/Sim_Vids/Trial_Walk/Forward-40_part_4.mp4,1
src/Sim_Vids/Trial_Walk/Forward-50_part_3.mp4,1
src/Sim_Vids/Trial_Walk/Walk_Right-53_part_4.mp4,1
src/Sim_Vids/Trial_Walk/Forward-21_part_6.mp4,1
src/Sim_Vids/Trial_Walk/Walk_Left-19_part_1.mp4,1
src/Sim_Vids/Trial_Walk/Walk_Right-26_part_3.mp4,1
src/Sim_Vids/Trial_Walk/Walk_Right-41_part_1.mp4,1
src/Sim_Vids/Trial_Walk/Forward-46_part_3.mp4,1
src/Sim_Vids/Trial_Walk/Forward-12_part_8.mp4,1
src/Sim_Vids/Trial_Walk/Forward-28_part_5.mp4,1
src/Sim_Vids/Trial_Walk/Walk_Right-70_part_3.mp4,1
src/Sim_Vids/Trial_Walk/Walk_Right-63_part_2.mp4,1
src/Sim_Vids/Trial_Walk/Walk_Left-93_part_2.mp4,1
src/Sim_Vids/Trial_Walk/Walk_Right-73_part_4.mp4,1
src/Sim_Vids/Trial_Walk/Walk_Right-68_part_3.mp4,1
src/Sim_Vids/Trial_Walk/Forward-4_part_5.mp4,1
src/Sim_Vids/Trial_Walk/Forward-29_part_9.mp4,1
src/Sim_Vids/Trial_Walk/Forward-1_part_3.mp4,1
src/Sim_Vids/Trial_Walk/Walk_Right-38_part_2.mp4,1
src/Sim_Vids/Trial_Walk/clip_0002_part_5.mp4,1
src/Sim_Vids/Trial_Walk/Forward-4_part_3.mp4,1
src/Sim_Vids/Trial_Walk/Walk_Left-22_part_2.mp4,1
src/Sim_Vids/Trial_Walk/Walk_Left-37_part_2.mp4,1
src/Sim_Vids/Trial_Walk/Forward-29_part_7.mp4,1
src/Sim_Vids/Trial_Walk/Walk_Left-84_part_1.mp4,1
src/Sim_Vids/Trial_Walk/Walk_Right-65_part_1.mp4,1
src/Sim_Vids/Big_Trial3_Class/Driving/clip_0028.mp4,2
src/Sim_Vids/Big_Trial3_Class/Driving/clip_0072.mp4,2
src/Sim_Vids/Big_Trial3_Class/Driving/clip_0088.mp4,2
src/Sim_Vids/Big_Trial3_Class/Driving/clip_0077.mp4,2
src/Sim_Vids/Big_Trial3_Class/Driving/clip_0062.mp4,2
src/Sim_Vids/Big_Trial3_Class/Driving/clip_0120.mp4,2
src/Sim_Vids/Big_Trial3_Class/Driving/clip_0035.mp4,2
src/Sim_Vids/Big_Trial3_Class/Driving/clip_0050.mp4,2
src/Sim_Vids/Big_Trial3_Class/Driving/clip_0112.mp4,2
src/Sim_Vids/Big_Trial3_Class/Driving/clip_0092.mp4,2
src/Sim_Vids/Big_Trial3_Class/Driving/clip_0122.mp4,2
src/Sim_Vids/Big_Trial3_Class/Driving/clip_0114.mp4,2
src/Sim_Vids/Big_Trial3_Class/Driving/clip_0058.mp4,2
src/Sim_Vids/Big_Trial3_Class/Driving/clip_0086.mp4,2
src/Sim_Vids/Big_Trial3_Class/Driving/clip_0181.mp4,2
src/Sim_Vids/Big_Trial3_Class/Driving/clip_0010.mp4,2
src/Sim_Vids/Big_Trial3_Class/Driving/clip_0158.mp4,2
src/Sim_Vids/Big_Trial3_Class/Driving/clip_0060.mp4,2
src/Sim_Vids/Big_Trial3_Class/Driving/clip_0040.mp4,2
src/Sim_Vids/Big_Trial3_Class/Driving/clip_0145.mp4,2
src/Sim_Vids/Big_Trial3_Class/Driving/clip_0135.mp4,2
src/Sim_Vids/Big_Trial3_Class/Driving/clip_0004.mp4,2
src/Sim_Vids/Big_Trial3_Class/Driving/clip_0183.mp4,2
src/Sim_Vids/Big_Trial3_Class/Driving/clip_0184.mp4,2
src/Sim_Vids/Big_Trial3_Class/Driving/clip_0117.mp4,2
src/Sim_Vids/Big_Trial3_Class/Driving/clip_0007.mp4,2
src/Sim_Vids/Big_Trial3_Class/Driving/clip_0083.mp4,2
src/Sim_Vids/Big_Trial3_Class/Driving/clip_0116.mp4,2
src/Sim_Vids/Big_Trial3_Class/Driving/clip_0015.mp4,2
src/Sim_Vids/Big_Trial3_Class/Driving/clip_0013.mp4,2
src/Sim_Vids/Big_Trial3_Class/Driving/clip_0098.mp4,2
src/Sim_Vids/Big_Trial3_Class/Driving/clip_0090.mp4,2
src/Sim_Vids/Big_Trial3_Class/Driving/clip_0198.mp4,2
src/Sim_Vids/Big_Trial3_Class/Driving/clip_0148.mp4,2
src/Sim_Vids/Big_Trial3_Class/Driving/clip_0109.mp4,2
src/Sim_Vids/Big_Trial3_Class/Driving/clip_0034.mp4,2
src/Sim_Vids/Big_Trial3_Class/Driving/clip_0151.mp4,2
src/Sim_Vids/Big_Trial3_Class/Driving/clip_0016.mp4,2
src/Sim_Vids/Big_Trial3_Class/Driving/clip_0161.mp4,2
src/Sim_Vids/Big_Trial3_Class/Driving/clip_0003.mp4,2
src/Sim_Vids/Big_Trial3_Class/Driving/clip_0048.mp4,2
src/Sim_Vids/Big_Trial3_Class/Driving/clip_0063.mp4,2
src/Sim_Vids/Big_Trial3_Class/Driving/clip_0144.mp4,2
src/Sim_Vids/Big_Trial3_Class/Driving/clip_0017.mp4,2
src/Sim_Vids/Big_Trial3_Class/Driving/clip_0097.mp4,2
src/Sim_Vids/Big_Trial3_Class/Driving/clip_0082.mp4,2
src/Sim_Vids/Big_Trial3_Class/Driving/clip_0134.mp4,2
src/Sim_Vids/Big_Trial3_Class/Driving/clip_0149.mp4,2
src/Sim_Vids/Big_Trial3_Class/Driving/clip_0093.mp4,2
src/Sim_Vids/Big_Trial3_Class/Driving/clip_0031.mp4,2
src/Sim_Vids/Big_Trial3_Class/Driving/clip_0131.mp4,2
src/Sim_Vids/Big_Trial3_Class/Driving/clip_0047.mp4,2
src/Sim_Vids/Big_Trial3_Class/Driving/clip_0094.mp4,2
src/Sim_Vids/Big_Trial3_Class/Driving/clip_0059.mp4,2
src/Sim_Vids/Big_Trial3_Class/Driving/clip_0091.mp4,2
src/Sim_Vids/Big_Trial3_Class/Driving/clip_0146.mp4,2
src/Sim_Vids/Big_Trial3_Class/Driving/clip_0137.mp4,2
src/Sim_Vids/Big_Trial3_Class/Driving/clip_0107.mp4,2
src/Sim_Vids/Big_Trial3_Class/Driving/clip_0166.mp4,2
src/Sim_Vids/Big_Trial3_Class/Driving/clip_0154.mp4,2
src/Sim_Vids/Big_Trial3_Class/Driving/clip_0079.mp4,2
src/Sim_Vids/Big_Trial3_Class/Driving/clip_0174.mp4,2
src/Sim_Vids/Big_Trial3_Class/Driving/clip_0012.mp4,2
src/Sim_Vids/Big_Trial3_Class/Driving/clip_0071.mp4,2
src/Sim_Vids/Big_Trial3_Class/Driving/clip_0069.mp4,2
src/Sim_Vids/Big_Trial3_Class/Driving/clip_0029.mp4,2
src/Sim_Vids/Big_Trial3_Class/Driving/clip_0005.mp4,2
src/Sim_Vids/Big_Trial3_Class/Driving/clip_0073.mp4,2
src/Sim_Vids/Big_Trial3_Class/Driving/clip_0022.mp4,2
src/Sim_Vids/Big_Trial3_Class/Driving/clip_0076.mp4,2
src/Sim_Vids/Big_Trial3_Class/Driving/clip_0128.mp4,2
src/Sim_Vids/Big_Trial3_Class/Driving/clip_0101.mp4,2
src/Sim_Vids/Big_Trial3_Class/Driving/clip_0142.mp4,2
src/Sim_Vids/Big_Trial3_Class/Driving/clip_0002.mp4,2
src/Sim_Vids/Big_Trial3_Class/Driving/clip_0046.mp4,2
src/Sim_Vids/Big_Trial3_Class/Driving/clip_0138.mp4,2
src/Sim_Vids/Big_Trial3_Class/Driving/clip_0087.mp4,2
src/Sim_Vids/Big_Trial3_Class/Driving/clip_0075.mp4,2
src/Sim_Vids/Big_Trial3_Class/Driving/clip_0033.mp4,2
src/Sim_Vids/Big_Trial3_Class/Driving/clip_0065.mp4,2
src/Sim_Vids/Big_Trial3_Class/Driving/clip_0140.mp4,2
src/Sim_Vids/Big_Trial3_Class/Driving/clip_0051.mp4,2
src/Sim_Vids/Big_Trial3_Class/Driving/clip_0055.mp4,2
src/Sim_Vids/Big_Trial3_Class/Driving/clip_0123.mp4,2
src/Sim_Vids/Big_Trial3_Class/Driving/clip_0102.mp4,2
src/Sim_Vids/Big_Trial3_Class/Driving/clip_0124.mp4,2
src/Sim_Vids/Big_Trial3_Class/Driving/clip_0032.mp4,2
src/Sim_Vids/Big_Trial3_Class/Driving/clip_0110.mp4,2
src/Sim_Vids/Big_Trial3_Class/Driving/clip_0106.mp4,2
src/Sim_Vids/Big_Trial3_Class/Driving/clip_0009.mp4,2
src/Sim_Vids/Big_Trial3_Class/Driving/clip_0000.mp4,2
src/Sim_Vids/Big_Trial3_Class/Driving/clip_0139.mp4,2
src/Sim_Vids/Big_Trial3_Class/Driving/clip_0054.mp4,2
src/Sim_Vids/Big_Trial3_Class/Driving/clip_0074.mp4,2
src/Sim_Vids/Big_Trial3_Class/Driving/clip_0057.mp4,2
src/Sim_Vids/Big_Trial3_Class/Driving/clip_0056.mp4,2
src/Sim_Vids/Big_Trial3_Class/Driving/clip_0115.mp4,2
src/Sim_Vids/Big_Trial3_Class/Driving/clip_0130.mp4,2
src/Sim_Vids/Big_Trial3_Class/Driving/clip_0133.mp4,2
src/Sim_Vids/Big_Trial3_Class/Driving/clip_0025.mp4,2
src/Sim_Vids/Big_Trial3_Class/Driving/clip_0095.mp4,2
src/Sim_Vids/Big_Trial3_Class/Driving/clip_0089.mp4,2
src/Sim_Vids/Big_Trial3_Class/Driving/clip_0081.mp4,2
src/Sim_Vids/Big_Trial3_Class/Driving/clip_0085.mp4,2
src/Sim_Vids/Big_Trial3_Class/Driving/clip_0111.mp4,2
src/Sim_Vids/Big_Trial3_Class/Driving/clip_0041.mp4,2
src/Sim_Vids/Big_Trial3_Class/Driving/clip_0043.mp4,2
src/Sim_Vids/Big_Trial3_Class/Driving/clip_0127.mp4,2
src/Sim_Vids/Big_Trial3_Class/Driving/clip_0113.mp4,2
src/Sim_Vids/Big_Trial3_Class/Driving/clip_0141.mp4,2
src/Sim_Vids/Big_Trial3_Class/Driving/clip_0118.mp4,2
src/Sim_Vids/Big_Trial3_Class/Driving/clip_0099.mp4,2
src/Sim_Vids/Big_Trial3_Class/Driving/clip_0037.mp4,2
src/Sim_Vids/Big_Trial3_Class/Driving/clip_0053.mp4,2
src/Sim_Vids/Big_Trial3_Class/Driving/clip_0078.mp4,2
src/Sim_Vids/Big_Trial3_Class/Driving/clip_0021.mp4,2
src/Sim_Vids/Big_Trial3_Class/Driving/clip_0023.mp4,2
src/Sim_Vids/Big_Trial3_Class/Driving/clip_0061.mp4,2
src/Sim_Vids/Big_Trial3_Class/Driving/clip_0038.mp4,2
src/Sim_Vids/Big_Trial3_Class/Driving/clip_0125.mp4,2
src/Sim_Vids/Big_Trial3_Class/Driving/clip_0024.mp4,2
src/Sim_Vids/Big_Trial3_Class/Driving/clip_0052.mp4,2
src/Sim_Vids/Big_Trial3_Class/Driving/clip_0049.mp4,2
src/Sim_Vids/Big_Trial3_Class/Driving/clip_0019.mp4,2
src/Sim_Vids/Big_Trial3_Class/Driving/clip_0011.mp4,2
src/Sim_Vids/Big_Trial3_Class/Driving/clip_0001.mp4,2
src/Sim_Vids/Big_Trial3_Class/Driving/clip_0018.mp4,2
src/Sim_Vids/Big_Trial3_Class/Driving/clip_0030.mp4,2
src/Sim_Vids/Big_Trial3_Class/Driving/clip_0064.mp4,2
src/Sim_Vids/Big_Trial3_Class/Driving/clip_0084.mp4,2
src/Sim_Vids/Big_Trial3_Class/Driving/clip_0103.mp4,2
src/Sim_Vids/Big_Trial3_Class/Driving/clip_0006.mp4,2
src/Sim_Vids/Big_Trial3_Class/Driving/clip_0036.mp4,2
src/Sim_Vids/Big_Trial3_Class/Driving/clip_0119.mp4,2
src/Sim_Vids/Big_Trial3_Class/Driving/clip_0096.mp4,2
src/Sim_Vids/Big_Trial3_Class/Driving/clip_0070.mp4,2
src/Sim_Vids/Big_Trial3_Class/Driving/clip_0020.mp4,2
src/Sim_Vids/Big_Trial3_Class/Driving/clip_0129.mp4,2
src/Sim_Vids/Big_Trial3_Class/Driving/clip_0067.mp4,2
src/Sim_Vids/Big_Trial3_Class/Driving/clip_0042.mp4,2
src/Sim_Vids/Big_Trial3_Class/Driving/clip_0027.mp4,2
src/Sim_Vids/Big_Trial3_Class/Driving/clip_0066.mp4,2
src/Sim_Vids/Big_Trial3_Class/Driving/clip_0044.mp4,2
src/Sim_Vids/Big_Trial3_Class/Driving/clip_0014.mp4,2
src/Sim_Vids/Big_Trial3_Class/Driving/clip_0136.mp4,2
src/Sim_Vids/Big_Trial3_Class/Driving/clip_0008.mp4,2
src/Sim_Vids/Big_Trial3_Class/Driving/clip_0068.mp4,2
src/Sim_Vids/Big_Trial3_Class/Driving/clip_0039.mp4,2
src/Sim_Vids/Big_Trial3_Class/Driving/clip_0080.mp4,2
src/Sim_Vids/Big_Trial3_Class/Driving/clip_0026.mp4,2
src/Sim_Vids/Big_Trial3_Class/Driving/clip_0104.mp4,2
src/Sim_Vids/Big_Trial3_Class/Driving/clip_0126.mp4,2
src/Sim_Vids/Big_Trial3_Class/Driving/clip_0108.mp4,2
src/Sim_Vids/Big_Trial3_Class/Driving/clip_0045.mp4,2
src/Sim_Vids/Big_Trial3_Class/Driving/clip_0100.mp4,2
src/Sim_Vids/Big_Trial3_Class/Driving/clip_0132.mp4,2
src/Sim_Vids/Big_Trial3_Class/Driving/clip_0143.mp4,2
src/Sim_Vids/Big_Trial3_Class/Trial_Fixing/Fix-17_part_6.mp4,3
src/Sim_Vids/Big_Trial3_Class/Trial_Fixing/Fix-22_part_6.mp4,3
src/Sim_Vids/Big_Trial3_Class/Trial_Fixing/Fix-1_part_1.mp4,3
src/Sim_Vids/Big_Trial3_Class/Trial_Fixing/Fix-25_part_10.mp4,3
src/Sim_Vids/Big_Trial3_Class/Trial_Fixing/Fix-2_part_4.mp4,3
src/Sim_Vids/Big_Trial3_Class/Trial_Fixing/Fix-19_part_9.mp4,3
src/Sim_Vids/Big_Trial3_Class/Trial_Fixing/Fix-27_part_2.mp4,3
src/Sim_Vids/Big_Trial3_Class/Trial_Fixing/Fix-15_part_3.mp4,3
src/Sim_Vids/Big_Trial3_Class/Trial_Fixing/Fix-22_part_10.mp4,3
src/Sim_Vids/Big_Trial3_Class/Trial_Fixing/Fix-15_part_10.mp4,3
src/Sim_Vids/Big_Trial3_Class/Trial_Fixing/Fix-25_part_11.mp4,3
src/Sim_Vids/Big_Trial3_Class/Trial_Fixing/Fix-13_part_10.mp4,3
src/Sim_Vids/Big_Trial3_Class/Trial_Fixing/Fix-13_part_3.mp4,3
src/Sim_Vids/Big_Trial3_Class/Trial_Fixing/Fix-27_part_3.mp4,3
src/Sim_Vids/Big_Trial3_Class/Trial_Fixing/Fix-20_part_5.mp4,3
src/Sim_Vids/Big_Trial3_Class/Trial_Fixing/Fix-24_part_1.mp4,3
src/Sim_Vids/Big_Trial3_Class/Trial_Fixing/Fix-8_part_1.mp4,3
src/Sim_Vids/Big_Trial3_Class/Trial_Fixing/Fix-23_part_1.mp4,3
src/Sim_Vids/Big_Trial3_Class/Trial_Fixing/Fix-24_part_4.mp4,3
src/Sim_Vids/Big_Trial3_Class/Trial_Fixing/Fix-23_part_2.mp4,3
src/Sim_Vids/Big_Trial3_Class/Trial_Fixing/Fix-22_part_5.mp4,3
src/Sim_Vids/Big_Trial3_Class/Trial_Fixing/Fix-16_part_11.mp4,3
src/Sim_Vids/Big_Trial3_Class/Trial_Fixing/Fix-19_part_4.mp4,3
src/Sim_Vids/Big_Trial3_Class/Trial_Fixing/Fix-14_part_1.mp4,3
src/Sim_Vids/Big_Trial3_Class/Trial_Fixing/Fix-17_part_8.mp4,3
src/Sim_Vids/Big_Trial3_Class/Trial_Fixing/Fix-6_part_7.mp4,3
src/Sim_Vids/Big_Trial3_Class/Trial_Fixing/Fix-18_part_3.mp4,3
src/Sim_Vids/Big_Trial3_Class/Trial_Fixing/Fix-7_part_7.mp4,3
src/Sim_Vids/Big_Trial3_Class/Trial_Fixing/Fix-23_part_5.mp4,3
src/Sim_Vids/Big_Trial3_Class/Trial_Fixing/Fix-25_part_4.mp4,3
src/Sim_Vids/Big_Trial3_Class/Trial_Fixing/Fix-1_part_8.mp4,3
src/Sim_Vids/Big_Trial3_Class/Trial_Fixing/Fix-7_part_8.mp4,3
src/Sim_Vids/Big_Trial3_Class/Trial_Fixing/Fix-23_part_4.mp4,3
src/Sim_Vids/Big_Trial3_Class/Trial_Fixing/Fix-18_part_5.mp4,3
src/Sim_Vids/Big_Trial3_Class/Trial_Fixing/Fix-14_part_3.mp4,3
src/Sim_Vids/Big_Trial3_Class/Trial_Fixing/Fix-21_part_2.mp4,3
src/Sim_Vids/Big_Trial3_Class/Trial_Fixing/Fix-3_part_8.mp4,3
src/Sim_Vids/Big_Trial3_Class/Trial_Fixing/Fix-25_part_13.mp4,3
src/Sim_Vids/Big_Trial3_Class/Trial_Fixing/Fix-1_part_3.mp4,3
src/Sim_Vids/Big_Trial3_Class/Trial_Fixing/Fix-26_part_14.mp4,3
src/Sim_Vids/Big_Trial3_Class/Trial_Fixing/Fix-6_part_1.mp4,3
src/Sim_Vids/Big_Trial3_Class/Trial_Fixing/Fix-7_part_6.mp4,3
src/Sim_Vids/Big_Trial3_Class/Trial_Fixing/Fix-20_part_6.mp4,3
src/Sim_Vids/Big_Trial3_Class/Trial_Fixing/Fix-25_part_3.mp4,3
src/Sim_Vids/Big_Trial3_Class/Trial_Fixing/Fix-17_part_7.mp4,3
src/Sim_Vids/Big_Trial3_Class/Trial_Fixing/Fix-14_part_10.mp4,3
src/Sim_Vids/Big_Trial3_Class/Trial_Fixing/Fix-4_part_3.mp4,3
src/Sim_Vids/Big_Trial3_Class/Trial_Fixing/Fix-24_part_9.mp4,3
src/Sim_Vids/Big_Trial3_Class/Trial_Fixing/Fix-26_part_15.mp4,3
src/Sim_Vids/Big_Trial3_Class/Trial_Fixing/Fix-10_part_9.mp4,3
src/Sim_Vids/Big_Trial3_Class/Trial_Fixing/Fix-22_part_2.mp4,3
src/Sim_Vids/Big_Trial3_Class/Trial_Fixing/Fix-3_part_6.mp4,3
src/Sim_Vids/Big_Trial3_Class/Trial_Fixing/Fix-8_part_6.mp4,3
src/Sim_Vids/Big_Trial3_Class/Trial_Fixing/Fix-11_part_2.mp4,3
src/Sim_Vids/Big_Trial3_Class/Trial_Fixing/Fix-4_part_2.mp4,3
src/Sim_Vids/Big_Trial3_Class/Trial_Fixing/Fix-10_part_4.mp4,3
src/Sim_Vids/Big_Trial3_Class/Trial_Fixing/Fix-10_part_3.mp4,3
src/Sim_Vids/Big_Trial3_Class/Trial_Fixing/Fix-13_part_4.mp4,3
src/Sim_Vids/Big_Trial3_Class/Trial_Fixing/Fix-26_part_11.mp4,3
src/Sim_Vids/Big_Trial3_Class/Trial_Fixing/Fix-2_part_9.mp4,3
src/Sim_Vids/Big_Trial3_Class/Trial_Fixing/Fix-9_part_11.mp4,3
src/Sim_Vids/Big_Trial3_Class/Trial_Fixing/Fix-19_part_1.mp4,3
src/Sim_Vids/Big_Trial3_Class/Trial_Fixing/Fix-11_part_8.mp4,3
src/Sim_Vids/Big_Trial3_Class/Trial_Fixing/Fix-19_part_6.mp4,3
src/Sim_Vids/Big_Trial3_Class/Trial_Fixing/Fix-27_part_8.mp4,3
src/Sim_Vids/Big_Trial3_Class/Trial_Fixing/Fix-10_part_5.mp4,3
src/Sim_Vids/Big_Trial3_Class/Trial_Fixing/Fix-4_part_8.mp4,3
src/Sim_Vids/Big_Trial3_Class/Trial_Fixing/Fix-12_part_2.mp4,3
src/Sim_Vids/Big_Trial3_Class/Trial_Fixing/Fix-6_part_10.mp4,3
src/Sim_Vids/Big_Trial3_Class/Trial_Fixing/Fix-5_part_3.mp4,3
src/Sim_Vids/Big_Trial3_Class/Trial_Fixing/Fix-24_part_8.mp4,3
src/Sim_Vids/Big_Trial3_Class/Trial_Fixing/Fix-14_part_9.mp4,3
src/Sim_Vids/Big_Trial3_Class/Trial_Fixing/Fix-10_part_8.mp4,3
src/Sim_Vids/Big_Trial3_Class/Trial_Fixing/Fix-8_part_11.mp4,3
src/Sim_Vids/Big_Trial3_Class/Trial_Fixing/Fix-19_part_2.mp4,3
src/Sim_Vids/Big_Trial3_Class/Trial_Fixing/Fix-9_part_1.mp4,3
src/Sim_Vids/Big_Trial3_Class/Trial_Fixing/Fix-5_part_1.mp4,3
src/Sim_Vids/Big_Trial3_Class/Trial_Fixing/Fix-5_part_4.mp4,3
src/Sim_Vids/Big_Trial3_Class/Trial_Fixing/Fix-1_part_5.mp4,3
src/Sim_Vids/Big_Trial3_Class/Trial_Fixing/Fix-4_part_10.mp4,3
src/Sim_Vids/Big_Trial3_Class/Trial_Fixing/Fix-14_part_8.mp4,3
src/Sim_Vids/Big_Trial3_Class/Trial_Fixing/Fix-13_part_7.mp4,3
src/Sim_Vids/Big_Trial3_Class/Trial_Fixing/Fix-25_part_1.mp4,3
src/Sim_Vids/Big_Trial3_Class/Trial_Fixing/Fix-26_part_8.mp4,3
src/Sim_Vids/Big_Trial3_Class/Trial_Fixing/Fix-6_part_2.mp4,3
src/Sim_Vids/Big_Trial3_Class/Trial_Fixing/Fix-4_part_1.mp4,3
src/Sim_Vids/Big_Trial3_Class/Trial_Fixing/Fix-26_part_6.mp4,3
src/Sim_Vids/Big_Trial3_Class/Trial_Fixing/Fix-10_part_2.mp4,3
src/Sim_Vids/Big_Trial3_Class/Trial_Fixing/Fix-5_part_9.mp4,3
src/Sim_Vids/Big_Trial3_Class/Trial_Fixing/Fix-3_part_2.mp4,3
src/Sim_Vids/Big_Trial3_Class/Trial_Fixing/Fix-22_part_9.mp4,3
src/Sim_Vids/Big_Trial3_Class/Trial_Fixing/Fix-25_part_9.mp4,3
src/Sim_Vids/Big_Trial3_Class/Trial_Fixing/Fix-25_part_5.mp4,3
src/Sim_Vids/Big_Trial3_Class/Trial_Fixing/Fix-14_part_5.mp4,3
src/Sim_Vids/Big_Trial3_Class/Trial_Fixing/Fix-27_part_11.mp4,3
src/Sim_Vids/Big_Trial3_Class/Trial_Fixing/Fix-5_part_5.mp4,3
src/Sim_Vids/Big_Trial3_Class/Trial_Fixing/Fix-15_part_2.mp4,3
src/Sim_Vids/Big_Trial3_Class/Trial_Fixing/Fix-9_part_6.mp4,3
src/Sim_Vids/Big_Trial3_Class/Trial_Fixing/Fix-26_part_10.mp4,3
src/Sim_Vids/Big_Trial3_Class/Trial_Fixing/Fix-27_part_6.mp4,3
src/Sim_Vids/Big_Trial3_Class/Trial_Fixing/Fix-23_part_3.mp4,3
src/Sim_Vids/Big_Trial3_Class/Trial_Fixing/Fix-3_part_9.mp4,3
src/Sim_Vids/Big_Trial3_Class/Trial_Fixing/Fix-10_part_7.mp4,3
src/Sim_Vids/Big_Trial3_Class/Trial_Fixing/Fix-12_part_1.mp4,3
src/Sim_Vids/Big_Trial3_Class/Trial_Fixing/Fix-18_part_7.mp4,3
src/Sim_Vids/Big_Trial3_Class/Trial_Fixing/Fix-17_part_9.mp4,3
src/Sim_Vids/Big_Trial3_Class/Trial_Fixing/Fix-12_part_9.mp4,3
src/Sim_Vids/Big_Trial3_Class/Trial_Fixing/Fix-27_part_7.mp4,3
src/Sim_Vids/Big_Trial3_Class/Trial_Fixing/Fix-12_part_11.mp4,3
src/Sim_Vids/Big_Trial3_Class/Trial_Fixing/Fix-10_part_6.mp4,3
src/Sim_Vids/Big_Trial3_Class/Trial_Fixing/Fix-9_part_4.mp4,3
src/Sim_Vids/Big_Trial3_Class/Trial_Fixing/Fix-22_part_11.mp4,3
src/Sim_Vids/Big_Trial3_Class/Trial_Fixing/Fix-26_part_13.mp4,3
src/Sim_Vids/Big_Trial3_Class/Trial_Fixing/Fix-27_part_14.mp4,3
src/Sim_Vids/Big_Trial3_Class/Trial_Fixing/Fix-27_part_9.mp4,3
src/Sim_Vids/Big_Trial3_Class/Trial_Fixing/Fix-15_part_9.mp4,3
src/Sim_Vids/Big_Trial3_Class/Trial_Fixing/Fix-23_part_9.mp4,3
src/Sim_Vids/Big_Trial3_Class/Trial_Fixing/Fix-6_part_8.mp4,3
src/Sim_Vids/Big_Trial3_Class/Trial_Fixing/Fix-9_part_2.mp4,3
src/Sim_Vids/Big_Trial3_Class/Trial_Fixing/Fix-16_part_2.mp4,3
src/Sim_Vids/Big_Trial3_Class/Trial_Fixing/Fix-9_part_9.mp4,3
src/Sim_Vids/Big_Trial3_Class/Trial_Fixing/Fix-6_part_4.mp4,3
src/Sim_Vids/Big_Trial3_Class/Trial_Fixing/Fix-7_part_4.mp4,3
src/Sim_Vids/Big_Trial3_Class/Trial_Fixing/Fix-6_part_9.mp4,3
src/Sim_Vids/Big_Trial3_Class/Trial_Fixing/Fix-9_part_10.mp4,3
src/Sim_Vids/Big_Trial3_Class/Trial_Fixing/Fix-26_part_3.mp4,3
src/Sim_Vids/Big_Trial3_Class/Trial_Fixing/Fix-27_part_12.mp4,3
src/Sim_Vids/Big_Trial3_Class/Trial_Fixing/Fix-12_part_3.mp4,3
src/Sim_Vids/Big_Trial3_Class/Trial_Fixing/Fix-14_part_4.mp4,3
src/Sim_Vids/Big_Trial3_Class/Trial_Fixing/Fix-4_part_9.mp4,3
src/Sim_Vids/Big_Trial3_Class/Trial_Fixing/Fix-11_part_4.mp4,3
src/Sim_Vids/Big_Trial3_Class/Trial_Fixing/Fix-27_part_10.mp4,3
src/Sim_Vids/Big_Trial3_Class/Trial_Fixing/Fix-26_part_7.mp4,3
src/Sim_Vids/Big_Trial3_Class/Trial_Fixing/Fix-16_part_4.mp4,3
src/Sim_Vids/Big_Trial3_Class/Trial_Fixing/Fix-8_part_8.mp4,3
src/Sim_Vids/Big_Trial3_Class/Trial_Fixing/Fix-15_part_7.mp4,3
src/Sim_Vids/Big_Trial3_Class/Trial_Fixing/Fix-6_part_6.mp4,3
src/Sim_Vids/Big_Trial3_Class/Trial_Fixing/Fix-23_part_6.mp4,3
src/Sim_Vids/Big_Trial3_Class/Trial_Fixing/Fix-13_part_6.mp4,3
src/Sim_Vids/Big_Trial3_Class/Trial_Fixing/Fix-5_part_6.mp4,3
src/Sim_Vids/Big_Trial3_Class/Trial_Fixing/Fix-12_part_8.mp4,3
src/Sim_Vids/Big_Trial3_Class/Trial_Fixing/Fix-5_part_2.mp4,3
src/Sim_Vids/Big_Trial3_Class/Trial_Fixing/Fix-17_part_2.mp4,3
src/Sim_Vids/Big_Trial3_Class/Trial_Fixing/Fix-20_part_2.mp4,3
src/Sim_Vids/Big_Trial3_Class/Trial_Fixing/Fix-20_part_3.mp4,3
src/Sim_Vids/Big_Trial3_Class/Trial_Fixing/Fix-13_part_5.mp4,3
src/Sim_Vids/Big_Trial3_Class/Trial_Fixing/Fix-17_part_4.mp4,3
src/Sim_Vids/Big_Trial3_Class/Trial_Fixing/Fix-8_part_3.mp4,3
src/Sim_Vids/Big_Trial3_Class/Trial_Fixing/Fix-23_part_8.mp4,3
src/Sim_Vids/Big_Trial3_Class/Trial_Fixing/Fix-12_part_10.mp4,3
src/Sim_Vids/Big_Trial3_Class/Trial_Fixing/Fix-9_part_7.mp4,3
src/Sim_Vids/Big_Trial3_Class/Trial_Fixing/Fix-21_part_3.mp4,3
src/Sim_Vids/Big_Trial3_Class/Trial_Fixing/Fix-24_part_7.mp4,3
src/Sim_Vids/Big_Trial3_Class/Trial_Fixing/Fix-8_part_4.mp4,3
src/Sim_Vids/Big_Trial3_Class/Trial_Fixing/Fix-3_part_1.mp4,3
src/Sim_Vids/Big_Trial3_Class/Trial_Fixing/Fix-2_part_6.mp4,3
src/Sim_Vids/Big_Trial3_Class/Trial_Fixing/Fix-11_part_6.mp4,3
src/Sim_Vids/Big_Trial3_Class/Trial_Fixing/Fix-23_part_7.mp4,3
src/Sim_Vids/Big_Trial3_Class/Trial_Fixing/Fix-15_part_4.mp4,3
src/Sim_Vids/Big_Trial3_Class/Trial_Fixing/Fix-2_part_8.mp4,3
src/Sim_Vids/Big_Trial3_Class/Trial_Fixing/Fix-3_part_5.mp4,3
src/Sim_Vids/Big_Trial3_Class/Trial_Fixing/Fix-20_part_4.mp4,3
src/Sim_Vids/Big_Trial3_Class/Trial_Fixing/Fix-17_part_11.mp4,3
src/Sim_Vids/Big_Trial3_Class/Trial_Fixing/Fix-10_part_11.mp4,3
src/Sim_Vids/Big_Trial3_Class/Trial_Fixing/Fix-26_part_9.mp4,3
src/Sim_Vids/Big_Trial3_Class/Trial_Fixing/Fix-27_part_1.mp4,3
src/Sim_Vids/Big_Trial3_Class/Trial_Fixing/Fix-5_part_7.mp4,3
src/Sim_Vids/Big_Trial3_Class/Trial_Fixing/Fix-19_part_5.mp4,3
src/Sim_Vids/Big_Trial3_Class/Trial_Fixing/Fix-8_part_7.mp4,3
src/Sim_Vids/Big_Trial3_Class/Trial_Fixing/Fix-12_part_5.mp4,3
src/Sim_Vids/Big_Trial3_Class/Trial_Fixing/Fix-26_part_1.mp4,3
src/Sim_Vids/Big_Trial3_Class/Trial_Fixing/Fix-9_part_8.mp4,3
src/Sim_Vids/Big_Trial3_Class/Trial_Fixing/Fix-27_part_5.mp4,3
src/Sim_Vids/Big_Trial3_Class/Trial_Fixing/Fix-16_part_8.mp4,3
src/Sim_Vids/Big_Trial3_Class/Trial_Fixing/Fix-2_part_1.mp4,3
src/Sim_Vids/Big_Trial3_Class/Trial_Fixing/Fix-4_part_4.mp4,3
src/Sim_Vids/Big_Trial3_Class/Trial_Fixing/Fix-2_part_5.mp4,3
src/Sim_Vids/Big_Trial3_Class/Trial_Fixing/Fix-2_part_2.mp4,3
src/Sim_Vids/Big_Trial3_Class/Trial_Fixing/Fix-18_part_6.mp4,3
src/Sim_Vids/Big_Trial3_Class/Trial_Fixing/Fix-21_part_1.mp4,3
src/Sim_Vids/Big_Trial3_Class/Trial_Fixing/Fix-22_part_7.mp4,3
src/Sim_Vids/Big_Trial3_Class/Trial_Fixing/Fix-4_part_11.mp4,3
src/Sim_Vids/Big_Trial3_Class/Trial_Fixing/Fix-27_part_13.mp4,3
src/Sim_Vids/Big_Trial3_Class/Trial_Fixing/Fix-1_part_9.mp4,3
src/Sim_Vids/Big_Trial3_Class/Trial_Fixing/Fix-22_part_4.mp4,3
src/Sim_Vids/Big_Trial3_Class/Trial_Fixing/Fix-24_part_5.mp4,3
src/Sim_Vids/Big_Trial3_Class/Trial_Fixing/Fix-16_part_1.mp4,3
src/Sim_Vids/Big_Trial3_Class/Trial_Fixing/Fix-1_part_7.mp4,3
src/Sim_Vids/Big_Trial3_Class/Trial_Fixing/Fix-8_part_9.mp4,3
src/Sim_Vids/Big_Trial3_Class/Trial_Fixing/Fix-17_part_5.mp4,3
src/Sim_Vids/Big_Trial3_Class/Trial_Fixing/Fix-12_part_6.mp4,3
src/Sim_Vids/Big_Trial3_Class/Trial_Fixing/Fix-15_part_1.mp4,3
src/Sim_Vids/Big_Trial3_Class/Trial_Fixing/Fix-7_part_2.mp4,3
src/Sim_Vids/Big_Trial3_Class/Trial_Fixing/Fix-14_part_2.mp4,3
src/Sim_Vids/Big_Trial3_Class/Trial_Fixing/Fix-5_part_8.mp4,3
src/Sim_Vids/Big_Trial3_Class/Trial_Fixing/Fix-17_part_10.mp4,3
src/Sim_Vids/Big_Trial3_Class/Trial_Fixing/Fix-3_part_10.mp4,3
src/Sim_Vids/Big_Trial3_Class/Trial_Fixing/Fix-7_part_9.mp4,3
src/Sim_Vids/Big_Trial3_Class/Trial_Fixing/Fix-25_part_8.mp4,3
src/Sim_Vids/Big_Trial3_Class/Trial_Fixing/Fix-26_part_4.mp4,3


















































































































































































































































































































































































































